순번,모펀드,모펀드명,설정해지구분,투자비율,종류형모펀드,종류형모펀드명,종류형자펀드,종류형자펀드명,최종모펀드,종류형모펀드_k,종류형자펀드_l,최종모부재,종류형모부재,종류형자부재,실질최종모펀드,최종모펀드명
1,02X66,한국투자중기채증권모투자신탁(채권),공통,100,04D11,한국투자퇴직연금증권자투자신탁1호(채권)(모),02X77,한국투자퇴직연금증권자투자신탁1호(채권)(C),02X66,04D11,02X77,X,X,X,02X66,한국투자중기채증권모투자신탁(채권)
2,02X66,한국투자중기채증권모투자신탁(채권),,,04D11,,04D36,한국투자퇴직연금증권자투자신탁1호(채권)(C-J),02X66,04D11,04D36,X,X,X,02X66,한국투자중기채증권모투자신탁(채권)
3,02X66,한국투자중기채증권모투자신탁(채권),,,04D11,,05K17,한국투자퇴직연금증권자투자신탁1호(채권)(C-e),02X66,04D11,05K17,X,X,X,02X66,한국투자중기채증권모투자신탁(채권)
4,02X66,한국투자중기채증권모투자신탁(채권),,,04D11,,07P22,한국투자퇴직연금증권자투자신탁1호(채권)(C-I),02X66,04D11,07P22,X,X,X,02X66,한국투자중기채증권모투자신탁(채권)
5,02X66,한국투자중기채증권모투자신탁(채권),설정,60,04D13,한국투자퇴직연금한국의힘40증권자투자신탁1호(채권혼합)(모),04D27,한국투자퇴직연금한국의힘40증권자투자신탁1호(채권혼합)(C-F),02X66,04D13,04D27,X,X,X,02X66,한국투자중기채증권모투자신탁(채권)
6,02X66,한국투자중기채증권모투자신탁(채권),,,04D13,,04Z89,한국투자퇴직연금한국의힘40증권자투자신탁1호(채권혼합)(C),02X66,04D13,04Z89,X,X,X,02X66,한국투자중기채증권모투자신탁(채권)
7,02X66,한국투자중기채증권모투자신탁(채권),,,04D13,,05K10,한국투자퇴직연금한국의힘40증권자투자신탁1호(채권혼합)(C-e),02X66,04D13,05K10,X,X,X,02X66,한국투자중기채증권모투자신탁(채권)
8,02X66,한국투자중기채증권모투자신탁(채권),,,04D13,,05N97,한국투자퇴직연금한국의힘40증권자투자신탁1호(채권혼합)(C-J),02X66,04D13,05N97,X,X,X,02X66,한국투자중기채증권모투자신탁(채권)
9,02X66,한국투자중기채증권모투자신탁(채권),,,04D13,,05Z19,한국투자퇴직연금한국의힘40증권자투자신탁1호(채권혼합)(S-R),02X66,04D13,05Z19,X,X,X,02X66,한국투자중기채증권모투자신탁(채권)
10,02X66,한국투자중기채증권모투자신탁(채권),해지,60,04D13,한국투자퇴직연금한국의힘40증권자투자신탁1호(채권혼합)(모),04D27,한국투자퇴직연금한국의힘40증권자투자신탁1호(채권혼합)(C-F),02X66,04D13,04D27,X,X,X,02X66,한국투자중기채증권모투자신탁(채권)
11,02X66,한국투자중기채증권모투자신탁(채권),,,04D13,,04Z89,한국투자퇴직연금한국의힘40증권자투자신탁1호(채권혼합)(C),02X66,04D13,04Z89,X,X,X,02X66,한국투자중기채증권모투자신탁(채권)
12,02X66,한국투자중기채증권모투자신탁(채권),,,04D13,,05K10,한국투자퇴직연금한국의힘40증권자투자신탁1호(채권혼합)(C-e),02X66,04D13,05K10,X,X,X,02X66,한국투자중기채증권모투자신탁(채권)
13,02X66,한국투자중기채증권모투자신탁(채권),,,04D13,,05N97,한국투자퇴직연금한국의힘40증권자투자신탁1호(채권혼합)(C-J),02X66,04D13,05N97,X,X,X,02X66,한국투자중기채증권모투자신탁(채권)
14,02X66,한국투자중기채증권모투자신탁(채권),,,04D13,,05Z19,한국투자퇴직연금한국의힘40증권자투자신탁1호(채권혼합)(S-R),02X66,04D13,05Z19,X,X,X,02X66,한국투자중기채증권모투자신탁(채권)
15,02X66,한국투자중기채증권모투자신탁(채권),공통,60,04D15,한국투자퇴직연금마이스터40증권자투자신탁1호(채권혼합)(모),04881,한국투자퇴직연금마이스터40증권자투자신탁1호(채권혼합)(C),02X66,04D15,04881,X,X,X,02X66,한국투자중기채증권모투자신탁(채권)
16,02X66,한국투자중기채증권모투자신탁(채권),,,04D15,,04D33,한국투자퇴직연금마이스터40증권자투자신탁1호(채권혼합)(C-F),02X66,04D15,04D33,X,X,X,02X66,한국투자중기채증권모투자신탁(채권)
17,02X66,한국투자중기채증권모투자신탁(채권),,,04D15,,05K16,한국투자퇴직연금마이스터40증권자투자신탁1호(채권혼합)(C-e),02X66,04D15,05K16,X,X,X,02X66,한국투자중기채증권모투자신탁(채권)
18,02X66,한국투자중기채증권모투자신탁(채권),,60.5,04N22,한국투자퇴직연금롱텀밸류40증권자투자신탁1호(채권혼합)(모),03V22,한국투자퇴직연금롱텀밸류40증권자투자신탁1호(채권혼합)(C-J),02X66,04N22,03V22,X,X,X,02X66,한국투자중기채증권모투자신탁(채권)
19,02X66,한국투자중기채증권모투자신탁(채권),,,04N22,,04Z93,한국투자퇴직연금롱텀밸류40증권자투자신탁1호(채권혼합)(C),02X66,04N22,04Z93,X,X,X,02X66,한국투자중기채증권모투자신탁(채권)
20,02X66,한국투자중기채증권모투자신탁(채권),,,04N22,,05K12,한국투자퇴직연금롱텀밸류40증권자투자신탁1호(채권혼합)(C-e),02X66,04N22,05K12,X,X,X,02X66,한국투자중기채증권모투자신탁(채권)
21,02X66,한국투자중기채증권모투자신탁(채권),,,05A98,한국투자퇴직연금중소밸류40증권자투자신탁1호(채권혼합)(모),04Z91,한국투자퇴직연금중소밸류40증권자투자신탁1호(채권혼합)(C),02X66,05A98,04Z91,X,X,X,02X66,한국투자중기채증권모투자신탁(채권)
22,02X66,한국투자중기채증권모투자신탁(채권),,,05A98,,05A99,한국투자퇴직연금중소밸류40증권자투자신탁1호(채권혼합)(C-J),02X66,05A98,05A99,X,X,X,02X66,한국투자중기채증권모투자신탁(채권)
23,02X66,한국투자중기채증권모투자신탁(채권),,,05A98,,05K13,한국투자퇴직연금중소밸류40증권자투자신탁1호(채권혼합)(C-e),02X66,05A98,05K13,X,X,X,02X66,한국투자중기채증권모투자신탁(채권)
24,02X66,한국투자중기채증권모투자신탁(채권),,0,05K08,한국투자퇴직연금KOSPI200인덱스40증권자투자신탁1호(채권혼합)(모),04Z79,한국투자퇴직연금KOSPI200인덱스40증권자투자신탁1호(채권혼합)(C),02X66,05K08,04Z79,X,X,X,02X66,한국투자중기채증권모투자신탁(채권)
25,02X66,한국투자중기채증권모투자신탁(채권),,,05K08,,05K09,한국투자퇴직연금KOSPI200인덱스40증권자투자신탁1호(채권혼합)(C-e),02X66,05K08,05K09,X,X,X,02X66,한국투자중기채증권모투자신탁(채권)
26,02X66,한국투자중기채증권모투자신탁(채권),,95,20108,한국투자퇴직연금엄브렐러LCF증권전환형자투자신탁1호(채권혼합),,,02X66,20108,,X,X,X,02X66,한국투자중기채증권모투자신탁(채권)
27,02X69,한국투자장기채증권모투자신탁(국공채),공통,70.5,04A70,한국투자퇴직연금LCF2010증권자투자신탁1호(채권혼합),,,02X69,04A70,,X,X,X,02X69,한국투자장기채증권모투자신탁(국공채)
28,02X69,한국투자장기채증권모투자신탁(국공채),,,04B56,한국투자퇴직연금LCF2030증권자투자신탁1호(채권혼합),,,02X69,04B56,,X,X,X,02X69,한국투자장기채증권모투자신탁(국공채)
29,02X69,한국투자장기채증권모투자신탁(국공채),,0,04B72,한국투자퇴직연금KOSPI200인덱스40증권자투자신탁3호(채권혼합),,,02X69,04B72,,X,X,X,02X69,한국투자장기채증권모투자신탁(국공채)
30,02X69,한국투자장기채증권모투자신탁(국공채),,,04B83,한국투자퇴직연금LCF2015증권자투자신탁2호(채권혼합),,,02X69,04B83,,X,X,X,02X69,한국투자장기채증권모투자신탁(국공채)
31,02X69,한국투자장기채증권모투자신탁(국공채),,,04B84,한국투자퇴직연금LCF2025증권자투자신탁2호(채권혼합),,,02X69,04B84,,X,X,X,02X69,한국투자장기채증권모투자신탁(국공채)
32,02X69,한국투자장기채증권모투자신탁(국공채),설정,53,04D53,한국투자K-wave소득공제증권전환형자투자신탁(채권혼합)(모),04D54,한국투자K-wave소득공제증권전환형자투자신탁(채권혼합)(C),02X69,04D53,04D54,X,X,X,02X69,한국투자장기채증권모투자신탁(국공채)
33,02X69,한국투자장기채증권모투자신탁(국공채),,,04D53,,04D58,한국투자K-wave소득공제증권전환형자투자신탁(채권혼합)(C-e),02X69,04D53,04D58,X,X,X,02X69,한국투자장기채증권모투자신탁(국공채)
34,02X69,한국투자장기채증권모투자신탁(국공채),,,04D53,,04D67,한국투자K-wave소득공제증권전환형자투자신탁(채권혼합)(S-T),02X69,04D53,04D67,X,X,X,02X69,한국투자장기채증권모투자신탁(국공채)
35,02X69,한국투자장기채증권모투자신탁(국공채),해지,53,04D53,한국투자K-wave소득공제증권전환형자투자신탁(채권혼합)(모),04D54,한국투자K-wave소득공제증권전환형자투자신탁(채권혼합)(C),02X69,04D53,04D54,X,X,X,02X69,한국투자장기채증권모투자신탁(국공채)
36,02X69,한국투자장기채증권모투자신탁(국공채),,,04D53,,04D58,한국투자K-wave소득공제증권전환형자투자신탁(채권혼합)(C-e),02X69,04D53,04D58,X,X,X,02X69,한국투자장기채증권모투자신탁(국공채)
37,02X69,한국투자장기채증권모투자신탁(국공채),,,04D53,,04D67,한국투자K-wave소득공제증권전환형자투자신탁(채권혼합)(S-T),02X69,04D53,04D67,X,X,X,02X69,한국투자장기채증권모투자신탁(국공채)
38,02X69,한국투자장기채증권모투자신탁(국공채),공통,80.5,04Z83,한국투자퇴직연금롱텀밸류20증권자투자신탁3호(채권혼합),,,02X69,04Z83,,X,X,X,02X69,한국투자장기채증권모투자신탁(국공채)
39,02X69,한국투자장기채증권모투자신탁(국공채),,,04Z87,한국투자퇴직연금LCF40-50증권자투자신탁1호(채권혼합),,,02X69,04Z87,,X,X,X,02X69,한국투자장기채증권모투자신탁(국공채)
40,02X69,한국투자장기채증권모투자신탁(국공채),,60.5,04Z90,한국투자퇴직연금LCF2010증권자투자신탁2호(채권혼합),,,02X69,04Z90,,X,X,X,02X69,한국투자장기채증권모투자신탁(국공채)
41,02X69,한국투자장기채증권모투자신탁(국공채),,90.5,04Z92,한국투자퇴직연금LCF50-60증권자투자신탁1호(채권혼합),,,02X69,04Z92,,X,X,X,02X69,한국투자장기채증권모투자신탁(국공채)
42,02X69,한국투자장기채증권모투자신탁(국공채),,70.5,04Z95,한국투자퇴직연금LCF2020증권자투자신탁1호(채권혼합),,,02X69,04Z95,,X,X,X,02X69,한국투자장기채증권모투자신탁(국공채)
43,02X69,한국투자장기채증권모투자신탁(국공채),,64,05A34,한국투자퇴직연금베트남그로스40증권자투자신탁(채권혼합)(모),05A36,한국투자퇴직연금베트남그로스40증권자투자신탁(채권혼합)(C),02X69,05A34,05A36,X,X,X,02X69,한국투자장기채증권모투자신탁(국공채)
44,02X69,한국투자장기채증권모투자신탁(국공채),,,05A34,,05M31,한국투자퇴직연금베트남그로스40증권자투자신탁(채권혼합)(C-e),02X69,05A34,05M31,X,X,X,02X69,한국투자장기채증권모투자신탁(국공채)
45,02X69,한국투자장기채증권모투자신탁(국공채),,,05A34,,05Z18,한국투자퇴직연금베트남그로스40증권자투자신탁(채권혼합)(S-R),02X69,05A34,05Z18,X,X,X,02X69,한국투자장기채증권모투자신탁(국공채)
46,02X69,한국투자장기채증권모투자신탁(국공채),,100,05F90,한국투자장기채증권자투자신탁(국공채)(모),05F91,한국투자장기채증권자투자신탁(국공채)(C-R),02X69,05F90,05F91,X,X,X,02X69,한국투자장기채증권모투자신탁(국공채)
47,02X69,한국투자장기채증권모투자신탁(국공채),,,05F90,,05M28,한국투자장기채증권자투자신탁(국공채)(C-Re),02X69,05F90,05M28,X,X,X,02X69,한국투자장기채증권모투자신탁(국공채)
48,02X69,한국투자장기채증권모투자신탁(국공채),,,05K02,한국투자퇴직연금증권자투자신탁1호(국공채)(모),02X67,한국투자퇴직연금증권자투자신탁1호(국공채)(C),02X69,05K02,02X67,X,X,X,02X69,한국투자장기채증권모투자신탁(국공채)
49,02X69,한국투자장기채증권모투자신탁(국공채),,,05K02,,05K03,한국투자퇴직연금증권자투자신탁1호(국공채)(C-e),02X69,05K02,05K03,X,X,X,02X69,한국투자장기채증권모투자신탁(국공채)
50,02X69,한국투자장기채증권모투자신탁(국공채),,,05K02,,05Z08,한국투자퇴직연금증권자투자신탁1호(국공채)(S-R),02X69,05K02,05Z08,X,X,X,02X69,한국투자장기채증권모투자신탁(국공채)
51,02X69,한국투자장기채증권모투자신탁(국공채),,60.5,05K05,한국투자퇴직연금롱텀밸류40증권자투자신탁2호(채권혼합)(모),04Z73,한국투자퇴직연금롱텀밸류40증권자투자신탁2호(채권혼합)(C),02X69,05K05,04Z73,X,X,X,02X69,한국투자장기채증권모투자신탁(국공채)
52,02X69,한국투자장기채증권모투자신탁(국공채),,,05K05,,05K06,한국투자퇴직연금롱텀밸류40증권자투자신탁2호(채권혼합)(C-e),02X69,05K05,05K06,X,X,X,02X69,한국투자장기채증권모투자신탁(국공채)
53,02X69,한국투자장기채증권모투자신탁(국공채),,90.5,05M11,한국투자퇴직연금롱텀밸류10증권자투자신탁1호(채권혼합)(모),04A06,한국투자퇴직연금롱텀밸류10증권자투자신탁1호(채권혼합)(C),02X69,05M11,04A06,X,X,X,02X69,한국투자장기채증권모투자신탁(국공채)
54,02X69,한국투자장기채증권모투자신탁(국공채),,,05M11,,05M12,한국투자퇴직연금롱텀밸류10증권자투자신탁1호(채권혼합)(C-e),02X69,05M11,05M12,X,X,X,02X69,한국투자장기채증권모투자신탁(국공채)
55,02X69,한국투자장기채증권모투자신탁(국공채),,0,05M14,한국투자퇴직연금KOSPI200인덱스40증권자투자신탁2호(채권혼합)(모),04A11,한국투자퇴직연금KOSPI200인덱스40증권자투자신탁2호(채권혼합)(C),02X69,05M14,04A11,X,X,X,02X69,한국투자장기채증권모투자신탁(국공채)
56,02X69,한국투자장기채증권모투자신탁(국공채),,60.5,05M17,한국투자퇴직연금롱텀밸류40증권자투자신탁4호(채권혼합)(모),04Z84,한국투자퇴직연금롱텀밸류40증권자투자신탁4호(채권혼합)(C),02X69,05M17,04Z84,X,X,X,02X69,한국투자장기채증권모투자신탁(국공채)
57,02X69,한국투자장기채증권모투자신탁(국공채),,70.5,05M20,한국투자퇴직연금롱텀밸류30증권자투자신탁1호(채권혼합)(모),04Z85,한국투자퇴직연금롱텀밸류30증권자투자신탁1호(채권혼합)(C),02X69,05M20,04Z85,X,X,X,02X69,한국투자장기채증권모투자신탁(국공채)
58,02X69,한국투자장기채증권모투자신탁(국공채),,,05M23,한국투자퇴직연금LCF20-30증권자투자신탁1호(채권혼합)(모),04Z86,한국투자퇴직연금LCF20-30증권자투자신탁1호(채권혼합)(C),02X69,05M23,04Z86,X,X,X,02X69,한국투자장기채증권모투자신탁(국공채)
59,02X69,한국투자장기채증권모투자신탁(국공채),,,05M23,,05M24,한국투자퇴직연금LCF20-30증권자투자신탁1호(채권혼합)(C-e),02X69,05M23,05M24,X,X,X,02X69,한국투자장기채증권모투자신탁(국공채)
60,02X69,한국투자장기채증권모투자신탁(국공채),,61,05M26,한국투자퇴직연금마이스터40증권자투자신탁2호(국공채혼합)(모),05F65,한국투자퇴직연금마이스터40증권자투자신탁2호(국공채혼합)(C),02X69,05M26,05F65,X,X,X,02X69,한국투자장기채증권모투자신탁(국공채)
61,02X69,한국투자장기채증권모투자신탁(국공채),,0,05M46,한국투자퇴직연금삼성그룹40증권자투자신탁1호(채권혼합)(모),05M47,한국투자퇴직연금삼성그룹40증권자투자신탁1호(채권혼합)(C-e),02X69,05M46,05M47,X,X,X,02X69,한국투자장기채증권모투자신탁(국공채)
62,02X69,한국투자장기채증권모투자신탁(국공채),,,05M46,,20089,한국투자퇴직연금삼성그룹40증권자투자신탁1호(채권혼합)(C),02X69,05M46,20089,X,X,X,02X69,한국투자장기채증권모투자신탁(국공채)
63,02X69,한국투자장기채증권모투자신탁(국공채),,55,05W74,한국투자중기우량채증권자투자신탁(채권)(모),05W75,한국투자중기우량채증권자투자신탁(채권)(A),02X69,05W74,05W75,X,X,X,02X69,한국투자장기채증권모투자신탁(국공채)
64,02X69,한국투자장기채증권모투자신탁(국공채),,,05W74,,05W76,한국투자중기우량채증권자투자신탁(채권)(A-e),02X69,05W74,05W76,X,X,X,02X69,한국투자장기채증권모투자신탁(국공채)
65,02X69,한국투자장기채증권모투자신탁(국공채),,,05W74,,05W78,한국투자중기우량채증권자투자신탁(채권)(C),02X69,05W74,05W78,X,X,X,02X69,한국투자장기채증권모투자신탁(국공채)
66,02X69,한국투자장기채증권모투자신탁(국공채),,,05W74,,05W79,한국투자중기우량채증권자투자신탁(채권)(C-e),02X69,05W74,05W79,X,X,X,02X69,한국투자장기채증권모투자신탁(국공채)
67,02X69,한국투자장기채증권모투자신탁(국공채),,,05W74,,05W80,한국투자중기우량채증권자투자신탁(채권)(C-F),02X69,05W74,05W80,X,X,X,02X69,한국투자장기채증권모투자신탁(국공채)
68,02X69,한국투자장기채증권모투자신탁(국공채),,,05W74,,05W84,한국투자중기우량채증권자투자신탁(채권)(C-R),02X69,05W74,05W84,X,X,X,02X69,한국투자장기채증권모투자신탁(국공채)
69,02X69,한국투자장기채증권모투자신탁(국공채),,,05W74,,05W85,한국투자중기우량채증권자투자신탁(채권)(C-Re),02X69,05W74,05W85,X,X,X,02X69,한국투자장기채증권모투자신탁(국공채)
70,02X69,한국투자장기채증권모투자신탁(국공채),,,05W74,,05W87,한국투자중기우량채증권자투자신탁(채권)(S),02X69,05W74,05W87,X,X,X,02X69,한국투자장기채증권모투자신탁(국공채)
71,02X69,한국투자장기채증권모투자신탁(국공채),,,05W74,,05W88,한국투자중기우량채증권자투자신탁(채권)(S-P),02X69,05W74,05W88,X,X,X,02X69,한국투자장기채증권모투자신탁(국공채)
72,02X69,한국투자장기채증권모투자신탁(국공채),,67,05X99,한국투자퇴직연금글로벌브랜드파워40증권자투자신탁(채권혼합)(모),05M32,한국투자퇴직연금글로벌브랜드파워40증권자투자신탁(채권혼합)(C-e),02X69,05X99,05M32,X,X,X,02X69,한국투자장기채증권모투자신탁(국공채)
73,02X69,한국투자장기채증권모투자신탁(국공채),,,05X99,,05Y01,한국투자퇴직연금글로벌브랜드파워40증권자투자신탁(채권혼합)(C),02X69,05X99,05Y01,X,X,X,02X69,한국투자장기채증권모투자신탁(국공채)
74,02X69,한국투자장기채증권모투자신탁(국공채),,100,10130,한국투자퇴직연금엄브렐러LCF증권전환형자투자신탁1호(국공채),,,02X69,10130,,X,X,X,02X69,한국투자장기채증권모투자신탁(국공채)
75,02X69,한국투자장기채증권모투자신탁(국공채),,0,20104,한국투자퇴직연금엄브렐러LCF인덱스10증권전환형자투자신탁1호(채권혼합),,,02X69,20104,,X,X,X,02X69,한국투자장기채증권모투자신탁(국공채)
76,02X69,한국투자장기채증권모투자신탁(국공채),,,20105,한국투자퇴직연금엄브렐러LCF인덱스20증권전환형자투자신탁1호(채권혼합),,,02X69,20105,,X,X,X,02X69,한국투자장기채증권모투자신탁(국공채)
77,02X69,한국투자장기채증권모투자신탁(국공채),,,20106,한국투자퇴직연금엄브렐러LCF인덱스30증권전환형자투자신탁1호(채권혼합),,,02X69,20106,,X,X,X,02X69,한국투자장기채증권모투자신탁(국공채)
78,02X69,한국투자장기채증권모투자신탁(국공채),,,20107,한국투자퇴직연금엄브렐러LCF인덱스40증권전환형자투자신탁1호(채권혼합),,,02X69,20107,,X,X,X,02X69,한국투자장기채증권모투자신탁(국공채)
79,02Y06,한국투자LCF증권모투자신탁(채권),공통,0,09D20,한국투자LCF2015증권자투자신탁1호(주식혼합-재간접형),,,02Y06,09D20,,X,X,X,02Y06,한국투자LCF증권모투자신탁(채권)
80,02Y06,한국투자LCF증권모투자신탁(채권),,,09D21,한국투자LCF2020증권자투자신탁1호(주식혼합-재간접형),,,02Y06,09D21,,X,X,X,02Y06,한국투자LCF증권모투자신탁(채권)
81,02Y06,한국투자LCF증권모투자신탁(채권),,,09D22,한국투자LCF2025증권자투자신탁1호(주식혼합-재간접형),,,02Y06,09D22,,X,X,X,02Y06,한국투자LCF증권모투자신탁(채권)
82,02Y06,한국투자LCF증권모투자신탁(채권),,,09D23,한국투자LCF2030증권자투자신탁1호(주식혼합-재간접형),,,02Y06,09D23,,X,X,X,02Y06,한국투자LCF증권모투자신탁(채권)
83,02Y06,한국투자LCF증권모투자신탁(채권),,,09D24,한국투자LCF2035증권자투자신탁1호(주식혼합-재간접형),,,02Y06,09D24,,X,X,X,02Y06,한국투자LCF증권모투자신탁(채권)
84,02Y06,한국투자LCF증권모투자신탁(채권),,,09D25,한국투자LCF2010증권자투자신탁1호(주식혼합-재간접형),,,02Y06,09D25,,X,X,X,02Y06,한국투자LCF증권모투자신탁(채권)
85,03T01,한국투자프라임유럽전문투자형사모증권모투자신탁2호(주식),공통,0,03T02,한국투자프라임유럽전문투자형사모증권자투자신탁2호(주식),,,03T01,03T02,,X,X,X,03T01,한국투자프라임유럽전문투자형사모증권모투자신탁2호(주식)
86,03T03,한국투자프라임미국전문투자형사모증권모투자신탁2호(주식),공통,0,03T04,한국투자프라임미국전문투자형사모증권자투자신탁2호(주식),,,03T03,03T04,,X,X,X,03T03,한국투자프라임미국전문투자형사모증권모투자신탁2호(주식)
87,03V02,한국투자중소밸류증권모투자신탁(주식),공통,100,03V04,한국투자신종개인연금중소밸류증권전환형자투자신탁(주식),,,03V02,03V04,,X,X,X,03V02,한국투자중소밸류증권모투자신탁(주식)
88,03V02,한국투자중소밸류증권모투자신탁(주식),,,03Z96,한국투자중소밸류증권자투자신탁(주식)(모),03W71,한국투자중소밸류증권자투자신탁(주식)(A-e),03V02,03Z96,03W71,X,X,X,03V02,한국투자중소밸류증권모투자신탁(주식)
89,03V02,한국투자중소밸류증권모투자신탁(주식),,,03Z96,,03W94,한국투자중소밸류증권자투자신탁(주식)(S),03V02,03Z96,03W94,X,X,X,03V02,한국투자중소밸류증권모투자신탁(주식)
90,03V02,한국투자중소밸류증권모투자신탁(주식),,,03Z96,,03W95,한국투자중소밸류증권자투자신탁(주식)(S-P),03V02,03Z96,03W95,X,X,X,03V02,한국투자중소밸류증권모투자신탁(주식)
91,03V02,한국투자중소밸류증권모투자신탁(주식),,,03Z96,,03Z92,한국투자중소밸류증권자투자신탁(주식)(A),03V02,03Z96,03Z92,X,X,X,03V02,한국투자중소밸류증권모투자신탁(주식)
92,03V02,한국투자중소밸류증권모투자신탁(주식),,,03Z96,,03Z93,한국투자중소밸류증권자투자신탁(주식)(C),03V02,03Z96,03Z93,X,X,X,03V02,한국투자중소밸류증권모투자신탁(주식)
93,03V02,한국투자중소밸류증권모투자신탁(주식),,,03Z96,,03Z94,한국투자중소밸류증권자투자신탁(주식)(C-e),03V02,03Z96,03Z94,X,X,X,03V02,한국투자중소밸류증권모투자신탁(주식)
94,03V02,한국투자중소밸류증권모투자신탁(주식),,,03Z96,,04X45,한국투자중소밸류증권자투자신탁(주식)(C-W),03V02,03Z96,04X45,X,X,X,03V02,한국투자중소밸류증권모투자신탁(주식)
95,03V02,한국투자중소밸류증권모투자신탁(주식),,,03Z96,,05B98,한국투자중소밸류증권자투자신탁(주식)(C-R),03V02,03Z96,05B98,X,X,X,03V02,한국투자중소밸류증권모투자신탁(주식)
96,03V02,한국투자중소밸류증권모투자신탁(주식),,,03Z96,,05G15,한국투자중소밸류증권자투자신탁(주식)(A1),03V02,03Z96,05G15,X,X,X,03V02,한국투자중소밸류증권모투자신탁(주식)
97,03V02,한국투자중소밸류증권모투자신탁(주식),,,03Z96,,05G64,한국투자중소밸류증권자투자신탁(주식)(A-G),03V02,03Z96,05G64,X,X,X,03V02,한국투자중소밸류증권모투자신탁(주식)
98,03V02,한국투자중소밸류증권모투자신탁(주식),,,03Z96,,05G65,한국투자중소밸류증권자투자신탁(주식)(C-G),03V02,03Z96,05G65,X,X,X,03V02,한국투자중소밸류증권모투자신탁(주식)
99,03V02,한국투자중소밸류증권모투자신탁(주식),,,03Z96,,05G72,한국투자중소밸류증권자투자신탁(주식)(C-Pe),03V02,03Z96,05G72,X,X,X,03V02,한국투자중소밸류증권모투자신탁(주식)
100,03V02,한국투자중소밸류증권모투자신탁(주식),,,03Z96,,05G84,한국투자중소밸류증권자투자신탁(주식)(C-F),03V02,03Z96,05G84,X,X,X,03V02,한국투자중소밸류증권모투자신탁(주식)
101,03V02,한국투자중소밸류증권모투자신탁(주식),,,03Z96,,05K68,한국투자중소밸류증권자투자신탁(주식)(C-Re),03V02,03Z96,05K68,X,X,X,03V02,한국투자중소밸류증권모투자신탁(주식)
102,03V02,한국투자중소밸류증권모투자신탁(주식),,,03Z96,,20118,한국투자중소밸류증권자투자신탁(주식)(C-P),03V02,03Z96,20118,X,X,X,03V02,한국투자중소밸류증권모투자신탁(주식)
103,03V02,한국투자중소밸류증권모투자신탁(주식),,39.5,05A98,한국투자퇴직연금중소밸류40증권자투자신탁1호(채권혼합)(모),04Z91,한국투자퇴직연금중소밸류40증권자투자신탁1호(채권혼합)(C),03V02,05A98,04Z91,X,X,X,03V02,한국투자중소밸류증권모투자신탁(주식)
104,03V02,한국투자중소밸류증권모투자신탁(주식),,,05A98,,05A99,한국투자퇴직연금중소밸류40증권자투자신탁1호(채권혼합)(C-J),03V02,05A98,05A99,X,X,X,03V02,한국투자중소밸류증권모투자신탁(주식)
105,03V02,한국투자중소밸류증권모투자신탁(주식),,,05A98,,05K13,한국투자퇴직연금중소밸류40증권자투자신탁1호(채권혼합)(C-e),03V02,05A98,05K13,X,X,X,03V02,한국투자중소밸류증권모투자신탁(주식)
106,03V21,한국투자주주환원고배당증권모투자신탁(주식),공통,100,03V08,한국투자주주환원고배당증권자투자신탁1호(주식)(모),03V09,한국투자주주환원고배당증권자투자신탁1호(주식)(A),03V21,03V08,03V09,X,X,X,03V21,한국투자주주환원고배당증권모투자신탁(주식)
107,03V21,한국투자주주환원고배당증권모투자신탁(주식),,,03V08,,03V10,한국투자주주환원고배당증권자투자신탁1호(주식)(A-e),03V21,03V08,03V10,X,X,X,03V21,한국투자주주환원고배당증권모투자신탁(주식)
108,03V21,한국투자주주환원고배당증권모투자신탁(주식),,,03V08,,03V11,한국투자주주환원고배당증권자투자신탁1호(주식)(C),03V21,03V08,03V11,X,X,X,03V21,한국투자주주환원고배당증권모투자신탁(주식)
109,03V21,한국투자주주환원고배당증권모투자신탁(주식),,,03V08,,03V12,한국투자주주환원고배당증권자투자신탁1호(주식)(C-e),03V21,03V08,03V12,X,X,X,03V21,한국투자주주환원고배당증권모투자신탁(주식)
110,03V21,한국투자주주환원고배당증권모투자신탁(주식),,,03V08,,03V13,한국투자주주환원고배당증권자투자신탁1호(주식)(C-F),03V21,03V08,03V13,X,X,X,03V21,한국투자주주환원고배당증권모투자신탁(주식)
111,03V21,한국투자주주환원고배당증권모투자신탁(주식),,,03V08,,03V14,한국투자주주환원고배당증권자투자신탁1호(주식)(C-W),03V21,03V08,03V14,X,X,X,03V21,한국투자주주환원고배당증권모투자신탁(주식)
112,03V21,한국투자주주환원고배당증권모투자신탁(주식),,,03V08,,03V47,한국투자주주환원고배당증권자투자신탁1호(주식)(C2),03V21,03V08,03V47,X,X,X,03V21,한국투자주주환원고배당증권모투자신탁(주식)
113,03V21,한국투자주주환원고배당증권모투자신탁(주식),,,03V08,,05B21,한국투자주주환원고배당증권자투자신탁1호(주식)(C3),03V21,03V08,05B21,X,X,X,03V21,한국투자주주환원고배당증권모투자신탁(주식)
114,03V21,한국투자주주환원고배당증권모투자신탁(주식),,,03V08,,05K89,한국투자주주환원고배당증권자투자신탁1호(주식)(C4),03V21,03V08,05K89,X,X,X,03V21,한국투자주주환원고배당증권모투자신탁(주식)
115,03V21,한국투자주주환원고배당증권모투자신탁(주식),,,03V08,,09G67,한국투자주주환원고배당증권자투자신탁1호(주식)(C-P),03V21,03V08,09G67,X,X,X,03V21,한국투자주주환원고배당증권모투자신탁(주식)
116,03V21,한국투자주주환원고배당증권모투자신탁(주식),,,03V49,한국투자연금저축주주환원고배당증권자투자신탁(주식)(모),03V50,한국투자연금저축주주환원고배당증권자투자신탁(주식)(C),03V21,03V49,03V50,X,X,X,03V21,한국투자주주환원고배당증권모투자신탁(주식)
117,03V21,한국투자주주환원고배당증권모투자신탁(주식),,,03V49,,03V51,한국투자연금저축주주환원고배당증권자투자신탁(주식)(C-e),03V21,03V49,03V51,X,X,X,03V21,한국투자주주환원고배당증권모투자신탁(주식)
118,03V21,한국투자주주환원고배당증권모투자신탁(주식),,,03V49,,05B40,한국투자연금저축주주환원고배당증권자투자신탁(주식)(S-P),03V21,03V49,05B40,X,X,X,03V21,한국투자주주환원고배당증권모투자신탁(주식)
119,03V24,한국투자중국본토스마트핵심기업증권모투자신탁(주식),공통,100,03V26,한국투자중국본토스마트핵심기업증권자투자신탁(주식)(모),03V27,한국투자중국본토스마트핵심기업증권자투자신탁(주식)(A),03V24,03V26,03V27,X,X,X,03V24,한국투자중국본토스마트핵심기업증권모투자신탁(주식)
120,03V24,한국투자중국본토스마트핵심기업증권모투자신탁(주식),,,03V26,,03V28,한국투자중국본토스마트핵심기업증권자투자신탁(주식)(C),03V24,03V26,03V28,X,X,X,03V24,한국투자중국본토스마트핵심기업증권모투자신탁(주식)
121,03V24,한국투자중국본토스마트핵심기업증권모투자신탁(주식),,,03V26,,03V29,한국투자중국본토스마트핵심기업증권자투자신탁(주식)(C-e),03V24,03V26,03V29,X,X,X,03V24,한국투자중국본토스마트핵심기업증권모투자신탁(주식)
122,03V24,한국투자중국본토스마트핵심기업증권모투자신탁(주식),,,03V26,,03V30,한국투자중국본토스마트핵심기업증권자투자신탁(주식)(C-P),03V24,03V26,03V30,X,X,X,03V24,한국투자중국본토스마트핵심기업증권모투자신탁(주식)
123,03V24,한국투자중국본토스마트핵심기업증권모투자신탁(주식),,,03V26,,03V31,한국투자중국본토스마트핵심기업증권자투자신탁(주식)(C-F),03V24,03V26,03V31,X,X,X,03V24,한국투자중국본토스마트핵심기업증권모투자신탁(주식)
124,03V24,한국투자중국본토스마트핵심기업증권모투자신탁(주식),,,03V26,,03V33,한국투자중국본토스마트핵심기업증권자투자신탁(주식)(C-W),03V24,03V26,03V33,X,X,X,03V24,한국투자중국본토스마트핵심기업증권모투자신탁(주식)
125,03V55,한국투자중소밸류고배당증권모투자신탁(주식),공통,0,03Y09,한국투자중소밸류고배당증권자투자신탁1호(주식)(모),03V23,한국투자중소밸류고배당증권자투자신탁1호(주식)(C-F),03V55,03Y09,03V23,X,X,X,03V55,한국투자중소밸류고배당증권모투자신탁(주식)
126,03V55,한국투자중소밸류고배당증권모투자신탁(주식),,,03Y09,,04250,한국투자중소밸류고배당증권자투자신탁1호(주식)(C1),03V55,03Y09,04250,X,X,X,03V55,한국투자중소밸류고배당증권모투자신탁(주식)
127,03V55,한국투자중소밸류고배당증권모투자신탁(주식),,,03Y09,,04Y04,한국투자중소밸류고배당증권자투자신탁1호(주식)(S),03V55,03Y09,04Y04,X,X,X,03V55,한국투자중소밸류고배당증권모투자신탁(주식)
128,03V55,한국투자중소밸류고배당증권모투자신탁(주식),,,03Y09,,05K88,한국투자중소밸류고배당증권자투자신탁1호(주식)(A-e),03V55,03Y09,05K88,X,X,X,03V55,한국투자중소밸류고배당증권모투자신탁(주식)
129,03V55,한국투자중소밸류고배당증권모투자신탁(주식),,,03Y09,,40044,한국투자중소밸류고배당증권자투자신탁1호(주식)(A),03V55,03Y09,40044,X,X,X,03V55,한국투자중소밸류고배당증권모투자신탁(주식)
130,03V55,한국투자중소밸류고배당증권모투자신탁(주식),,,03Y09,,40045,한국투자중소밸류고배당증권자투자신탁1호(주식)(C-e),03V55,03Y09,40045,X,X,X,03V55,한국투자중소밸류고배당증권모투자신탁(주식)
131,03V55,한국투자중소밸류고배당증권모투자신탁(주식),,,03Y09,,40203,한국투자중소밸류고배당증권자투자신탁1호(주식)(C2),03V55,03Y09,40203,X,X,X,03V55,한국투자중소밸류고배당증권모투자신탁(주식)
132,03V55,한국투자중소밸류고배당증권모투자신탁(주식),,,03Y09,,40204,한국투자중소밸류고배당증권자투자신탁1호(주식)(C3),03V55,03Y09,40204,X,X,X,03V55,한국투자중소밸류고배당증권모투자신탁(주식)
133,03V55,한국투자중소밸류고배당증권모투자신탁(주식),,,03Y09,,40205,한국투자중소밸류고배당증권자투자신탁1호(주식)(C4),03V55,03Y09,40205,X,X,X,03V55,한국투자중소밸류고배당증권모투자신탁(주식)
134,03V55,한국투자중소밸류고배당증권모투자신탁(주식),,,03Y09,,40206,한국투자중소밸류고배당증권자투자신탁1호(주식)(C5),03V55,03Y09,40206,X,X,X,03V55,한국투자중소밸류고배당증권모투자신탁(주식)
135,03V55,한국투자중소밸류고배당증권모투자신탁(주식),,,05A98,한국투자퇴직연금중소밸류40증권자투자신탁1호(채권혼합)(모),04Z91,한국투자퇴직연금중소밸류40증권자투자신탁1호(채권혼합)(C),03V55,05A98,04Z91,X,X,X,03V55,한국투자중소밸류고배당증권모투자신탁(주식)
136,03V55,한국투자중소밸류고배당증권모투자신탁(주식),,,05A98,,05A99,한국투자퇴직연금중소밸류40증권자투자신탁1호(채권혼합)(C-J),03V55,05A98,05A99,X,X,X,03V55,한국투자중소밸류고배당증권모투자신탁(주식)
137,03V55,한국투자중소밸류고배당증권모투자신탁(주식),,,05A98,,05K13,한국투자퇴직연금중소밸류40증권자투자신탁1호(채권혼합)(C-e),03V55,05A98,05K13,X,X,X,03V55,한국투자중소밸류고배당증권모투자신탁(주식)
138,03V55,한국투자중소밸류고배당증권모투자신탁(주식),,,05G74,한국투자퇴직연금롱텀밸류배당증권자투자신탁(주식)(모),05G77,한국투자퇴직연금롱텀밸류배당증권자투자신탁(주식)(C-J),03V55,05G74,05G77,X,X,X,03V55,한국투자중소밸류고배당증권모투자신탁(주식)
139,03V62,한국투자현대차그룹리딩플러스증권모투자신탁(주식),공통,100,03Y66,한국투자현대차그룹리딩플러스증권자투자신탁1호(주식)(모),03V01,한국투자현대차그룹리딩플러스증권자투자신탁1호(주식)(C5),03V62,03Y66,03V01,X,X,X,03V62,한국투자현대차그룹리딩플러스증권모투자신탁(주식)
140,03V62,한국투자현대차그룹리딩플러스증권모투자신탁(주식),,,03Y66,,03X80,한국투자현대차그룹리딩플러스증권자투자신탁1호(주식)(C2),03V62,03Y66,03X80,X,X,X,03V62,한국투자현대차그룹리딩플러스증권모투자신탁(주식)
141,03V62,한국투자현대차그룹리딩플러스증권모투자신탁(주식),,,03Y66,,03X81,한국투자현대차그룹리딩플러스증권자투자신탁1호(주식)(C3),03V62,03Y66,03X81,X,X,X,03V62,한국투자현대차그룹리딩플러스증권모투자신탁(주식)
142,03V62,한국투자현대차그룹리딩플러스증권모투자신탁(주식),,,03Y66,,03Y68,한국투자현대차그룹리딩플러스증권자투자신탁1호(주식)(A),03V62,03Y66,03Y68,X,X,X,03V62,한국투자현대차그룹리딩플러스증권모투자신탁(주식)
143,03V62,한국투자현대차그룹리딩플러스증권모투자신탁(주식),,,03Y66,,03Y69,한국투자현대차그룹리딩플러스증권자투자신탁1호(주식)(C1),03V62,03Y66,03Y69,X,X,X,03V62,한국투자현대차그룹리딩플러스증권모투자신탁(주식)
144,03V62,한국투자현대차그룹리딩플러스증권모투자신탁(주식),,,03Y66,,03Y70,한국투자현대차그룹리딩플러스증권자투자신탁1호(주식)(C-e),03V62,03Y66,03Y70,X,X,X,03V62,한국투자현대차그룹리딩플러스증권모투자신탁(주식)
145,03V62,한국투자현대차그룹리딩플러스증권모투자신탁(주식),,,03Y66,,04X23,한국투자현대차그룹리딩플러스증권자투자신탁1호(주식)(C-W),03V62,03Y66,04X23,X,X,X,03V62,한국투자현대차그룹리딩플러스증권모투자신탁(주식)
146,03V62,한국투자현대차그룹리딩플러스증권모투자신탁(주식),,,03Y66,,04X87,한국투자현대차그룹리딩플러스증권자투자신탁1호(주식)(C4),03V62,03Y66,04X87,X,X,X,03V62,한국투자현대차그룹리딩플러스증권모투자신탁(주식)
147,03V62,한국투자현대차그룹리딩플러스증권모투자신탁(주식),,,03Y66,,04Y08,한국투자현대차그룹리딩플러스증권자투자신탁1호(주식)(S),03V62,03Y66,04Y08,X,X,X,03V62,한국투자현대차그룹리딩플러스증권모투자신탁(주식)
148,03V62,한국투자현대차그룹리딩플러스증권모투자신탁(주식),,0,04C61,한국투자퇴직연금현대차그룹리딩플러스40증권자투자신탁1호(채권혼합),,,03V62,04C61,,X,X,X,03V62,한국투자현대차그룹리딩플러스증권모투자신탁(주식)
149,03V63,한국투자P중기증권모투자신탁(국공채),공통,100,05A44,한국투자퇴직연금중기증권자투자신탁(국공채)(모),05A46,한국투자퇴직연금중기증권자투자신탁(국공채)(C),03V63,05A44,05A46,X,X,X,03V63,한국투자P중기증권모투자신탁(국공채)
150,03V64,한국투자배당리더40증권모투자신탁(채권혼합),공통,100,05A15,한국투자퇴직연금배당리더40증권자투자신탁(채권혼합)(모),05A17,한국투자퇴직연금배당리더40증권자투자신탁(채권혼합)(C),03V64,05A15,05A17,X,X,X,03V64,한국투자배당리더40증권모투자신탁(채권혼합)
151,03V64,한국투자배당리더40증권모투자신탁(채권혼합),,,05A22,한국투자배당리더40증권자투자신탁(채권혼합)(모),05A24,한국투자배당리더40증권자투자신탁(채권혼합)(A),03V64,05A22,05A24,X,X,X,03V64,한국투자배당리더40증권모투자신탁(채권혼합)
152,03V64,한국투자배당리더40증권모투자신탁(채권혼합),,,05A22,,05A25,한국투자배당리더40증권자투자신탁(채권혼합)(A-e),03V64,05A22,05A25,X,X,X,03V64,한국투자배당리더40증권모투자신탁(채권혼합)
153,03V64,한국투자배당리더40증권모투자신탁(채권혼합),,,05A22,,05A26,한국투자배당리더40증권자투자신탁(채권혼합)(C),03V64,05A22,05A26,X,X,X,03V64,한국투자배당리더40증권모투자신탁(채권혼합)
154,03V64,한국투자배당리더40증권모투자신탁(채권혼합),,,05A22,,05A27,한국투자배당리더40증권자투자신탁(채권혼합)(C-e),03V64,05A22,05A27,X,X,X,03V64,한국투자배당리더40증권모투자신탁(채권혼합)
155,03V64,한국투자배당리더40증권모투자신탁(채권혼합),,,05A22,,05A32,한국투자배당리더40증권자투자신탁(채권혼합)(S),03V64,05A22,05A32,X,X,X,03V64,한국투자배당리더40증권모투자신탁(채권혼합)
156,03V64,한국투자배당리더40증권모투자신탁(채권혼합),,,05A22,,05A33,한국투자배당리더40증권자투자신탁(채권혼합)(S-P),03V64,05A22,05A33,X,X,X,03V64,한국투자배당리더40증권모투자신탁(채권혼합)
157,03V65,한국투자웰링턴글로벌퀄리티증권모투자신탁(주식),설정,97,05A50,한국투자웰링턴글로벌퀄리티증권자투자신탁H(주식)(모),05A51,한국투자웰링턴글로벌퀄리티증권자투자신탁H(주식)(A),03V65,05A50,05A51,X,X,X,03V65,한국투자웰링턴글로벌퀄리티증권모투자신탁(주식)
158,03V65,한국투자웰링턴글로벌퀄리티증권모투자신탁(주식),,,05A50,,05A52,한국투자웰링턴글로벌퀄리티증권자투자신탁H(주식)(A-e),03V65,05A50,05A52,X,X,X,03V65,한국투자웰링턴글로벌퀄리티증권모투자신탁(주식)
159,03V65,한국투자웰링턴글로벌퀄리티증권모투자신탁(주식),,,05A50,,05A53,한국투자웰링턴글로벌퀄리티증권자투자신탁H(주식)(C),03V65,05A50,05A53,X,X,X,03V65,한국투자웰링턴글로벌퀄리티증권모투자신탁(주식)
160,03V65,한국투자웰링턴글로벌퀄리티증권모투자신탁(주식),,,05A50,,05A54,한국투자웰링턴글로벌퀄리티증권자투자신탁H(주식)(C2),03V65,05A50,05A54,X,X,X,03V65,한국투자웰링턴글로벌퀄리티증권모투자신탁(주식)
161,03V65,한국투자웰링턴글로벌퀄리티증권모투자신탁(주식),,,05A50,,05A55,한국투자웰링턴글로벌퀄리티증권자투자신탁H(주식)(C3),03V65,05A50,05A55,X,X,X,03V65,한국투자웰링턴글로벌퀄리티증권모투자신탁(주식)
162,03V65,한국투자웰링턴글로벌퀄리티증권모투자신탁(주식),,,05A50,,05A56,한국투자웰링턴글로벌퀄리티증권자투자신탁H(주식)(C4),03V65,05A50,05A56,X,X,X,03V65,한국투자웰링턴글로벌퀄리티증권모투자신탁(주식)
163,03V65,한국투자웰링턴글로벌퀄리티증권모투자신탁(주식),,,05A50,,05A57,한국투자웰링턴글로벌퀄리티증권자투자신탁H(주식)(C-e),03V65,05A50,05A57,X,X,X,03V65,한국투자웰링턴글로벌퀄리티증권모투자신탁(주식)
164,03V65,한국투자웰링턴글로벌퀄리티증권모투자신탁(주식),,,05A50,,05A58,한국투자웰링턴글로벌퀄리티증권자투자신탁H(주식)(C-F),03V65,05A50,05A58,X,X,X,03V65,한국투자웰링턴글로벌퀄리티증권모투자신탁(주식)
165,03V65,한국투자웰링턴글로벌퀄리티증권모투자신탁(주식),,,05A50,,05A59,한국투자웰링턴글로벌퀄리티증권자투자신탁H(주식)(C-P),03V65,05A50,05A59,X,X,X,03V65,한국투자웰링턴글로벌퀄리티증권모투자신탁(주식)
166,03V65,한국투자웰링턴글로벌퀄리티증권모투자신탁(주식),,,05A50,,05A60,한국투자웰링턴글로벌퀄리티증권자투자신탁H(주식)(C-Pe),03V65,05A50,05A60,X,X,X,03V65,한국투자웰링턴글로벌퀄리티증권모투자신탁(주식)
167,03V65,한국투자웰링턴글로벌퀄리티증권모투자신탁(주식),,,05A50,,05A61,한국투자웰링턴글로벌퀄리티증권자투자신탁H(주식)(C-R),03V65,05A50,05A61,X,X,X,03V65,한국투자웰링턴글로벌퀄리티증권모투자신탁(주식)
168,03V65,한국투자웰링턴글로벌퀄리티증권모투자신탁(주식),,,05A50,,05A62,한국투자웰링턴글로벌퀄리티증권자투자신탁H(주식)(C-W),03V65,05A50,05A62,X,X,X,03V65,한국투자웰링턴글로벌퀄리티증권모투자신탁(주식)
169,03V65,한국투자웰링턴글로벌퀄리티증권모투자신탁(주식),,,05A50,,05A63,한국투자웰링턴글로벌퀄리티증권자투자신탁H(주식)(S),03V65,05A50,05A63,X,X,X,03V65,한국투자웰링턴글로벌퀄리티증권모투자신탁(주식)
170,03V65,한국투자웰링턴글로벌퀄리티증권모투자신탁(주식),,,05A50,,05A64,한국투자웰링턴글로벌퀄리티증권자투자신탁H(주식)(S-P),03V65,05A50,05A64,X,X,X,03V65,한국투자웰링턴글로벌퀄리티증권모투자신탁(주식)
171,03V65,한국투자웰링턴글로벌퀄리티증권모투자신탁(주식),,,05A50,,05K62,한국투자웰링턴글로벌퀄리티증권자투자신탁H(주식)(A-G),03V65,05A50,05K62,X,X,X,03V65,한국투자웰링턴글로벌퀄리티증권모투자신탁(주식)
172,03V65,한국투자웰링턴글로벌퀄리티증권모투자신탁(주식),,,05A50,,05K64,한국투자웰링턴글로벌퀄리티증권자투자신탁H(주식)(C-Re),03V65,05A50,05K64,X,X,X,03V65,한국투자웰링턴글로벌퀄리티증권모투자신탁(주식)
173,03V65,한국투자웰링턴글로벌퀄리티증권모투자신탁(주식),해지,100,05A50,한국투자웰링턴글로벌퀄리티증권자투자신탁H(주식)(모),05A51,한국투자웰링턴글로벌퀄리티증권자투자신탁H(주식)(A),03V65,05A50,05A51,X,X,X,03V65,한국투자웰링턴글로벌퀄리티증권모투자신탁(주식)
174,03V65,한국투자웰링턴글로벌퀄리티증권모투자신탁(주식),,,05A50,,05A52,한국투자웰링턴글로벌퀄리티증권자투자신탁H(주식)(A-e),03V65,05A50,05A52,X,X,X,03V65,한국투자웰링턴글로벌퀄리티증권모투자신탁(주식)
175,03V65,한국투자웰링턴글로벌퀄리티증권모투자신탁(주식),,,05A50,,05A53,한국투자웰링턴글로벌퀄리티증권자투자신탁H(주식)(C),03V65,05A50,05A53,X,X,X,03V65,한국투자웰링턴글로벌퀄리티증권모투자신탁(주식)
176,03V65,한국투자웰링턴글로벌퀄리티증권모투자신탁(주식),,,05A50,,05A54,한국투자웰링턴글로벌퀄리티증권자투자신탁H(주식)(C2),03V65,05A50,05A54,X,X,X,03V65,한국투자웰링턴글로벌퀄리티증권모투자신탁(주식)
177,03V65,한국투자웰링턴글로벌퀄리티증권모투자신탁(주식),,,05A50,,05A55,한국투자웰링턴글로벌퀄리티증권자투자신탁H(주식)(C3),03V65,05A50,05A55,X,X,X,03V65,한국투자웰링턴글로벌퀄리티증권모투자신탁(주식)
178,03V65,한국투자웰링턴글로벌퀄리티증권모투자신탁(주식),,,05A50,,05A56,한국투자웰링턴글로벌퀄리티증권자투자신탁H(주식)(C4),03V65,05A50,05A56,X,X,X,03V65,한국투자웰링턴글로벌퀄리티증권모투자신탁(주식)
179,03V65,한국투자웰링턴글로벌퀄리티증권모투자신탁(주식),,,05A50,,05A57,한국투자웰링턴글로벌퀄리티증권자투자신탁H(주식)(C-e),03V65,05A50,05A57,X,X,X,03V65,한국투자웰링턴글로벌퀄리티증권모투자신탁(주식)
180,03V65,한국투자웰링턴글로벌퀄리티증권모투자신탁(주식),,,05A50,,05A58,한국투자웰링턴글로벌퀄리티증권자투자신탁H(주식)(C-F),03V65,05A50,05A58,X,X,X,03V65,한국투자웰링턴글로벌퀄리티증권모투자신탁(주식)
181,03V65,한국투자웰링턴글로벌퀄리티증권모투자신탁(주식),,,05A50,,05A59,한국투자웰링턴글로벌퀄리티증권자투자신탁H(주식)(C-P),03V65,05A50,05A59,X,X,X,03V65,한국투자웰링턴글로벌퀄리티증권모투자신탁(주식)
182,03V65,한국투자웰링턴글로벌퀄리티증권모투자신탁(주식),,,05A50,,05A60,한국투자웰링턴글로벌퀄리티증권자투자신탁H(주식)(C-Pe),03V65,05A50,05A60,X,X,X,03V65,한국투자웰링턴글로벌퀄리티증권모투자신탁(주식)
183,03V65,한국투자웰링턴글로벌퀄리티증권모투자신탁(주식),,,05A50,,05A61,한국투자웰링턴글로벌퀄리티증권자투자신탁H(주식)(C-R),03V65,05A50,05A61,X,X,X,03V65,한국투자웰링턴글로벌퀄리티증권모투자신탁(주식)
184,03V65,한국투자웰링턴글로벌퀄리티증권모투자신탁(주식),,,05A50,,05A62,한국투자웰링턴글로벌퀄리티증권자투자신탁H(주식)(C-W),03V65,05A50,05A62,X,X,X,03V65,한국투자웰링턴글로벌퀄리티증권모투자신탁(주식)
185,03V65,한국투자웰링턴글로벌퀄리티증권모투자신탁(주식),,,05A50,,05A63,한국투자웰링턴글로벌퀄리티증권자투자신탁H(주식)(S),03V65,05A50,05A63,X,X,X,03V65,한국투자웰링턴글로벌퀄리티증권모투자신탁(주식)
186,03V65,한국투자웰링턴글로벌퀄리티증권모투자신탁(주식),,,05A50,,05A64,한국투자웰링턴글로벌퀄리티증권자투자신탁H(주식)(S-P),03V65,05A50,05A64,X,X,X,03V65,한국투자웰링턴글로벌퀄리티증권모투자신탁(주식)
187,03V65,한국투자웰링턴글로벌퀄리티증권모투자신탁(주식),,,05A50,,05K62,한국투자웰링턴글로벌퀄리티증권자투자신탁H(주식)(A-G),03V65,05A50,05K62,X,X,X,03V65,한국투자웰링턴글로벌퀄리티증권모투자신탁(주식)
188,03V65,한국투자웰링턴글로벌퀄리티증권모투자신탁(주식),,,05A50,,05K64,한국투자웰링턴글로벌퀄리티증권자투자신탁H(주식)(C-Re),03V65,05A50,05K64,X,X,X,03V65,한국투자웰링턴글로벌퀄리티증권모투자신탁(주식)
189,03V65,한국투자웰링턴글로벌퀄리티증권모투자신탁(주식),설정,99,05A66,한국투자웰링턴글로벌퀄리티증권자투자신탁UH(주식)(모),05A67,한국투자웰링턴글로벌퀄리티증권자투자신탁UH(주식)(A),03V65,05A66,05A67,X,X,X,03V65,한국투자웰링턴글로벌퀄리티증권모투자신탁(주식)
190,03V65,한국투자웰링턴글로벌퀄리티증권모투자신탁(주식),,,05A66,,05A68,한국투자웰링턴글로벌퀄리티증권자투자신탁UH(주식)(A-e),03V65,05A66,05A68,X,X,X,03V65,한국투자웰링턴글로벌퀄리티증권모투자신탁(주식)
191,03V65,한국투자웰링턴글로벌퀄리티증권모투자신탁(주식),,,05A66,,05A69,한국투자웰링턴글로벌퀄리티증권자투자신탁UH(주식)(C),03V65,05A66,05A69,X,X,X,03V65,한국투자웰링턴글로벌퀄리티증권모투자신탁(주식)
192,03V65,한국투자웰링턴글로벌퀄리티증권모투자신탁(주식),,,05A66,,05A70,한국투자웰링턴글로벌퀄리티증권자투자신탁UH(주식)(C2),03V65,05A66,05A70,X,X,X,03V65,한국투자웰링턴글로벌퀄리티증권모투자신탁(주식)
193,03V65,한국투자웰링턴글로벌퀄리티증권모투자신탁(주식),,,05A66,,05A71,한국투자웰링턴글로벌퀄리티증권자투자신탁UH(주식)(C3),03V65,05A66,05A71,X,X,X,03V65,한국투자웰링턴글로벌퀄리티증권모투자신탁(주식)
194,03V65,한국투자웰링턴글로벌퀄리티증권모투자신탁(주식),,,05A66,,05A72,한국투자웰링턴글로벌퀄리티증권자투자신탁UH(주식)(C4),03V65,05A66,05A72,X,X,X,03V65,한국투자웰링턴글로벌퀄리티증권모투자신탁(주식)
195,03V65,한국투자웰링턴글로벌퀄리티증권모투자신탁(주식),,,05A66,,05A73,한국투자웰링턴글로벌퀄리티증권자투자신탁UH(주식)(C-e),03V65,05A66,05A73,X,X,X,03V65,한국투자웰링턴글로벌퀄리티증권모투자신탁(주식)
196,03V65,한국투자웰링턴글로벌퀄리티증권모투자신탁(주식),,,05A66,,05A74,한국투자웰링턴글로벌퀄리티증권자투자신탁UH(주식)(C-F),03V65,05A66,05A74,X,X,X,03V65,한국투자웰링턴글로벌퀄리티증권모투자신탁(주식)
197,03V65,한국투자웰링턴글로벌퀄리티증권모투자신탁(주식),,,05A66,,05A75,한국투자웰링턴글로벌퀄리티증권자투자신탁UH(주식)(C-P),03V65,05A66,05A75,X,X,X,03V65,한국투자웰링턴글로벌퀄리티증권모투자신탁(주식)
198,03V65,한국투자웰링턴글로벌퀄리티증권모투자신탁(주식),,,05A66,,05A76,한국투자웰링턴글로벌퀄리티증권자투자신탁UH(주식)(C-Pe),03V65,05A66,05A76,X,X,X,03V65,한국투자웰링턴글로벌퀄리티증권모투자신탁(주식)
199,03V65,한국투자웰링턴글로벌퀄리티증권모투자신탁(주식),,,05A66,,05A77,한국투자웰링턴글로벌퀄리티증권자투자신탁UH(주식)(C-R),03V65,05A66,05A77,X,X,X,03V65,한국투자웰링턴글로벌퀄리티증권모투자신탁(주식)
200,03V65,한국투자웰링턴글로벌퀄리티증권모투자신탁(주식),,,05A66,,05A78,한국투자웰링턴글로벌퀄리티증권자투자신탁UH(주식)(C-W),03V65,05A66,05A78,X,X,X,03V65,한국투자웰링턴글로벌퀄리티증권모투자신탁(주식)
201,03V65,한국투자웰링턴글로벌퀄리티증권모투자신탁(주식),,,05A66,,05A79,한국투자웰링턴글로벌퀄리티증권자투자신탁UH(주식)(S),03V65,05A66,05A79,X,X,X,03V65,한국투자웰링턴글로벌퀄리티증권모투자신탁(주식)
202,03V65,한국투자웰링턴글로벌퀄리티증권모투자신탁(주식),,,05A66,,05A80,한국투자웰링턴글로벌퀄리티증권자투자신탁UH(주식)(S-P),03V65,05A66,05A80,X,X,X,03V65,한국투자웰링턴글로벌퀄리티증권모투자신탁(주식)
203,03V65,한국투자웰링턴글로벌퀄리티증권모투자신탁(주식),,,05A66,,05K65,한국투자웰링턴글로벌퀄리티증권자투자신탁UH(주식)(A-G),03V65,05A66,05K65,X,X,X,03V65,한국투자웰링턴글로벌퀄리티증권모투자신탁(주식)
204,03V65,한국투자웰링턴글로벌퀄리티증권모투자신탁(주식),,,05A66,,05K66,한국투자웰링턴글로벌퀄리티증권자투자신탁UH(주식)(C-G),03V65,05A66,05K66,X,X,X,03V65,한국투자웰링턴글로벌퀄리티증권모투자신탁(주식)
205,03V65,한국투자웰링턴글로벌퀄리티증권모투자신탁(주식),,,05A66,,05K67,한국투자웰링턴글로벌퀄리티증권자투자신탁UH(주식)(C-Re),03V65,05A66,05K67,X,X,X,03V65,한국투자웰링턴글로벌퀄리티증권모투자신탁(주식)
206,03V65,한국투자웰링턴글로벌퀄리티증권모투자신탁(주식),해지,100,05A66,한국투자웰링턴글로벌퀄리티증권자투자신탁UH(주식)(모),05A67,한국투자웰링턴글로벌퀄리티증권자투자신탁UH(주식)(A),03V65,05A66,05A67,X,X,X,03V65,한국투자웰링턴글로벌퀄리티증권모투자신탁(주식)
207,03V65,한국투자웰링턴글로벌퀄리티증권모투자신탁(주식),,,05A66,,05A68,한국투자웰링턴글로벌퀄리티증권자투자신탁UH(주식)(A-e),03V65,05A66,05A68,X,X,X,03V65,한국투자웰링턴글로벌퀄리티증권모투자신탁(주식)
208,03V65,한국투자웰링턴글로벌퀄리티증권모투자신탁(주식),,,05A66,,05A69,한국투자웰링턴글로벌퀄리티증권자투자신탁UH(주식)(C),03V65,05A66,05A69,X,X,X,03V65,한국투자웰링턴글로벌퀄리티증권모투자신탁(주식)
209,03V65,한국투자웰링턴글로벌퀄리티증권모투자신탁(주식),,,05A66,,05A70,한국투자웰링턴글로벌퀄리티증권자투자신탁UH(주식)(C2),03V65,05A66,05A70,X,X,X,03V65,한국투자웰링턴글로벌퀄리티증권모투자신탁(주식)
210,03V65,한국투자웰링턴글로벌퀄리티증권모투자신탁(주식),,,05A66,,05A71,한국투자웰링턴글로벌퀄리티증권자투자신탁UH(주식)(C3),03V65,05A66,05A71,X,X,X,03V65,한국투자웰링턴글로벌퀄리티증권모투자신탁(주식)
211,03V65,한국투자웰링턴글로벌퀄리티증권모투자신탁(주식),,,05A66,,05A72,한국투자웰링턴글로벌퀄리티증권자투자신탁UH(주식)(C4),03V65,05A66,05A72,X,X,X,03V65,한국투자웰링턴글로벌퀄리티증권모투자신탁(주식)
212,03V65,한국투자웰링턴글로벌퀄리티증권모투자신탁(주식),,,05A66,,05A73,한국투자웰링턴글로벌퀄리티증권자투자신탁UH(주식)(C-e),03V65,05A66,05A73,X,X,X,03V65,한국투자웰링턴글로벌퀄리티증권모투자신탁(주식)
213,03V65,한국투자웰링턴글로벌퀄리티증권모투자신탁(주식),,,05A66,,05A74,한국투자웰링턴글로벌퀄리티증권자투자신탁UH(주식)(C-F),03V65,05A66,05A74,X,X,X,03V65,한국투자웰링턴글로벌퀄리티증권모투자신탁(주식)
214,03V65,한국투자웰링턴글로벌퀄리티증권모투자신탁(주식),,,05A66,,05A75,한국투자웰링턴글로벌퀄리티증권자투자신탁UH(주식)(C-P),03V65,05A66,05A75,X,X,X,03V65,한국투자웰링턴글로벌퀄리티증권모투자신탁(주식)
215,03V65,한국투자웰링턴글로벌퀄리티증권모투자신탁(주식),,,05A66,,05A76,한국투자웰링턴글로벌퀄리티증권자투자신탁UH(주식)(C-Pe),03V65,05A66,05A76,X,X,X,03V65,한국투자웰링턴글로벌퀄리티증권모투자신탁(주식)
216,03V65,한국투자웰링턴글로벌퀄리티증권모투자신탁(주식),,,05A66,,05A77,한국투자웰링턴글로벌퀄리티증권자투자신탁UH(주식)(C-R),03V65,05A66,05A77,X,X,X,03V65,한국투자웰링턴글로벌퀄리티증권모투자신탁(주식)
217,03V65,한국투자웰링턴글로벌퀄리티증권모투자신탁(주식),,,05A66,,05A78,한국투자웰링턴글로벌퀄리티증권자투자신탁UH(주식)(C-W),03V65,05A66,05A78,X,X,X,03V65,한국투자웰링턴글로벌퀄리티증권모투자신탁(주식)
218,03V65,한국투자웰링턴글로벌퀄리티증권모투자신탁(주식),,,05A66,,05A79,한국투자웰링턴글로벌퀄리티증권자투자신탁UH(주식)(S),03V65,05A66,05A79,X,X,X,03V65,한국투자웰링턴글로벌퀄리티증권모투자신탁(주식)
219,03V65,한국투자웰링턴글로벌퀄리티증권모투자신탁(주식),,,05A66,,05A80,한국투자웰링턴글로벌퀄리티증권자투자신탁UH(주식)(S-P),03V65,05A66,05A80,X,X,X,03V65,한국투자웰링턴글로벌퀄리티증권모투자신탁(주식)
220,03V65,한국투자웰링턴글로벌퀄리티증권모투자신탁(주식),,,05A66,,05K65,한국투자웰링턴글로벌퀄리티증권자투자신탁UH(주식)(A-G),03V65,05A66,05K65,X,X,X,03V65,한국투자웰링턴글로벌퀄리티증권모투자신탁(주식)
221,03V65,한국투자웰링턴글로벌퀄리티증권모투자신탁(주식),,,05A66,,05K66,한국투자웰링턴글로벌퀄리티증권자투자신탁UH(주식)(C-G),03V65,05A66,05K66,X,X,X,03V65,한국투자웰링턴글로벌퀄리티증권모투자신탁(주식)
222,03V65,한국투자웰링턴글로벌퀄리티증권모투자신탁(주식),,,05A66,,05K67,한국투자웰링턴글로벌퀄리티증권자투자신탁UH(주식)(C-Re),03V65,05A66,05K67,X,X,X,03V65,한국투자웰링턴글로벌퀄리티증권모투자신탁(주식)
223,03V68,한국투자스타일배분증권모투자신탁(주식-재간접형),공통,0,05B02,한국투자스타일배분증권자투자신탁(주식-재간접형)(모),05B03,한국투자스타일배분증권자투자신탁(주식-재간접형)(A),03V68,05B02,05B03,X,X,X,03V68,한국투자스타일배분증권모투자신탁(주식-재간접형)
224,03V68,한국투자스타일배분증권모투자신탁(주식-재간접형),,,05B02,,05B05,한국투자스타일배분증권자투자신탁(주식-재간접형)(C),03V68,05B02,05B05,X,X,X,03V68,한국투자스타일배분증권모투자신탁(주식-재간접형)
225,03V68,한국투자스타일배분증권모투자신탁(주식-재간접형),,,05B02,,05B08,한국투자스타일배분증권자투자신탁(주식-재간접형)(C-W),03V68,05B02,05B08,X,X,X,03V68,한국투자스타일배분증권모투자신탁(주식-재간접형)
226,03V68,한국투자스타일배분증권모투자신탁(주식-재간접형),,,09D11,한국투자국민의힘증권자투자신탁1호(주식-재간접형),,,03V68,09D11,,X,X,X,03V68,한국투자스타일배분증권모투자신탁(주식-재간접형)
227,03V70,한국투자F인덱스증권모투자신탁(주식),공통,0,04B72,한국투자퇴직연금KOSPI200인덱스40증권자투자신탁3호(채권혼합),,,03V70,04B72,,X,X,X,03V70,한국투자F인덱스증권모투자신탁(주식)
228,03V70,한국투자F인덱스증권모투자신탁(주식),,,04B83,한국투자퇴직연금LCF2015증권자투자신탁2호(채권혼합),,,03V70,04B83,,X,X,X,03V70,한국투자F인덱스증권모투자신탁(주식)
229,03V70,한국투자F인덱스증권모투자신탁(주식),,,04B84,한국투자퇴직연금LCF2025증권자투자신탁2호(채권혼합),,,03V70,04B84,,X,X,X,03V70,한국투자F인덱스증권모투자신탁(주식)
230,03V70,한국투자F인덱스증권모투자신탁(주식),,,04Y39,한국투자퇴직연금KOSPI200인덱스증권자투자신탁1호(주식)(모),03Z37,한국투자퇴직연금KOSPI200인덱스증권자투자신탁1호(주식)(C),03V70,04Y39,03Z37,X,X,X,03V70,한국투자F인덱스증권모투자신탁(주식)
231,03V70,한국투자F인덱스증권모투자신탁(주식),,,04Y39,,04Y40,한국투자퇴직연금KOSPI200인덱스증권자투자신탁1호(주식)(C-F),03V70,04Y39,04Y40,X,X,X,03V70,한국투자F인덱스증권모투자신탁(주식)
232,03V70,한국투자F인덱스증권모투자신탁(주식),,,04Y39,,04Y41,한국투자퇴직연금KOSPI200인덱스증권자투자신탁1호(주식)(C-J),03V70,04Y39,04Y41,X,X,X,03V70,한국투자F인덱스증권모투자신탁(주식)
233,03V70,한국투자F인덱스증권모투자신탁(주식),,,04Y39,,05M29,한국투자퇴직연금KOSPI200인덱스증권자투자신탁1호(주식)(C-e),03V70,04Y39,05M29,X,X,X,03V70,한국투자F인덱스증권모투자신탁(주식)
234,03V70,한국투자F인덱스증권모투자신탁(주식),,,05K08,한국투자퇴직연금KOSPI200인덱스40증권자투자신탁1호(채권혼합)(모),04Z79,한국투자퇴직연금KOSPI200인덱스40증권자투자신탁1호(채권혼합)(C),03V70,05K08,04Z79,X,X,X,03V70,한국투자F인덱스증권모투자신탁(주식)
235,03V70,한국투자F인덱스증권모투자신탁(주식),,,05K08,,05K09,한국투자퇴직연금KOSPI200인덱스40증권자투자신탁1호(채권혼합)(C-e),03V70,05K08,05K09,X,X,X,03V70,한국투자F인덱스증권모투자신탁(주식)
236,03V70,한국투자F인덱스증권모투자신탁(주식),,,05M14,한국투자퇴직연금KOSPI200인덱스40증권자투자신탁2호(채권혼합)(모),04A11,한국투자퇴직연금KOSPI200인덱스40증권자투자신탁2호(채권혼합)(C),03V70,05M14,04A11,X,X,X,03V70,한국투자F인덱스증권모투자신탁(주식)
237,03V70,한국투자F인덱스증권모투자신탁(주식),,,06A88,한국투자코스피200인덱스증권자투자신탁(주식)(모),04181,한국투자코스피200인덱스증권자투자신탁(주식)(A),03V70,06A88,04181,X,X,X,03V70,한국투자F인덱스증권모투자신탁(주식)
238,03V70,한국투자F인덱스증권모투자신탁(주식),,,06A88,,07G81,한국투자코스피200인덱스증권자투자신탁(주식)(C-F),03V70,06A88,07G81,X,X,X,03V70,한국투자F인덱스증권모투자신탁(주식)
239,03V70,한국투자F인덱스증권모투자신탁(주식),,,06A88,,50031,한국투자코스피200인덱스증권자투자신탁(주식)(A-e),03V70,06A88,50031,X,X,X,03V70,한국투자F인덱스증권모투자신탁(주식)
240,03V70,한국투자F인덱스증권모투자신탁(주식),,,06A88,,50033,한국투자코스피200인덱스증권자투자신탁(주식)(C-e),03V70,06A88,50033,X,X,X,03V70,한국투자F인덱스증권모투자신탁(주식)
241,03V70,한국투자F인덱스증권모투자신탁(주식),,,20104,한국투자퇴직연금엄브렐러LCF인덱스10증권전환형자투자신탁1호(채권혼합),,,03V70,20104,,X,X,X,03V70,한국투자F인덱스증권모투자신탁(주식)
242,03V70,한국투자F인덱스증권모투자신탁(주식),,,20105,한국투자퇴직연금엄브렐러LCF인덱스20증권전환형자투자신탁1호(채권혼합),,,03V70,20105,,X,X,X,03V70,한국투자F인덱스증권모투자신탁(주식)
243,03V70,한국투자F인덱스증권모투자신탁(주식),,,20106,한국투자퇴직연금엄브렐러LCF인덱스30증권전환형자투자신탁1호(채권혼합),,,03V70,20106,,X,X,X,03V70,한국투자F인덱스증권모투자신탁(주식)
244,03V70,한국투자F인덱스증권모투자신탁(주식),,,20107,한국투자퇴직연금엄브렐러LCF인덱스40증권전환형자투자신탁1호(채권혼합),,,03V70,20107,,X,X,X,03V70,한국투자F인덱스증권모투자신탁(주식)
245,03V71,한국투자달러표시우량채권목표전환형증권모투자신탁(USD)(채권-재간접형),공통,0,05B42,한국투자달러표시우량채권목표전환형증권자투자신탁1호(H)(채권-재간접형)(모),05B43,한국투자달러표시우량채권목표전환형증권자투자신탁1호(H)(채권-재간접형)(A),03V71,05B42,05B43,X,X,X,03V71,한국투자달러표시우량채권목표전환형증권모투자신탁(USD)(채권-재간접형)
246,03V71,한국투자달러표시우량채권목표전환형증권모투자신탁(USD)(채권-재간접형),,,05B42,,05B44,한국투자달러표시우량채권목표전환형증권자투자신탁1호(H)(채권-재간접형)(C),03V71,05B42,05B44,X,X,X,03V71,한국투자달러표시우량채권목표전환형증권모투자신탁(USD)(채권-재간접형)
247,03V71,한국투자달러표시우량채권목표전환형증권모투자신탁(USD)(채권-재간접형),,,05B48,한국투자달러표시우량채권목표전환형증권자투자신탁1호(USD)(채권-재간접형)(모),05B49,한국투자달러표시우량채권목표전환형증권자투자신탁1호(USD)(채권-재간접형)(A),03V71,05B48,05B49,X,X,X,03V71,한국투자달러표시우량채권목표전환형증권모투자신탁(USD)(채권-재간접형)
248,03V71,한국투자달러표시우량채권목표전환형증권모투자신탁(USD)(채권-재간접형),,,05B48,,05B50,한국투자달러표시우량채권목표전환형증권자투자신탁1호(USD)(채권-재간접형)(C),03V71,05B48,05B50,X,X,X,03V71,한국투자달러표시우량채권목표전환형증권모투자신탁(USD)(채권-재간접형)
249,03V72,한국투자삼성그룹리딩플러스증권모투자신탁(주식),공통,100,03Z50,한국투자삼성그룹리딩플러스증권자투자신탁1호(주식)(모),03W89,한국투자삼성그룹리딩플러스증권자투자신탁1호(주식)(S),03V72,03Z50,03W89,X,X,X,03V72,한국투자삼성그룹리딩플러스증권모투자신탁(주식)
250,03V72,한국투자삼성그룹리딩플러스증권모투자신탁(주식),,,03Z50,,03Z48,한국투자삼성그룹리딩플러스증권자투자신탁1호(주식)(C1),03V72,03Z50,03Z48,X,X,X,03V72,한국투자삼성그룹리딩플러스증권모투자신탁(주식)
251,03V72,한국투자삼성그룹리딩플러스증권모투자신탁(주식),,,03Z50,,03Z67,한국투자삼성그룹리딩플러스증권자투자신탁1호(주식)(A),03V72,03Z50,03Z67,X,X,X,03V72,한국투자삼성그룹리딩플러스증권모투자신탁(주식)
252,03V72,한국투자삼성그룹리딩플러스증권모투자신탁(주식),,,03Z50,,05M38,한국투자삼성그룹리딩플러스증권자투자신탁1호(주식)(A-e),03V72,03Z50,05M38,X,X,X,03V72,한국투자삼성그룹리딩플러스증권모투자신탁(주식)
253,03V72,한국투자삼성그룹리딩플러스증권모투자신탁(주식),,,03Z50,,05X49,한국투자삼성그룹리딩플러스증권자투자신탁1호(주식)(C-F),03V72,03Z50,05X49,X,X,X,03V72,한국투자삼성그룹리딩플러스증권모투자신탁(주식)
254,03V72,한국투자삼성그룹리딩플러스증권모투자신탁(주식),,,03Z50,,40056,한국투자삼성그룹리딩플러스증권자투자신탁1호(주식)(C-e),03V72,03Z50,40056,X,X,X,03V72,한국투자삼성그룹리딩플러스증권모투자신탁(주식)
255,03V72,한국투자삼성그룹리딩플러스증권모투자신탁(주식),,,03Z50,,40187,한국투자삼성그룹리딩플러스증권자투자신탁1호(주식)(C2),03V72,03Z50,40187,X,X,X,03V72,한국투자삼성그룹리딩플러스증권모투자신탁(주식)
256,03V72,한국투자삼성그룹리딩플러스증권모투자신탁(주식),,,03Z50,,40188,한국투자삼성그룹리딩플러스증권자투자신탁1호(주식)(C3),03V72,03Z50,40188,X,X,X,03V72,한국투자삼성그룹리딩플러스증권모투자신탁(주식)
257,03V72,한국투자삼성그룹리딩플러스증권모투자신탁(주식),,,03Z50,,40189,한국투자삼성그룹리딩플러스증권자투자신탁1호(주식)(C4),03V72,03Z50,40189,X,X,X,03V72,한국투자삼성그룹리딩플러스증권모투자신탁(주식)
258,03V72,한국투자삼성그룹리딩플러스증권모투자신탁(주식),,,03Z50,,40190,한국투자삼성그룹리딩플러스증권자투자신탁1호(주식)(C5),03V72,03Z50,40190,X,X,X,03V72,한국투자삼성그룹리딩플러스증권모투자신탁(주식)
259,03V72,한국투자삼성그룹리딩플러스증권모투자신탁(주식),,0,05X18,한국투자변액보험삼성그룹주플러스증권자투자신탁1호(주식),,,03V72,05X18,,X,X,X,03V72,한국투자삼성그룹리딩플러스증권모투자신탁(주식)
260,03V74,한국투자SSGA글로벌저변동성증권모투자신탁(주식),공통,100,05B66,한국투자SSGA글로벌저변동성증권자투자신탁H(주식)(모),05B67,한국투자SSGA글로벌저변동성증권자투자신탁H(주식)(A),03V74,05B66,05B67,X,X,X,03V74,한국투자SSGA글로벌저변동성증권모투자신탁(주식)
261,03V74,한국투자SSGA글로벌저변동성증권모투자신탁(주식),,,05B66,,05B68,한국투자SSGA글로벌저변동성증권자투자신탁H(주식)(A-e),03V74,05B66,05B68,X,X,X,03V74,한국투자SSGA글로벌저변동성증권모투자신탁(주식)
262,03V74,한국투자SSGA글로벌저변동성증권모투자신탁(주식),,,05B66,,05B69,한국투자SSGA글로벌저변동성증권자투자신탁H(주식)(C),03V74,05B66,05B69,X,X,X,03V74,한국투자SSGA글로벌저변동성증권모투자신탁(주식)
263,03V74,한국투자SSGA글로벌저변동성증권모투자신탁(주식),,,05B66,,05B70,한국투자SSGA글로벌저변동성증권자투자신탁H(주식)(C2),03V74,05B66,05B70,X,X,X,03V74,한국투자SSGA글로벌저변동성증권모투자신탁(주식)
264,03V74,한국투자SSGA글로벌저변동성증권모투자신탁(주식),,,05B66,,05B71,한국투자SSGA글로벌저변동성증권자투자신탁H(주식)(C3),03V74,05B66,05B71,X,X,X,03V74,한국투자SSGA글로벌저변동성증권모투자신탁(주식)
265,03V74,한국투자SSGA글로벌저변동성증권모투자신탁(주식),,,05B66,,05B72,한국투자SSGA글로벌저변동성증권자투자신탁H(주식)(C4),03V74,05B66,05B72,X,X,X,03V74,한국투자SSGA글로벌저변동성증권모투자신탁(주식)
266,03V74,한국투자SSGA글로벌저변동성증권모투자신탁(주식),,,05B66,,05B73,한국투자SSGA글로벌저변동성증권자투자신탁H(주식)(C-e),03V74,05B66,05B73,X,X,X,03V74,한국투자SSGA글로벌저변동성증권모투자신탁(주식)
267,03V74,한국투자SSGA글로벌저변동성증권모투자신탁(주식),,,05B66,,05B74,한국투자SSGA글로벌저변동성증권자투자신탁H(주식)(C-F),03V74,05B66,05B74,X,X,X,03V74,한국투자SSGA글로벌저변동성증권모투자신탁(주식)
268,03V74,한국투자SSGA글로벌저변동성증권모투자신탁(주식),,,05B66,,05B75,한국투자SSGA글로벌저변동성증권자투자신탁H(주식)(C-P),03V74,05B66,05B75,X,X,X,03V74,한국투자SSGA글로벌저변동성증권모투자신탁(주식)
269,03V74,한국투자SSGA글로벌저변동성증권모투자신탁(주식),,,05B66,,05B76,한국투자SSGA글로벌저변동성증권자투자신탁H(주식)(C-R),03V74,05B66,05B76,X,X,X,03V74,한국투자SSGA글로벌저변동성증권모투자신탁(주식)
270,03V74,한국투자SSGA글로벌저변동성증권모투자신탁(주식),,,05B66,,05B77,한국투자SSGA글로벌저변동성증권자투자신탁H(주식)(C-W),03V74,05B66,05B77,X,X,X,03V74,한국투자SSGA글로벌저변동성증권모투자신탁(주식)
271,03V74,한국투자SSGA글로벌저변동성증권모투자신탁(주식),,,05B66,,05K50,한국투자SSGA글로벌저변동성증권자투자신탁H(주식)(C-Pe),03V74,05B66,05K50,X,X,X,03V74,한국투자SSGA글로벌저변동성증권모투자신탁(주식)
272,03V74,한국투자SSGA글로벌저변동성증권모투자신탁(주식),,,05B66,,05K51,한국투자SSGA글로벌저변동성증권자투자신탁H(주식)(C-Re),03V74,05B66,05K51,X,X,X,03V74,한국투자SSGA글로벌저변동성증권모투자신탁(주식)
273,03V74,한국투자SSGA글로벌저변동성증권모투자신탁(주식),,,05B66,,05P91,한국투자SSGA글로벌저변동성증권자투자신탁H(주식)(S),03V74,05B66,05P91,X,X,X,03V74,한국투자SSGA글로벌저변동성증권모투자신탁(주식)
274,03V74,한국투자SSGA글로벌저변동성증권모투자신탁(주식),,,05B66,,05P92,한국투자SSGA글로벌저변동성증권자투자신탁H(주식)(S-P),03V74,05B66,05P92,X,X,X,03V74,한국투자SSGA글로벌저변동성증권모투자신탁(주식)
275,03V74,한국투자SSGA글로벌저변동성증권모투자신탁(주식),,,05B79,한국투자SSGA글로벌저변동성증권자투자신탁UH(주식)(모),05B80,한국투자SSGA글로벌저변동성증권자투자신탁UH(주식)(A),03V74,05B79,05B80,X,X,X,03V74,한국투자SSGA글로벌저변동성증권모투자신탁(주식)
276,03V74,한국투자SSGA글로벌저변동성증권모투자신탁(주식),,,05B79,,05B81,한국투자SSGA글로벌저변동성증권자투자신탁UH(주식)(A-e),03V74,05B79,05B81,X,X,X,03V74,한국투자SSGA글로벌저변동성증권모투자신탁(주식)
277,03V74,한국투자SSGA글로벌저변동성증권모투자신탁(주식),,,05B79,,05B82,한국투자SSGA글로벌저변동성증권자투자신탁UH(주식)(C),03V74,05B79,05B82,X,X,X,03V74,한국투자SSGA글로벌저변동성증권모투자신탁(주식)
278,03V74,한국투자SSGA글로벌저변동성증권모투자신탁(주식),,,05B79,,05B83,한국투자SSGA글로벌저변동성증권자투자신탁UH(주식)(C2),03V74,05B79,05B83,X,X,X,03V74,한국투자SSGA글로벌저변동성증권모투자신탁(주식)
279,03V74,한국투자SSGA글로벌저변동성증권모투자신탁(주식),,,05B79,,05B84,한국투자SSGA글로벌저변동성증권자투자신탁UH(주식)(C3),03V74,05B79,05B84,X,X,X,03V74,한국투자SSGA글로벌저변동성증권모투자신탁(주식)
280,03V74,한국투자SSGA글로벌저변동성증권모투자신탁(주식),,,05B79,,05B85,한국투자SSGA글로벌저변동성증권자투자신탁UH(주식)(C4),03V74,05B79,05B85,X,X,X,03V74,한국투자SSGA글로벌저변동성증권모투자신탁(주식)
281,03V74,한국투자SSGA글로벌저변동성증권모투자신탁(주식),,,05B79,,05B86,한국투자SSGA글로벌저변동성증권자투자신탁UH(주식)(C-e),03V74,05B79,05B86,X,X,X,03V74,한국투자SSGA글로벌저변동성증권모투자신탁(주식)
282,03V74,한국투자SSGA글로벌저변동성증권모투자신탁(주식),,,05B79,,05B88,한국투자SSGA글로벌저변동성증권자투자신탁UH(주식)(C-P),03V74,05B79,05B88,X,X,X,03V74,한국투자SSGA글로벌저변동성증권모투자신탁(주식)
283,03V74,한국투자SSGA글로벌저변동성증권모투자신탁(주식),,,05B79,,05B89,한국투자SSGA글로벌저변동성증권자투자신탁UH(주식)(C-R),03V74,05B79,05B89,X,X,X,03V74,한국투자SSGA글로벌저변동성증권모투자신탁(주식)
284,03V74,한국투자SSGA글로벌저변동성증권모투자신탁(주식),,,05B79,,05K54,한국투자SSGA글로벌저변동성증권자투자신탁UH(주식)(C-Pe),03V74,05B79,05K54,X,X,X,03V74,한국투자SSGA글로벌저변동성증권모투자신탁(주식)
285,03V74,한국투자SSGA글로벌저변동성증권모투자신탁(주식),,,05B79,,05K55,한국투자SSGA글로벌저변동성증권자투자신탁UH(주식)(C-Re),03V74,05B79,05K55,X,X,X,03V74,한국투자SSGA글로벌저변동성증권모투자신탁(주식)
286,03V74,한국투자SSGA글로벌저변동성증권모투자신탁(주식),,,05B79,,05P93,한국투자SSGA글로벌저변동성증권자투자신탁UH(주식)(S),03V74,05B79,05P93,X,X,X,03V74,한국투자SSGA글로벌저변동성증권모투자신탁(주식)
287,03V74,한국투자SSGA글로벌저변동성증권모투자신탁(주식),,,05B79,,05P94,한국투자SSGA글로벌저변동성증권자투자신탁UH(주식)(S-P),03V74,05B79,05P94,X,X,X,03V74,한국투자SSGA글로벌저변동성증권모투자신탁(주식)
288,03V75,한국투자노블클래스미국일반사모증권모투자신탁1호(주식),공통,0,03V76,한국투자노블클래스미국일반사모증권자투자신탁1호(주식),,,03V75,03V76,,X,X,X,03V75,한국투자노블클래스미국일반사모증권모투자신탁1호(주식)
289,03V78,한국투자노블클래스유럽전문투자형사모증권모투자신탁2호(주식),공통,0,03V79,한국투자노블클래스유럽전문투자형사모증권자투자신탁2호(주식),,,03V78,03V79,,X,X,X,03V78,한국투자노블클래스유럽전문투자형사모증권모투자신탁2호(주식)
290,03V80,한국투자노블클래스유럽일반사모증권모투자신탁3호(주식),공통,0,03V81,한국투자노블클래스유럽일반사모증권자투자신탁3호(주식),,,03V80,03V81,,X,X,X,03V80,한국투자노블클래스유럽일반사모증권모투자신탁3호(주식)
291,03V82,한국투자다시성장코리아증권모투자신탁(주식),공통,100,03Z23,한국투자다시성장코리아증권자투자신탁1호(주식)(모),04Y05,한국투자다시성장코리아증권자투자신탁1호(주식)(S),03V82,03Z23,04Y05,X,X,X,03V82,한국투자다시성장코리아증권모투자신탁(주식)
292,03V82,한국투자다시성장코리아증권모투자신탁(주식),,,03Z23,,05K69,한국투자다시성장코리아증권자투자신탁1호(주식)(A),03V82,03Z23,05K69,X,X,X,03V82,한국투자다시성장코리아증권모투자신탁(주식)
293,03V82,한국투자다시성장코리아증권모투자신탁(주식),,,03Z23,,05K70,한국투자다시성장코리아증권자투자신탁1호(주식)(A-e),03V82,03Z23,05K70,X,X,X,03V82,한국투자다시성장코리아증권모투자신탁(주식)
294,03V82,한국투자다시성장코리아증권모투자신탁(주식),,,03Z23,,05K71,한국투자다시성장코리아증권자투자신탁1호(주식)(A-G),03V82,03Z23,05K71,X,X,X,03V82,한국투자다시성장코리아증권모투자신탁(주식)
295,03V82,한국투자다시성장코리아증권모투자신탁(주식),,,03Z23,,05K72,한국투자다시성장코리아증권자투자신탁1호(주식)(C-e),03V82,03Z23,05K72,X,X,X,03V82,한국투자다시성장코리아증권모투자신탁(주식)
296,03V82,한국투자다시성장코리아증권모투자신탁(주식),,,03Z23,,05K73,한국투자다시성장코리아증권자투자신탁1호(주식)(C-F),03V82,03Z23,05K73,X,X,X,03V82,한국투자다시성장코리아증권모투자신탁(주식)
297,03V82,한국투자다시성장코리아증권모투자신탁(주식),,,03Z23,,05K75,한국투자다시성장코리아증권자투자신탁1호(주식)(C-P),03V82,03Z23,05K75,X,X,X,03V82,한국투자다시성장코리아증권모투자신탁(주식)
298,03V82,한국투자다시성장코리아증권모투자신탁(주식),,,03Z23,,05K76,한국투자다시성장코리아증권자투자신탁1호(주식)(C-Pe),03V82,03Z23,05K76,X,X,X,03V82,한국투자다시성장코리아증권모투자신탁(주식)
299,03V82,한국투자다시성장코리아증권모투자신탁(주식),,,03Z23,,05K77,한국투자다시성장코리아증권자투자신탁1호(주식)(C-R),03V82,03Z23,05K77,X,X,X,03V82,한국투자다시성장코리아증권모투자신탁(주식)
300,03V82,한국투자다시성장코리아증권모투자신탁(주식),,,03Z23,,05K78,한국투자다시성장코리아증권자투자신탁1호(주식)(C-Re),03V82,03Z23,05K78,X,X,X,03V82,한국투자다시성장코리아증권모투자신탁(주식)
301,03V82,한국투자다시성장코리아증권모투자신탁(주식),,,03Z23,,05K79,한국투자다시성장코리아증권자투자신탁1호(주식)(C-W),03V82,03Z23,05K79,X,X,X,03V82,한국투자다시성장코리아증권모투자신탁(주식)
302,03V82,한국투자다시성장코리아증권모투자신탁(주식),,,03Z23,,05K80,한국투자다시성장코리아증권자투자신탁1호(주식)(S-P),03V82,03Z23,05K80,X,X,X,03V82,한국투자다시성장코리아증권모투자신탁(주식)
303,03V82,한국투자다시성장코리아증권모투자신탁(주식),,,03Z23,,43551,한국투자다시성장코리아증권자투자신탁1호(주식)(C),03V82,03Z23,43551,X,X,X,03V82,한국투자다시성장코리아증권모투자신탁(주식)
304,03V83,한국투자프라임글로벌가치일반사모증권모투자신탁1호(주식),공통,0,03W12,KPOST해외주식일반사모증권자투자신탁2호(주식),,,03V83,03W12,,X,X,X,03V83,한국투자프라임글로벌가치일반사모증권모투자신탁1호(주식)
305,03V84,한국투자프라임글로벌배당일반사모증권모투자신탁1호(주식),공통,0,03W12,KPOST해외주식일반사모증권자투자신탁2호(주식),,,03V84,03W12,,X,X,X,03V84,한국투자프라임글로벌배당일반사모증권모투자신탁1호(주식)
306,03V86,한국투자노블클래스글로벌배당일반사모증권모투자신탁1호(주식),공통,0,03V87,한국투자노블클래스글로벌배당일반사모증권자투자신탁1호(주식),,,03V86,03V87,,X,X,X,03V86,한국투자노블클래스글로벌배당일반사모증권모투자신탁1호(주식)
307,03V90,한국투자크레딧포커스ESG증권모투자신탁(채권),공통,100,02V88,한국투자크레딧포커스ESG증권자투자신탁1호(채권)(모),05A95,한국투자크레딧포커스ESG증권자투자신탁1호(채권)(C-F),03V90,02V88,05A95,X,X,X,03V90,한국투자크레딧포커스ESG증권모투자신탁(채권)
308,03V90,한국투자크레딧포커스ESG증권모투자신탁(채권),,,02V88,,05M44,한국투자크레딧포커스ESG증권자투자신탁1호(채권)(A-e),03V90,02V88,05M44,X,X,X,03V90,한국투자크레딧포커스ESG증권모투자신탁(채권)
309,03V90,한국투자크레딧포커스ESG증권모투자신탁(채권),,,02V88,,05Q01,한국투자크레딧포커스ESG증권자투자신탁1호(채권)(C-R),03V90,02V88,05Q01,X,X,X,03V90,한국투자크레딧포커스ESG증권모투자신탁(채권)
310,03V90,한국투자크레딧포커스ESG증권모투자신탁(채권),,,02V88,,05Q02,한국투자크레딧포커스ESG증권자투자신탁1호(채권)(C-W),03V90,02V88,05Q02,X,X,X,03V90,한국투자크레딧포커스ESG증권모투자신탁(채권)
311,03V90,한국투자크레딧포커스ESG증권모투자신탁(채권),,,02V88,,05Q77,한국투자크레딧포커스ESG증권자투자신탁1호(채권)(C-Re),03V90,02V88,05Q77,X,X,X,03V90,한국투자크레딧포커스ESG증권모투자신탁(채권)
312,03V90,한국투자크레딧포커스ESG증권모투자신탁(채권),,,02V88,,05Q89,한국투자크레딧포커스ESG증권자투자신탁1호(채권)(S-P),03V90,02V88,05Q89,X,X,X,03V90,한국투자크레딧포커스ESG증권모투자신탁(채권)
313,03V90,한국투자크레딧포커스ESG증권모투자신탁(채권),,,02V88,,05Q90,한국투자크레딧포커스ESG증권자투자신탁1호(채권)(C-P),03V90,02V88,05Q90,X,X,X,03V90,한국투자크레딧포커스ESG증권모투자신탁(채권)
314,03V90,한국투자크레딧포커스ESG증권모투자신탁(채권),,,02V88,,05Q91,한국투자크레딧포커스ESG증권자투자신탁1호(채권)(C-Pe),03V90,02V88,05Q91,X,X,X,03V90,한국투자크레딧포커스ESG증권모투자신탁(채권)
315,03V90,한국투자크레딧포커스ESG증권모투자신탁(채권),,,02V88,,05V18,한국투자크레딧포커스ESG증권자투자신탁1호(채권)(C-G),03V90,02V88,05V18,X,X,X,03V90,한국투자크레딧포커스ESG증권모투자신탁(채권)
316,03V90,한국투자크레딧포커스ESG증권모투자신탁(채권),,,02V88,,05Z17,한국투자크레딧포커스ESG증권자투자신탁1호(채권)(S-R),03V90,02V88,05Z17,X,X,X,03V90,한국투자크레딧포커스ESG증권모투자신탁(채권)
317,03V90,한국투자크레딧포커스ESG증권모투자신탁(채권),,,02V88,,06G16,한국투자크레딧포커스ESG증권자투자신탁1호(채권)(S),03V90,02V88,06G16,X,X,X,03V90,한국투자크레딧포커스ESG증권모투자신탁(채권)
318,03V90,한국투자크레딧포커스ESG증권모투자신탁(채권),,,02V88,,07P18,한국투자크레딧포커스ESG증권자투자신탁1호(채권)(A1),03V90,02V88,07P18,X,X,X,03V90,한국투자크레딧포커스ESG증권모투자신탁(채권)
319,03V90,한국투자크레딧포커스ESG증권모투자신탁(채권),,,02V88,,10100,한국투자크레딧포커스ESG증권자투자신탁1호(채권)(A),03V90,02V88,10100,X,X,X,03V90,한국투자크레딧포커스ESG증권모투자신탁(채권)
320,03V90,한국투자크레딧포커스ESG증권모투자신탁(채권),,,02V88,,10101,한국투자크레딧포커스ESG증권자투자신탁1호(채권)(C),03V90,02V88,10101,X,X,X,03V90,한국투자크레딧포커스ESG증권모투자신탁(채권)
321,03V90,한국투자크레딧포커스ESG증권모투자신탁(채권),,,02V88,,10102,한국투자크레딧포커스ESG증권자투자신탁1호(채권)(C-e),03V90,02V88,10102,X,X,X,03V90,한국투자크레딧포커스ESG증권모투자신탁(채권)
322,03V90,한국투자크레딧포커스ESG증권모투자신탁(채권),,33,05W74,한국투자중기우량채증권자투자신탁(채권)(모),05W75,한국투자중기우량채증권자투자신탁(채권)(A),03V90,05W74,05W75,X,X,X,03V90,한국투자크레딧포커스ESG증권모투자신탁(채권)
323,03V90,한국투자크레딧포커스ESG증권모투자신탁(채권),,,05W74,,05W76,한국투자중기우량채증권자투자신탁(채권)(A-e),03V90,05W74,05W76,X,X,X,03V90,한국투자크레딧포커스ESG증권모투자신탁(채권)
324,03V90,한국투자크레딧포커스ESG증권모투자신탁(채권),,,05W74,,05W78,한국투자중기우량채증권자투자신탁(채권)(C),03V90,05W74,05W78,X,X,X,03V90,한국투자크레딧포커스ESG증권모투자신탁(채권)
325,03V90,한국투자크레딧포커스ESG증권모투자신탁(채권),,,05W74,,05W79,한국투자중기우량채증권자투자신탁(채권)(C-e),03V90,05W74,05W79,X,X,X,03V90,한국투자크레딧포커스ESG증권모투자신탁(채권)
326,03V90,한국투자크레딧포커스ESG증권모투자신탁(채권),,,05W74,,05W80,한국투자중기우량채증권자투자신탁(채권)(C-F),03V90,05W74,05W80,X,X,X,03V90,한국투자크레딧포커스ESG증권모투자신탁(채권)
327,03V90,한국투자크레딧포커스ESG증권모투자신탁(채권),,,05W74,,05W84,한국투자중기우량채증권자투자신탁(채권)(C-R),03V90,05W74,05W84,X,X,X,03V90,한국투자크레딧포커스ESG증권모투자신탁(채권)
328,03V90,한국투자크레딧포커스ESG증권모투자신탁(채권),,,05W74,,05W85,한국투자중기우량채증권자투자신탁(채권)(C-Re),03V90,05W74,05W85,X,X,X,03V90,한국투자크레딧포커스ESG증권모투자신탁(채권)
329,03V90,한국투자크레딧포커스ESG증권모투자신탁(채권),,,05W74,,05W87,한국투자중기우량채증권자투자신탁(채권)(S),03V90,05W74,05W87,X,X,X,03V90,한국투자크레딧포커스ESG증권모투자신탁(채권)
330,03V90,한국투자크레딧포커스ESG증권모투자신탁(채권),,,05W74,,05W88,한국투자중기우량채증권자투자신탁(채권)(S-P),03V90,05W74,05W88,X,X,X,03V90,한국투자크레딧포커스ESG증권모투자신탁(채권)
331,03V90,한국투자크레딧포커스ESG증권모투자신탁(채권),,0,07B50,한국투자미국배당귀족증권자투자신탁(채권혼합)(모),07B51,한국투자미국배당귀족증권자투자신탁(채권혼합)(A),03V90,07B50,07B51,X,X,X,03V90,한국투자크레딧포커스ESG증권모투자신탁(채권)
332,03V90,한국투자크레딧포커스ESG증권모투자신탁(채권),,,07B50,,07B52,한국투자미국배당귀족증권자투자신탁(채권혼합)(A-e),03V90,07B50,07B52,X,X,X,03V90,한국투자크레딧포커스ESG증권모투자신탁(채권)
333,03V90,한국투자크레딧포커스ESG증권모투자신탁(채권),,,07B50,,07B54,한국투자미국배당귀족증권자투자신탁(채권혼합)(C),03V90,07B50,07B54,X,X,X,03V90,한국투자크레딧포커스ESG증권모투자신탁(채권)
334,03V90,한국투자크레딧포커스ESG증권모투자신탁(채권),,,07B50,,07B55,한국투자미국배당귀족증권자투자신탁(채권혼합)(C-e),03V90,07B50,07B55,X,X,X,03V90,한국투자크레딧포커스ESG증권모투자신탁(채권)
335,03V90,한국투자크레딧포커스ESG증권모투자신탁(채권),,,07B50,,07B58,한국투자미국배당귀족증권자투자신탁(채권혼합)(C-P),03V90,07B50,07B58,X,X,X,03V90,한국투자크레딧포커스ESG증권모투자신탁(채권)
336,03V90,한국투자크레딧포커스ESG증권모투자신탁(채권),,,07B50,,07B59,한국투자미국배당귀족증권자투자신탁(채권혼합)(C-Pe),03V90,07B50,07B59,X,X,X,03V90,한국투자크레딧포커스ESG증권모투자신탁(채권)
337,03V90,한국투자크레딧포커스ESG증권모투자신탁(채권),,,07B50,,07B60,한국투자미국배당귀족증권자투자신탁(채권혼합)(C-R),03V90,07B50,07B60,X,X,X,03V90,한국투자크레딧포커스ESG증권모투자신탁(채권)
338,03V90,한국투자크레딧포커스ESG증권모투자신탁(채권),,,07B50,,07B61,한국투자미국배당귀족증권자투자신탁(채권혼합)(C-Re),03V90,07B50,07B61,X,X,X,03V90,한국투자크레딧포커스ESG증권모투자신탁(채권)
339,03V90,한국투자크레딧포커스ESG증권모투자신탁(채권),,,07B50,,07B62,한국투자미국배당귀족증권자투자신탁(채권혼합)(C-W),03V90,07B50,07B62,X,X,X,03V90,한국투자크레딧포커스ESG증권모투자신탁(채권)
340,03V90,한국투자크레딧포커스ESG증권모투자신탁(채권),,,07B67,한국투자미국배당귀족증권자투자신탁(주식혼합)(모),07B68,한국투자미국배당귀족증권자투자신탁(주식혼합)(A),03V90,07B67,07B68,X,X,X,03V90,한국투자크레딧포커스ESG증권모투자신탁(채권)
341,03V90,한국투자크레딧포커스ESG증권모투자신탁(채권),,,07B67,,07B69,한국투자미국배당귀족증권자투자신탁(주식혼합)(A-e),03V90,07B67,07B69,X,X,X,03V90,한국투자크레딧포커스ESG증권모투자신탁(채권)
342,03V90,한국투자크레딧포커스ESG증권모투자신탁(채권),,,07B67,,07B71,한국투자미국배당귀족증권자투자신탁(주식혼합)(C),03V90,07B67,07B71,X,X,X,03V90,한국투자크레딧포커스ESG증권모투자신탁(채권)
343,03V90,한국투자크레딧포커스ESG증권모투자신탁(채권),,,07B67,,07B72,한국투자미국배당귀족증권자투자신탁(주식혼합)(C-e),03V90,07B67,07B72,X,X,X,03V90,한국투자크레딧포커스ESG증권모투자신탁(채권)
344,03V90,한국투자크레딧포커스ESG증권모투자신탁(채권),,,07B67,,07B76,한국투자미국배당귀족증권자투자신탁(주식혼합)(C-Pe),03V90,07B67,07B76,X,X,X,03V90,한국투자크레딧포커스ESG증권모투자신탁(채권)
345,03V90,한국투자크레딧포커스ESG증권모투자신탁(채권),,66,07W02,한국투자베트남주식35증권자투자신탁(채권혼합)(모),07W06,한국투자베트남주식35증권자투자신탁(채권혼합)(C-e),03V90,07W02,07W06,X,X,X,03V90,한국투자크레딧포커스ESG증권모투자신탁(채권)
346,03V90,한국투자크레딧포커스ESG증권모투자신탁(채권),,,07W02,,07W09,한국투자베트남주식35증권자투자신탁(채권혼합)(C-W),03V90,07W02,07W09,X,X,X,03V90,한국투자크레딧포커스ESG증권모투자신탁(채권)
347,03V90,한국투자크레딧포커스ESG증권모투자신탁(채권),,20,09G48,한국투자글로벌브랜드파워증권자투자신탁(주식혼합)(모),09G49,한국투자글로벌브랜드파워증권자투자신탁(주식혼합)(A),03V90,09G48,09G49,X,X,X,03V90,한국투자크레딧포커스ESG증권모투자신탁(채권)
348,03V90,한국투자크레딧포커스ESG증권모투자신탁(채권),,,09G48,,09G50,한국투자글로벌브랜드파워증권자투자신탁(주식혼합)(A-e),03V90,09G48,09G50,X,X,X,03V90,한국투자크레딧포커스ESG증권모투자신탁(채권)
349,03V90,한국투자크레딧포커스ESG증권모투자신탁(채권),,,09G48,,09G51,한국투자글로벌브랜드파워증권자투자신탁(주식혼합)(C),03V90,09G48,09G51,X,X,X,03V90,한국투자크레딧포커스ESG증권모투자신탁(채권)
350,03V90,한국투자크레딧포커스ESG증권모투자신탁(채권),,,09G48,,09G52,한국투자글로벌브랜드파워증권자투자신탁(주식혼합)(C-e),03V90,09G48,09G52,X,X,X,03V90,한국투자크레딧포커스ESG증권모투자신탁(채권)
351,03V90,한국투자크레딧포커스ESG증권모투자신탁(채권),,,09G48,,09G54,한국투자글로벌브랜드파워증권자투자신탁(주식혼합)(C-W),03V90,09G48,09G54,X,X,X,03V90,한국투자크레딧포커스ESG증권모투자신탁(채권)
352,03V91,한국투자프라임글로벌이머징일반사모증권모투자신탁1호(주식),공통,0,03W12,KPOST해외주식일반사모증권자투자신탁2호(주식),,,03V91,03W12,,X,X,X,03V91,한국투자프라임글로벌이머징일반사모증권모투자신탁1호(주식)
353,03V92,한국투자프라임글로벌이머징일반사모증권모투자신탁2호(주식),공통,0,03W12,KPOST해외주식일반사모증권자투자신탁2호(주식),,,03V92,03W12,,X,X,X,03V92,한국투자프라임글로벌이머징일반사모증권모투자신탁2호(주식)
354,03V94,한국투자글로벌채권솔루션증권모투자신탁(채권-재간접형),공통,45,05F76,한국투자재형EMP글로벌자산배분증권자투자신탁(주식혼합-재간접형),,,03V94,05F76,,X,X,X,03V94,한국투자글로벌채권솔루션증권모투자신탁(채권-재간접형)
355,03V94,한국투자글로벌채권솔루션증권모투자신탁(채권-재간접형),,40,05G91,한국투자EMP글로벌자산배분성과보수증권자투자신탁(주식혼합-재간접형)(모),05G92,한국투자EMP글로벌자산배분성과보수증권자투자신탁(주식혼합-재간접형)(C),03V94,05G91,05G92,X,X,X,03V94,한국투자글로벌채권솔루션증권모투자신탁(채권-재간접형)
356,03V94,한국투자글로벌채권솔루션증권모투자신탁(채권-재간접형),,,05G91,,05G97,한국투자EMP글로벌자산배분성과보수증권자투자신탁(주식혼합-재간접형)(S),03V94,05G91,05G97,X,X,X,03V94,한국투자글로벌채권솔루션증권모투자신탁(채권-재간접형)
357,03V94,한국투자글로벌채권솔루션증권모투자신탁(채권-재간접형),,45,05H73,한국투자EMP글로벌자산배분증권자투자신탁(주식혼합-재간접형)(모),05G10,한국투자EMP글로벌자산배분증권자투자신탁(주식혼합-재간접형)(C-R),03V94,05H73,05G10,X,X,X,03V94,한국투자글로벌채권솔루션증권모투자신탁(채권-재간접형)
358,03V94,한국투자글로벌채권솔루션증권모투자신탁(채권-재간접형),,,05H73,,05H74,한국투자EMP글로벌자산배분증권자투자신탁(주식혼합-재간접형)(A),03V94,05H73,05H74,X,X,X,03V94,한국투자글로벌채권솔루션증권모투자신탁(채권-재간접형)
359,03V94,한국투자글로벌채권솔루션증권모투자신탁(채권-재간접형),,,05H73,,05H75,한국투자EMP글로벌자산배분증권자투자신탁(주식혼합-재간접형)(A-e),03V94,05H73,05H75,X,X,X,03V94,한국투자글로벌채권솔루션증권모투자신탁(채권-재간접형)
360,03V94,한국투자글로벌채권솔루션증권모투자신탁(채권-재간접형),,,05H73,,05H76,한국투자EMP글로벌자산배분증권자투자신탁(주식혼합-재간접형)(C),03V94,05H73,05H76,X,X,X,03V94,한국투자글로벌채권솔루션증권모투자신탁(채권-재간접형)
361,03V94,한국투자글로벌채권솔루션증권모투자신탁(채권-재간접형),,,05H73,,05H77,한국투자EMP글로벌자산배분증권자투자신탁(주식혼합-재간접형)(C-e),03V94,05H73,05H77,X,X,X,03V94,한국투자글로벌채권솔루션증권모투자신탁(채권-재간접형)
362,03V94,한국투자글로벌채권솔루션증권모투자신탁(채권-재간접형),,,05H73,,05H78,한국투자EMP글로벌자산배분증권자투자신탁(주식혼합-재간접형)(C-W),03V94,05H73,05H78,X,X,X,03V94,한국투자글로벌채권솔루션증권모투자신탁(채권-재간접형)
363,03V94,한국투자글로벌채권솔루션증권모투자신탁(채권-재간접형),,,05H73,,05M43,한국투자EMP글로벌자산배분증권자투자신탁(주식혼합-재간접형)(C-Re),03V94,05H73,05M43,X,X,X,03V94,한국투자글로벌채권솔루션증권모투자신탁(채권-재간접형)
364,03V94,한국투자글로벌채권솔루션증권모투자신탁(채권-재간접형),,,05H73,,05P21,한국투자EMP글로벌자산배분증권자투자신탁(주식혼합-재간접형)(C-P),03V94,05H73,05P21,X,X,X,03V94,한국투자글로벌채권솔루션증권모투자신탁(채권-재간접형)
365,03V94,한국투자글로벌채권솔루션증권모투자신탁(채권-재간접형),,,05H73,,05P22,한국투자EMP글로벌자산배분증권자투자신탁(주식혼합-재간접형)(C-Pe),03V94,05H73,05P22,X,X,X,03V94,한국투자글로벌채권솔루션증권모투자신탁(채권-재간접형)
366,03V94,한국투자글로벌채권솔루션증권모투자신탁(채권-재간접형),,,05H73,,05P51,한국투자EMP글로벌자산배분증권자투자신탁(주식혼합-재간접형)(S),03V94,05H73,05P51,X,X,X,03V94,한국투자글로벌채권솔루션증권모투자신탁(채권-재간접형)
367,03V94,한국투자글로벌채권솔루션증권모투자신탁(채권-재간접형),,,05H73,,05P52,한국투자EMP글로벌자산배분증권자투자신탁(주식혼합-재간접형)(S-P),03V94,05H73,05P52,X,X,X,03V94,한국투자글로벌채권솔루션증권모투자신탁(채권-재간접형)
368,03V94,한국투자글로벌채권솔루션증권모투자신탁(채권-재간접형),,,05H73,,06P24,한국투자EMP글로벌자산배분증권자투자신탁(주식혼합-재간접형)(C-F),03V94,05H73,06P24,X,X,X,03V94,한국투자글로벌채권솔루션증권모투자신탁(채권-재간접형)
369,03V94,한국투자글로벌채권솔루션증권모투자신탁(채권-재간접형),,63,05H80,한국투자EMP글로벌자산배분증권자투자신탁(채권혼합-재간접형)(모),05G11,한국투자EMP글로벌자산배분증권자투자신탁(채권혼합-재간접형)(C-R),03V94,05H80,05G11,X,X,X,03V94,한국투자글로벌채권솔루션증권모투자신탁(채권-재간접형)
370,03V94,한국투자글로벌채권솔루션증권모투자신탁(채권-재간접형),,,05H80,,05H81,한국투자EMP글로벌자산배분증권자투자신탁(채권혼합-재간접형)(A),03V94,05H80,05H81,X,X,X,03V94,한국투자글로벌채권솔루션증권모투자신탁(채권-재간접형)
371,03V94,한국투자글로벌채권솔루션증권모투자신탁(채권-재간접형),,,05H80,,05H82,한국투자EMP글로벌자산배분증권자투자신탁(채권혼합-재간접형)(A-e),03V94,05H80,05H82,X,X,X,03V94,한국투자글로벌채권솔루션증권모투자신탁(채권-재간접형)
372,03V94,한국투자글로벌채권솔루션증권모투자신탁(채권-재간접형),,,05H80,,05H83,한국투자EMP글로벌자산배분증권자투자신탁(채권혼합-재간접형)(C),03V94,05H80,05H83,X,X,X,03V94,한국투자글로벌채권솔루션증권모투자신탁(채권-재간접형)
373,03V94,한국투자글로벌채권솔루션증권모투자신탁(채권-재간접형),,,05H80,,05H84,한국투자EMP글로벌자산배분증권자투자신탁(채권혼합-재간접형)(C-e),03V94,05H80,05H84,X,X,X,03V94,한국투자글로벌채권솔루션증권모투자신탁(채권-재간접형)
374,03V94,한국투자글로벌채권솔루션증권모투자신탁(채권-재간접형),,,05H80,,05H85,한국투자EMP글로벌자산배분증권자투자신탁(채권혼합-재간접형)(C-P),03V94,05H80,05H85,X,X,X,03V94,한국투자글로벌채권솔루션증권모투자신탁(채권-재간접형)
375,03V94,한국투자글로벌채권솔루션증권모투자신탁(채권-재간접형),,,05H80,,05H86,한국투자EMP글로벌자산배분증권자투자신탁(채권혼합-재간접형)(C-Pe),03V94,05H80,05H86,X,X,X,03V94,한국투자글로벌채권솔루션증권모투자신탁(채권-재간접형)
376,03V94,한국투자글로벌채권솔루션증권모투자신탁(채권-재간접형),,,05H80,,05H87,한국투자EMP글로벌자산배분증권자투자신탁(채권혼합-재간접형)(C-W),03V94,05H80,05H87,X,X,X,03V94,한국투자글로벌채권솔루션증권모투자신탁(채권-재간접형)
377,03V94,한국투자글로벌채권솔루션증권모투자신탁(채권-재간접형),,,05H80,,05N98,한국투자EMP글로벌자산배분증권자투자신탁(채권혼합-재간접형)(C-Re),03V94,05H80,05N98,X,X,X,03V94,한국투자글로벌채권솔루션증권모투자신탁(채권-재간접형)
378,03V94,한국투자글로벌채권솔루션증권모투자신탁(채권-재간접형),,,05H80,,05Q78,한국투자EMP글로벌자산배분증권자투자신탁(채권혼합-재간접형)(S),03V94,05H80,05Q78,X,X,X,03V94,한국투자글로벌채권솔루션증권모투자신탁(채권-재간접형)
379,03V94,한국투자글로벌채권솔루션증권모투자신탁(채권-재간접형),,,05H80,,05Q79,한국투자EMP글로벌자산배분증권자투자신탁(채권혼합-재간접형)(S-P),03V94,05H80,05Q79,X,X,X,03V94,한국투자글로벌채권솔루션증권모투자신탁(채권-재간접형)
380,03V94,한국투자글로벌채권솔루션증권모투자신탁(채권-재간접형),,,05H80,,06P25,한국투자EMP글로벌자산배분증권자투자신탁(채권혼합-재간접형)(C-F),03V94,05H80,06P25,X,X,X,03V94,한국투자글로벌채권솔루션증권모투자신탁(채권-재간접형)
381,03V94,한국투자글로벌채권솔루션증권모투자신탁(채권-재간접형),,54,05V94,한국투자리치웨이증권자투자신탁(채권혼합-재간접형)(모),05W01,한국투자리치웨이증권자투자신탁(채권혼합-재간접형)(C-F),03V94,05V94,05W01,X,X,X,03V94,한국투자글로벌채권솔루션증권모투자신탁(채권-재간접형)
382,03V94,한국투자글로벌채권솔루션증권모투자신탁(채권-재간접형),,100,05W58,한국투자다이나믹헤지인컴증권자투자신탁(채권-재간접형)(모),05W59,한국투자다이나믹헤지인컴증권자투자신탁(채권-재간접형)(A),03V94,05W58,05W59,X,X,X,03V94,한국투자글로벌채권솔루션증권모투자신탁(채권-재간접형)
383,03V94,한국투자글로벌채권솔루션증권모투자신탁(채권-재간접형),,,05W58,,05W60,한국투자다이나믹헤지인컴증권자투자신탁(채권-재간접형)(A-e),03V94,05W58,05W60,X,X,X,03V94,한국투자글로벌채권솔루션증권모투자신탁(채권-재간접형)
384,03V94,한국투자글로벌채권솔루션증권모투자신탁(채권-재간접형),,,05W58,,05W61,한국투자다이나믹헤지인컴증권자투자신탁(채권-재간접형)(C),03V94,05W58,05W61,X,X,X,03V94,한국투자글로벌채권솔루션증권모투자신탁(채권-재간접형)
385,03V94,한국투자글로벌채권솔루션증권모투자신탁(채권-재간접형),,,05W58,,05W62,한국투자다이나믹헤지인컴증권자투자신탁(채권-재간접형)(C-e),03V94,05W58,05W62,X,X,X,03V94,한국투자글로벌채권솔루션증권모투자신탁(채권-재간접형)
386,03V94,한국투자글로벌채권솔루션증권모투자신탁(채권-재간접형),,,05W58,,05W66,한국투자다이나믹헤지인컴증권자투자신탁(채권-재간접형)(C-P),03V94,05W58,05W66,X,X,X,03V94,한국투자글로벌채권솔루션증권모투자신탁(채권-재간접형)
387,03V94,한국투자글로벌채권솔루션증권모투자신탁(채권-재간접형),,,05W58,,05W67,한국투자다이나믹헤지인컴증권자투자신탁(채권-재간접형)(C-Pe),03V94,05W58,05W67,X,X,X,03V94,한국투자글로벌채권솔루션증권모투자신탁(채권-재간접형)
388,03V94,한국투자글로벌채권솔루션증권모투자신탁(채권-재간접형),,,05W58,,05W71,한국투자다이나믹헤지인컴증권자투자신탁(채권-재간접형)(S),03V94,05W58,05W71,X,X,X,03V94,한국투자글로벌채권솔루션증권모투자신탁(채권-재간접형)
389,03V94,한국투자글로벌채권솔루션증권모투자신탁(채권-재간접형),,,05W58,,05W72,한국투자다이나믹헤지인컴증권자투자신탁(채권-재간접형)(S-P),03V94,05W58,05W72,X,X,X,03V94,한국투자글로벌채권솔루션증권모투자신탁(채권-재간접형)
390,03V95,한국투자글로벌주식솔루션증권모투자신탁(주식-재간접형),공통,55,05F76,한국투자재형EMP글로벌자산배분증권자투자신탁(주식혼합-재간접형),,,03V95,05F76,,X,X,X,03V95,한국투자글로벌주식솔루션증권모투자신탁(주식-재간접형)
391,03V95,한국투자글로벌주식솔루션증권모투자신탁(주식-재간접형),,60,05G91,한국투자EMP글로벌자산배분성과보수증권자투자신탁(주식혼합-재간접형)(모),05G92,한국투자EMP글로벌자산배분성과보수증권자투자신탁(주식혼합-재간접형)(C),03V95,05G91,05G92,X,X,X,03V95,한국투자글로벌주식솔루션증권모투자신탁(주식-재간접형)
392,03V95,한국투자글로벌주식솔루션증권모투자신탁(주식-재간접형),,,05G91,,05G97,한국투자EMP글로벌자산배분성과보수증권자투자신탁(주식혼합-재간접형)(S),03V95,05G91,05G97,X,X,X,03V95,한국투자글로벌주식솔루션증권모투자신탁(주식-재간접형)
393,03V95,한국투자글로벌주식솔루션증권모투자신탁(주식-재간접형),,55,05H73,한국투자EMP글로벌자산배분증권자투자신탁(주식혼합-재간접형)(모),05G10,한국투자EMP글로벌자산배분증권자투자신탁(주식혼합-재간접형)(C-R),03V95,05H73,05G10,X,X,X,03V95,한국투자글로벌주식솔루션증권모투자신탁(주식-재간접형)
394,03V95,한국투자글로벌주식솔루션증권모투자신탁(주식-재간접형),,,05H73,,05H74,한국투자EMP글로벌자산배분증권자투자신탁(주식혼합-재간접형)(A),03V95,05H73,05H74,X,X,X,03V95,한국투자글로벌주식솔루션증권모투자신탁(주식-재간접형)
395,03V95,한국투자글로벌주식솔루션증권모투자신탁(주식-재간접형),,,05H73,,05H75,한국투자EMP글로벌자산배분증권자투자신탁(주식혼합-재간접형)(A-e),03V95,05H73,05H75,X,X,X,03V95,한국투자글로벌주식솔루션증권모투자신탁(주식-재간접형)
396,03V95,한국투자글로벌주식솔루션증권모투자신탁(주식-재간접형),,,05H73,,05H76,한국투자EMP글로벌자산배분증권자투자신탁(주식혼합-재간접형)(C),03V95,05H73,05H76,X,X,X,03V95,한국투자글로벌주식솔루션증권모투자신탁(주식-재간접형)
397,03V95,한국투자글로벌주식솔루션증권모투자신탁(주식-재간접형),,,05H73,,05H77,한국투자EMP글로벌자산배분증권자투자신탁(주식혼합-재간접형)(C-e),03V95,05H73,05H77,X,X,X,03V95,한국투자글로벌주식솔루션증권모투자신탁(주식-재간접형)
398,03V95,한국투자글로벌주식솔루션증권모투자신탁(주식-재간접형),,,05H73,,05H78,한국투자EMP글로벌자산배분증권자투자신탁(주식혼합-재간접형)(C-W),03V95,05H73,05H78,X,X,X,03V95,한국투자글로벌주식솔루션증권모투자신탁(주식-재간접형)
399,03V95,한국투자글로벌주식솔루션증권모투자신탁(주식-재간접형),,,05H73,,05M43,한국투자EMP글로벌자산배분증권자투자신탁(주식혼합-재간접형)(C-Re),03V95,05H73,05M43,X,X,X,03V95,한국투자글로벌주식솔루션증권모투자신탁(주식-재간접형)
400,03V95,한국투자글로벌주식솔루션증권모투자신탁(주식-재간접형),,,05H73,,05P21,한국투자EMP글로벌자산배분증권자투자신탁(주식혼합-재간접형)(C-P),03V95,05H73,05P21,X,X,X,03V95,한국투자글로벌주식솔루션증권모투자신탁(주식-재간접형)
401,03V95,한국투자글로벌주식솔루션증권모투자신탁(주식-재간접형),,,05H73,,05P22,한국투자EMP글로벌자산배분증권자투자신탁(주식혼합-재간접형)(C-Pe),03V95,05H73,05P22,X,X,X,03V95,한국투자글로벌주식솔루션증권모투자신탁(주식-재간접형)
402,03V95,한국투자글로벌주식솔루션증권모투자신탁(주식-재간접형),,,05H73,,05P51,한국투자EMP글로벌자산배분증권자투자신탁(주식혼합-재간접형)(S),03V95,05H73,05P51,X,X,X,03V95,한국투자글로벌주식솔루션증권모투자신탁(주식-재간접형)
403,03V95,한국투자글로벌주식솔루션증권모투자신탁(주식-재간접형),,,05H73,,05P52,한국투자EMP글로벌자산배분증권자투자신탁(주식혼합-재간접형)(S-P),03V95,05H73,05P52,X,X,X,03V95,한국투자글로벌주식솔루션증권모투자신탁(주식-재간접형)
404,03V95,한국투자글로벌주식솔루션증권모투자신탁(주식-재간접형),,,05H73,,06P24,한국투자EMP글로벌자산배분증권자투자신탁(주식혼합-재간접형)(C-F),03V95,05H73,06P24,X,X,X,03V95,한국투자글로벌주식솔루션증권모투자신탁(주식-재간접형)
405,03V95,한국투자글로벌주식솔루션증권모투자신탁(주식-재간접형),,37,05H80,한국투자EMP글로벌자산배분증권자투자신탁(채권혼합-재간접형)(모),05G11,한국투자EMP글로벌자산배분증권자투자신탁(채권혼합-재간접형)(C-R),03V95,05H80,05G11,X,X,X,03V95,한국투자글로벌주식솔루션증권모투자신탁(주식-재간접형)
406,03V95,한국투자글로벌주식솔루션증권모투자신탁(주식-재간접형),,,05H80,,05H81,한국투자EMP글로벌자산배분증권자투자신탁(채권혼합-재간접형)(A),03V95,05H80,05H81,X,X,X,03V95,한국투자글로벌주식솔루션증권모투자신탁(주식-재간접형)
407,03V95,한국투자글로벌주식솔루션증권모투자신탁(주식-재간접형),,,05H80,,05H82,한국투자EMP글로벌자산배분증권자투자신탁(채권혼합-재간접형)(A-e),03V95,05H80,05H82,X,X,X,03V95,한국투자글로벌주식솔루션증권모투자신탁(주식-재간접형)
408,03V95,한국투자글로벌주식솔루션증권모투자신탁(주식-재간접형),,,05H80,,05H83,한국투자EMP글로벌자산배분증권자투자신탁(채권혼합-재간접형)(C),03V95,05H80,05H83,X,X,X,03V95,한국투자글로벌주식솔루션증권모투자신탁(주식-재간접형)
409,03V95,한국투자글로벌주식솔루션증권모투자신탁(주식-재간접형),,,05H80,,05H84,한국투자EMP글로벌자산배분증권자투자신탁(채권혼합-재간접형)(C-e),03V95,05H80,05H84,X,X,X,03V95,한국투자글로벌주식솔루션증권모투자신탁(주식-재간접형)
410,03V95,한국투자글로벌주식솔루션증권모투자신탁(주식-재간접형),,,05H80,,05H85,한국투자EMP글로벌자산배분증권자투자신탁(채권혼합-재간접형)(C-P),03V95,05H80,05H85,X,X,X,03V95,한국투자글로벌주식솔루션증권모투자신탁(주식-재간접형)
411,03V95,한국투자글로벌주식솔루션증권모투자신탁(주식-재간접형),,,05H80,,05H86,한국투자EMP글로벌자산배분증권자투자신탁(채권혼합-재간접형)(C-Pe),03V95,05H80,05H86,X,X,X,03V95,한국투자글로벌주식솔루션증권모투자신탁(주식-재간접형)
412,03V95,한국투자글로벌주식솔루션증권모투자신탁(주식-재간접형),,,05H80,,05H87,한국투자EMP글로벌자산배분증권자투자신탁(채권혼합-재간접형)(C-W),03V95,05H80,05H87,X,X,X,03V95,한국투자글로벌주식솔루션증권모투자신탁(주식-재간접형)
413,03V95,한국투자글로벌주식솔루션증권모투자신탁(주식-재간접형),,,05H80,,05N98,한국투자EMP글로벌자산배분증권자투자신탁(채권혼합-재간접형)(C-Re),03V95,05H80,05N98,X,X,X,03V95,한국투자글로벌주식솔루션증권모투자신탁(주식-재간접형)
414,03V95,한국투자글로벌주식솔루션증권모투자신탁(주식-재간접형),,,05H80,,05Q78,한국투자EMP글로벌자산배분증권자투자신탁(채권혼합-재간접형)(S),03V95,05H80,05Q78,X,X,X,03V95,한국투자글로벌주식솔루션증권모투자신탁(주식-재간접형)
415,03V95,한국투자글로벌주식솔루션증권모투자신탁(주식-재간접형),,,05H80,,05Q79,한국투자EMP글로벌자산배분증권자투자신탁(채권혼합-재간접형)(S-P),03V95,05H80,05Q79,X,X,X,03V95,한국투자글로벌주식솔루션증권모투자신탁(주식-재간접형)
416,03V95,한국투자글로벌주식솔루션증권모투자신탁(주식-재간접형),,,05H80,,06P25,한국투자EMP글로벌자산배분증권자투자신탁(채권혼합-재간접형)(C-F),03V95,05H80,06P25,X,X,X,03V95,한국투자글로벌주식솔루션증권모투자신탁(주식-재간접형)
417,03V96,한국투자노블클래스중국일반사모증권모투자신탁1호(주식),공통,0,03V97,한국투자노블클래스중국일반사모증권자투자신탁1호(주식),,,03V96,03V97,,X,X,X,03V96,한국투자노블클래스중국일반사모증권모투자신탁1호(주식)
418,03V98,한국투자노블클래스중국일반사모증권모투자신탁2호(주식),공통,0,03V99,한국투자노블클래스중국일반사모증권자투자신탁2호(주식),,,03V98,03V99,,X,X,X,03V98,한국투자노블클래스중국일반사모증권모투자신탁2호(주식)
419,03W09,한국투자프라임글로벌일반사모증권모투자신탁1호(주식),공통,0,03W10,한국투자프라임글로벌전문투자형사모증권자투자신탁1호(주식),,,03W09,03W10,,X,X,X,03W09,한국투자프라임글로벌일반사모증권모투자신탁1호(주식)
420,03W09,한국투자프라임글로벌일반사모증권모투자신탁1호(주식),,,03W12,KPOST해외주식일반사모증권자투자신탁2호(주식),,,03W09,03W12,,X,X,X,03W09,한국투자프라임글로벌일반사모증권모투자신탁1호(주식)
421,03W13,한국투자프라임미국일반사모증권모투자신탁1호(주식),공통,0,03W12,KPOST해외주식일반사모증권자투자신탁2호(주식),,,03W13,03W12,,X,X,X,03W13,한국투자프라임미국일반사모증권모투자신탁1호(주식)
422,03W13,한국투자프라임미국일반사모증권모투자신탁1호(주식),,,03W14,한국투자프라임미국전문투자형사모증권자투자신탁1호(주식),,,03W13,03W14,,X,X,X,03W13,한국투자프라임미국일반사모증권모투자신탁1호(주식)
423,03W24,한국투자 사모 노블클래스 유럽 증권 모투자신탁 1호(주식),공통,0,03W25,한국투자사모노블클래스유럽증권자투자신탁1호(주식),,,03W24,03W25,,X,X,X,03W24,한국투자 사모 노블클래스 유럽 증권 모투자신탁 1호(주식)
424,03W27,한국투자프라임아시아퍼시픽전문투자형사모증권모투자신탁1호(주식),공통,0,03W28,한국투자프라임아시아퍼시픽전문투자형사모증권자투자신탁1호(주식-파생형),,,03W27,03W28,,X,X,X,03W27,한국투자프라임아시아퍼시픽전문투자형사모증권모투자신탁1호(주식)
425,03W31,한국투자플렉서블50증권모투자신탁(주식혼합-파생형),공통,100,03W33,한국투자플렉서블50증권자투자신탁1호(주식혼합-파생형)(모),03W34,한국투자플렉서블50증권자투자신탁1호(주식혼합-파생형)(A),03W31,03W33,03W34,X,X,X,03W31,한국투자플렉서블50증권모투자신탁(주식혼합-파생형)
426,03W31,한국투자플렉서블50증권모투자신탁(주식혼합-파생형),,,03W33,,03W35,한국투자플렉서블50증권자투자신탁1호(주식혼합-파생형)(C),03W31,03W33,03W35,X,X,X,03W31,한국투자플렉서블50증권모투자신탁(주식혼합-파생형)
427,03W31,한국투자플렉서블50증권모투자신탁(주식혼합-파생형),,,03W33,,03W36,한국투자플렉서블50증권자투자신탁1호(주식혼합-파생형)(C-e),03W31,03W33,03W36,X,X,X,03W31,한국투자플렉서블50증권모투자신탁(주식혼합-파생형)
428,03W31,한국투자플렉서블50증권모투자신탁(주식혼합-파생형),,,03W33,,03W37,한국투자플렉서블50증권자투자신탁1호(주식혼합-파생형)(A-e),03W31,03W33,03W37,X,X,X,03W31,한국투자플렉서블50증권모투자신탁(주식혼합-파생형)
429,03W31,한국투자플렉서블50증권모투자신탁(주식혼합-파생형),,,03W33,,03W38,한국투자플렉서블50증권자투자신탁1호(주식혼합-파생형)(C-F),03W31,03W33,03W38,X,X,X,03W31,한국투자플렉서블50증권모투자신탁(주식혼합-파생형)
430,03W31,한국투자플렉서블50증권모투자신탁(주식혼합-파생형),,,03W33,,06P19,한국투자플렉서블50증권자투자신탁1호(주식혼합-파생형)(S),03W31,03W33,06P19,X,X,X,03W31,한국투자플렉서블50증권모투자신탁(주식혼합-파생형)
431,03W39,한국투자프라임유럽일반사모증권모투자신탁1호(주식),공통,0,03W12,KPOST해외주식일반사모증권자투자신탁2호(주식),,,03W39,03W12,,X,X,X,03W39,한국투자프라임유럽일반사모증권모투자신탁1호(주식)
432,03W39,한국투자프라임유럽일반사모증권모투자신탁1호(주식),,,03W40,한국투자프라임유럽전문투자형사모증권자투자신탁1호(주식),,,03W39,03W40,,X,X,X,03W39,한국투자프라임유럽일반사모증권모투자신탁1호(주식)
433,03W42,한국투자아시아포커스롱숏증권모투자신탁(주식-파생형),공통,100,03W43,한국투자아시아포커스롱숏증권자투자신탁(주식-파생형)(모),03W45,한국투자아시아포커스롱숏증권자투자신탁(주식-파생형)(C-F),03W42,03W43,03W45,X,X,X,03W42,한국투자아시아포커스롱숏증권모투자신탁(주식-파생형)
434,03W42,한국투자아시아포커스롱숏증권모투자신탁(주식-파생형),,,03W43,,03W46,한국투자아시아포커스롱숏증권자투자신탁(주식-파생형)(A),03W42,03W43,03W46,X,X,X,03W42,한국투자아시아포커스롱숏증권모투자신탁(주식-파생형)
435,03W42,한국투자아시아포커스롱숏증권모투자신탁(주식-파생형),,,03W43,,03W47,한국투자아시아포커스롱숏증권자투자신탁(주식-파생형)(C),03W42,03W43,03W47,X,X,X,03W42,한국투자아시아포커스롱숏증권모투자신탁(주식-파생형)
436,03W42,한국투자아시아포커스롱숏증권모투자신탁(주식-파생형),,,03W43,,03W48,한국투자아시아포커스롱숏증권자투자신탁(주식-파생형)(C-e),03W42,03W43,03W48,X,X,X,03W42,한국투자아시아포커스롱숏증권모투자신탁(주식-파생형)
437,03W42,한국투자아시아포커스롱숏증권모투자신탁(주식-파생형),,,03W43,,03W72,한국투자아시아포커스롱숏증권자투자신탁(주식-파생형)(A-e),03W42,03W43,03W72,X,X,X,03W42,한국투자아시아포커스롱숏증권모투자신탁(주식-파생형)
438,03W42,한국투자아시아포커스롱숏증권모투자신탁(주식-파생형),,,03W43,,05A01,한국투자아시아포커스롱숏증권자투자신탁(주식-파생형)(C3),03W42,03W43,05A01,X,X,X,03W42,한국투자아시아포커스롱숏증권모투자신탁(주식-파생형)
439,03W42,한국투자아시아포커스롱숏증권모투자신탁(주식-파생형),,,03W43,,05G08,한국투자아시아포커스롱숏증권자투자신탁(주식-파생형)(C4),03W42,03W43,05G08,X,X,X,03W42,한국투자아시아포커스롱숏증권모투자신탁(주식-파생형)
440,03W42,한국투자아시아포커스롱숏증권모투자신탁(주식-파생형),,,03W43,,05X55,한국투자아시아포커스롱숏증권자투자신탁(주식-파생형)(C2),03W42,03W43,05X55,X,X,X,03W42,한국투자아시아포커스롱숏증권모투자신탁(주식-파생형)
441,03W42,한국투자아시아포커스롱숏증권모투자신탁(주식-파생형),,,03W43,,06P20,한국투자아시아포커스롱숏증권자투자신탁(주식-파생형)(S),03W42,03W43,06P20,X,X,X,03W42,한국투자아시아포커스롱숏증권모투자신탁(주식-파생형)
442,03W74,한국투자노블클래스글로벌일반사모증권모투자신탁1호(주식),공통,0,03W75,한국투자노블클래스글로벌일반사모증권자투자신탁1호(주식),,,03W74,03W75,,X,X,X,03W74,한국투자노블클래스글로벌일반사모증권모투자신탁1호(주식)
443,03X24,한국투자압축포트폴리오증권모투자신탁(주식),공통,100,03X20,한국투자압축포트폴리오분배형증권자투자신탁1호(주식)(모),40129,한국투자압축포트폴리오분배형증권자투자신탁1호(주식)(A),03X24,03X20,40129,X,X,X,03X24,한국투자압축포트폴리오증권모투자신탁(주식)
444,03X24,한국투자압축포트폴리오증권모투자신탁(주식),,,03X22,한국투자압축포트폴리오증권자투자신탁2호(주식)(모),03X40,한국투자압축포트폴리오증권자투자신탁2호(주식)(C),03X24,03X22,03X40,X,X,X,03X24,한국투자압축포트폴리오증권모투자신탁(주식)
445,03X24,한국투자압축포트폴리오증권모투자신탁(주식),,,03X22,,04X25,한국투자압축포트폴리오증권자투자신탁2호(주식)(C2),03X24,03X22,04X25,X,X,X,03X24,한국투자압축포트폴리오증권모투자신탁(주식)
446,03X24,한국투자압축포트폴리오증권모투자신탁(주식),,,03X22,,04X63,한국투자압축포트폴리오증권자투자신탁2호(주식)(C3),03X24,03X22,04X63,X,X,X,03X24,한국투자압축포트폴리오증권모투자신탁(주식)
447,03X24,한국투자압축포트폴리오증권모투자신탁(주식),,,03X22,,05X11,한국투자압축포트폴리오증권자투자신탁2호(주식)(C4),03X24,03X22,05X11,X,X,X,03X24,한국투자압축포트폴리오증권모투자신탁(주식)
448,03X24,한국투자압축포트폴리오증권모투자신탁(주식),,,03X22,,40130,한국투자압축포트폴리오증권자투자신탁2호(주식)(A),03X24,03X22,40130,X,X,X,03X24,한국투자압축포트폴리오증권모투자신탁(주식)
449,03X24,한국투자압축포트폴리오증권모투자신탁(주식),,,03X22,,40131,한국투자압축포트폴리오증권자투자신탁2호(주식)(A-e),03X24,03X22,40131,X,X,X,03X24,한국투자압축포트폴리오증권모투자신탁(주식)
450,03X24,한국투자압축포트폴리오증권모투자신탁(주식),,,03X22,,40132,한국투자압축포트폴리오증권자투자신탁2호(주식)(C-e),03X24,03X22,40132,X,X,X,03X24,한국투자압축포트폴리오증권모투자신탁(주식)
451,03X24,한국투자압축포트폴리오증권모투자신탁(주식),,,05F20,한국투자압축포트폴리오프리미어분할매수증권자투자신탁1호(주식혼합)(모),05F21,한국투자압축포트폴리오프리미어분할매수증권자투자신탁1호(주식혼합)(A),03X24,05F20,05F21,X,X,X,03X24,한국투자압축포트폴리오증권모투자신탁(주식)
452,03X30,한국투자네비게이터중국본토증권모투자신탁(주식),공통,0,03V03,한국투자신종개인연금네비게이터중국본토증권전환형자투자신탁H(주식),,,03X30,03V03,,X,X,X,03X30,한국투자네비게이터중국본토증권모투자신탁(주식)
453,03X30,한국투자네비게이터중국본토증권모투자신탁(주식),,100,03V06,한국투자신종개인연금네비게이터중국본토증권전환형자투자신탁2호H(주식),,,03X30,03V06,,X,X,X,03X30,한국투자네비게이터중국본토증권모투자신탁(주식)
454,03X30,한국투자네비게이터중국본토증권모투자신탁(주식),설정,100,03X32,한국투자네비게이터중국본토증권자투자신탁H(주식)(모),03W84,한국투자네비게이터중국본토증권자투자신탁H(주식)(S),03X30,03X32,03W84,X,X,X,03X30,한국투자네비게이터중국본토증권모투자신탁(주식)
455,03X30,한국투자네비게이터중국본토증권모투자신탁(주식),,,03X32,,03X35,한국투자네비게이터중국본토증권자투자신탁H(주식)(C),03X30,03X32,03X35,X,X,X,03X30,한국투자네비게이터중국본토증권모투자신탁(주식)
456,03X30,한국투자네비게이터중국본토증권모투자신탁(주식),,,03X32,,04X19,한국투자네비게이터중국본토증권자투자신탁H(주식)(C2),03X30,03X32,04X19,X,X,X,03X30,한국투자네비게이터중국본토증권모투자신탁(주식)
457,03X30,한국투자네비게이터중국본토증권모투자신탁(주식),,,03X32,,04X44,한국투자네비게이터중국본토증권자투자신탁H(주식)(C3),03X30,03X32,04X44,X,X,X,03X30,한국투자네비게이터중국본토증권모투자신탁(주식)
458,03X30,한국투자네비게이터중국본토증권모투자신탁(주식),,,03X32,,04X76,한국투자네비게이터중국본토증권자투자신탁H(주식)(C4),03X30,03X32,04X76,X,X,X,03X30,한국투자네비게이터중국본토증권모투자신탁(주식)
459,03X30,한국투자네비게이터중국본토증권모투자신탁(주식),,,03X32,,05M41,한국투자네비게이터중국본토증권자투자신탁H(주식)(A-e),03X30,03X32,05M41,X,X,X,03X30,한국투자네비게이터중국본토증권모투자신탁(주식)
460,03X30,한국투자네비게이터중국본토증권모투자신탁(주식),,,03X32,,07A41,한국투자네비게이터중국본토증권자투자신탁H(주식)(S-P),03X30,03X32,07A41,X,X,X,03X30,한국투자네비게이터중국본토증권모투자신탁(주식)
461,03X30,한국투자네비게이터중국본토증권모투자신탁(주식),,,03X32,,40139,한국투자네비게이터중국본토증권자투자신탁H(주식)(A),03X30,03X32,40139,X,X,X,03X30,한국투자네비게이터중국본토증권모투자신탁(주식)
462,03X30,한국투자네비게이터중국본토증권모투자신탁(주식),,,03X32,,40140,한국투자네비게이터중국본토증권자투자신탁H(주식)(C-e),03X30,03X32,40140,X,X,X,03X30,한국투자네비게이터중국본토증권모투자신탁(주식)
463,03X30,한국투자네비게이터중국본토증권모투자신탁(주식),,,03X32,,40141,한국투자네비게이터중국본토증권자투자신탁H(주식)(C-F),03X30,03X32,40141,X,X,X,03X30,한국투자네비게이터중국본토증권모투자신탁(주식)
464,03X30,한국투자네비게이터중국본토증권모투자신탁(주식),,,03X32,,40162,한국투자네비게이터중국본토증권자투자신탁H(주식)(C-W),03X30,03X32,40162,X,X,X,03X30,한국투자네비게이터중국본토증권모투자신탁(주식)
465,03X30,한국투자네비게이터중국본토증권모투자신탁(주식),해지,100,03X32,한국투자네비게이터중국본토증권자투자신탁H(주식)(모),03W84,한국투자네비게이터중국본토증권자투자신탁H(주식)(S),03X30,03X32,03W84,X,X,X,03X30,한국투자네비게이터중국본토증권모투자신탁(주식)
466,03X30,한국투자네비게이터중국본토증권모투자신탁(주식),,,03X32,,03X35,한국투자네비게이터중국본토증권자투자신탁H(주식)(C),03X30,03X32,03X35,X,X,X,03X30,한국투자네비게이터중국본토증권모투자신탁(주식)
467,03X30,한국투자네비게이터중국본토증권모투자신탁(주식),,,03X32,,04X19,한국투자네비게이터중국본토증권자투자신탁H(주식)(C2),03X30,03X32,04X19,X,X,X,03X30,한국투자네비게이터중국본토증권모투자신탁(주식)
468,03X30,한국투자네비게이터중국본토증권모투자신탁(주식),,,03X32,,04X44,한국투자네비게이터중국본토증권자투자신탁H(주식)(C3),03X30,03X32,04X44,X,X,X,03X30,한국투자네비게이터중국본토증권모투자신탁(주식)
469,03X30,한국투자네비게이터중국본토증권모투자신탁(주식),,,03X32,,04X76,한국투자네비게이터중국본토증권자투자신탁H(주식)(C4),03X30,03X32,04X76,X,X,X,03X30,한국투자네비게이터중국본토증권모투자신탁(주식)
470,03X30,한국투자네비게이터중국본토증권모투자신탁(주식),,,03X32,,05M41,한국투자네비게이터중국본토증권자투자신탁H(주식)(A-e),03X30,03X32,05M41,X,X,X,03X30,한국투자네비게이터중국본토증권모투자신탁(주식)
471,03X30,한국투자네비게이터중국본토증권모투자신탁(주식),,,03X32,,07A41,한국투자네비게이터중국본토증권자투자신탁H(주식)(S-P),03X30,03X32,07A41,X,X,X,03X30,한국투자네비게이터중국본토증권모투자신탁(주식)
472,03X30,한국투자네비게이터중국본토증권모투자신탁(주식),,,03X32,,40139,한국투자네비게이터중국본토증권자투자신탁H(주식)(A),03X30,03X32,40139,X,X,X,03X30,한국투자네비게이터중국본토증권모투자신탁(주식)
473,03X30,한국투자네비게이터중국본토증권모투자신탁(주식),,,03X32,,40140,한국투자네비게이터중국본토증권자투자신탁H(주식)(C-e),03X30,03X32,40140,X,X,X,03X30,한국투자네비게이터중국본토증권모투자신탁(주식)
474,03X30,한국투자네비게이터중국본토증권모투자신탁(주식),,,03X32,,40141,한국투자네비게이터중국본토증권자투자신탁H(주식)(C-F),03X30,03X32,40141,X,X,X,03X30,한국투자네비게이터중국본토증권모투자신탁(주식)
475,03X30,한국투자네비게이터중국본토증권모투자신탁(주식),,,03X32,,40162,한국투자네비게이터중국본토증권자투자신탁H(주식)(C-W),03X30,03X32,40162,X,X,X,03X30,한국투자네비게이터중국본토증권모투자신탁(주식)
476,03X30,한국투자네비게이터중국본토증권모투자신탁(주식),설정,100,03X34,한국투자네비게이터중국본토증권자투자신탁UH(주식)(모),03V15,한국투자네비게이터중국본토증권자투자신탁UH(주식)(C-F),03X30,03X34,03V15,X,X,X,03X30,한국투자네비게이터중국본토증권모투자신탁(주식)
477,03X30,한국투자네비게이터중국본토증권모투자신탁(주식),,,03X34,,03W85,한국투자네비게이터중국본토증권자투자신탁UH(주식)(S),03X30,03X34,03W85,X,X,X,03X30,한국투자네비게이터중국본토증권모투자신탁(주식)
478,03X30,한국투자네비게이터중국본토증권모투자신탁(주식),,,03X34,,05M40,한국투자네비게이터중국본토증권자투자신탁UH(주식)(A-e),03X30,03X34,05M40,X,X,X,03X30,한국투자네비게이터중국본토증권모투자신탁(주식)
479,03X30,한국투자네비게이터중국본토증권모투자신탁(주식),,,03X34,,40142,한국투자네비게이터중국본토증권자투자신탁UH(주식)(A),03X30,03X34,40142,X,X,X,03X30,한국투자네비게이터중국본토증권모투자신탁(주식)
480,03X30,한국투자네비게이터중국본토증권모투자신탁(주식),,,03X34,,40143,한국투자네비게이터중국본토증권자투자신탁UH(주식)(C-e),03X30,03X34,40143,X,X,X,03X30,한국투자네비게이터중국본토증권모투자신탁(주식)
481,03X30,한국투자네비게이터중국본토증권모투자신탁(주식),해지,100,03X34,한국투자네비게이터중국본토증권자투자신탁UH(주식)(모),03V15,한국투자네비게이터중국본토증권자투자신탁UH(주식)(C-F),03X30,03X34,03V15,X,X,X,03X30,한국투자네비게이터중국본토증권모투자신탁(주식)
482,03X30,한국투자네비게이터중국본토증권모투자신탁(주식),,,03X34,,03W85,한국투자네비게이터중국본토증권자투자신탁UH(주식)(S),03X30,03X34,03W85,X,X,X,03X30,한국투자네비게이터중국본토증권모투자신탁(주식)
483,03X30,한국투자네비게이터중국본토증권모투자신탁(주식),,,03X34,,05M40,한국투자네비게이터중국본토증권자투자신탁UH(주식)(A-e),03X30,03X34,05M40,X,X,X,03X30,한국투자네비게이터중국본토증권모투자신탁(주식)
484,03X30,한국투자네비게이터중국본토증권모투자신탁(주식),,,03X34,,40142,한국투자네비게이터중국본토증권자투자신탁UH(주식)(A),03X30,03X34,40142,X,X,X,03X30,한국투자네비게이터중국본토증권모투자신탁(주식)
485,03X30,한국투자네비게이터중국본토증권모투자신탁(주식),,,03X34,,40143,한국투자네비게이터중국본토증권자투자신탁UH(주식)(C-e),03X30,03X34,40143,X,X,X,03X30,한국투자네비게이터중국본토증권모투자신탁(주식)
486,03X44,한국투자인덱스증권모투자신탁(주식),공통,100,03X46,한국투자인덱스증권자투자신탁1호(주식)(모),40166,한국투자인덱스증권자투자신탁1호(주식)(C-W),03X44,03X46,40166,X,X,X,03X44,한국투자인덱스증권모투자신탁(주식)
487,03X44,한국투자인덱스증권모투자신탁(주식),,80,03X51,한국투자커버드20인덱스증권자투자신탁1호(주식)(모),03X48,한국투자커버드20인덱스증권자투자신탁1호(주식)(C-e),03X44,03X51,03X48,X,X,X,03X44,한국투자인덱스증권모투자신탁(주식)
488,03X49,한국투자커버드인덱스증권모투자신탁(주식),공통,20,03X51,한국투자커버드20인덱스증권자투자신탁1호(주식)(모),03X48,한국투자커버드20인덱스증권자투자신탁1호(주식)(C-e),03X49,03X51,03X48,X,X,X,03X49,한국투자커버드인덱스증권모투자신탁(주식)
489,03X88,한국투자K-wave증권모투자신탁(주식),공통,100,03W50,한국투자K-wave소득공제증권전환형자투자신탁(주식)(모),03W49,한국투자K-wave소득공제증권전환형자투자신탁(주식)(C-e),03X88,03W50,03W49,X,X,X,03X88,한국투자K-wave증권모투자신탁(주식)
490,03X88,한국투자K-wave증권모투자신탁(주식),,,03W50,,03W52,한국투자K-wave소득공제증권전환형자투자신탁(주식)(C),03X88,03W50,03W52,X,X,X,03X88,한국투자K-wave증권모투자신탁(주식)
491,03X88,한국투자K-wave증권모투자신탁(주식),,,03W50,,03W99,한국투자K-wave소득공제증권전환형자투자신탁(주식)(S-T),03X88,03W50,03W99,X,X,X,03X88,한국투자K-wave증권모투자신탁(주식)
492,03X88,한국투자K-wave증권모투자신탁(주식),,,03X86,한국투자K-wave증권자투자신탁2호(주식)(모),03W23,한국투자K-wave증권자투자신탁2호(주식)(C4),03X88,03X86,03W23,X,X,X,03X88,한국투자K-wave증권모투자신탁(주식)
493,03X88,한국투자K-wave증권모투자신탁(주식),,,03X86,,03X99,한국투자K-wave증권자투자신탁2호(주식)(C),03X88,03X86,03X99,X,X,X,03X88,한국투자K-wave증권모투자신탁(주식)
494,03X88,한국투자K-wave증권모투자신탁(주식),,,03X86,,04X43,한국투자K-wave증권자투자신탁2호(주식)(C2),03X88,03X86,04X43,X,X,X,03X88,한국투자K-wave증권모투자신탁(주식)
495,03X88,한국투자K-wave증권모투자신탁(주식),,,03X86,,04X72,한국투자K-wave증권자투자신탁2호(주식)(C3),03X88,03X86,04X72,X,X,X,03X88,한국투자K-wave증권모투자신탁(주식)
496,03X88,한국투자K-wave증권모투자신탁(주식),,,03X86,,05M39,한국투자K-wave증권자투자신탁2호(주식)(A-e),03X88,03X86,05M39,X,X,X,03X88,한국투자K-wave증권모투자신탁(주식)
497,03X88,한국투자K-wave증권모투자신탁(주식),,,03X86,,40215,한국투자K-wave증권자투자신탁2호(주식)(A),03X88,03X86,40215,X,X,X,03X88,한국투자K-wave증권모투자신탁(주식)
498,03X88,한국투자K-wave증권모투자신탁(주식),,,03X86,,40216,한국투자K-wave증권자투자신탁2호(주식)(C-e),03X88,03X86,40216,X,X,X,03X88,한국투자K-wave증권모투자신탁(주식)
499,03X88,한국투자K-wave증권모투자신탁(주식),설정,47,04D53,한국투자K-wave소득공제증권전환형자투자신탁(채권혼합)(모),04D54,한국투자K-wave소득공제증권전환형자투자신탁(채권혼합)(C),03X88,04D53,04D54,X,X,X,03X88,한국투자K-wave증권모투자신탁(주식)
500,03X88,한국투자K-wave증권모투자신탁(주식),,,04D53,,04D58,한국투자K-wave소득공제증권전환형자투자신탁(채권혼합)(C-e),03X88,04D53,04D58,X,X,X,03X88,한국투자K-wave증권모투자신탁(주식)
501,03X88,한국투자K-wave증권모투자신탁(주식),,,04D53,,04D67,한국투자K-wave소득공제증권전환형자투자신탁(채권혼합)(S-T),03X88,04D53,04D67,X,X,X,03X88,한국투자K-wave증권모투자신탁(주식)
502,03X88,한국투자K-wave증권모투자신탁(주식),해지,47,04D53,한국투자K-wave소득공제증권전환형자투자신탁(채권혼합)(모),04D54,한국투자K-wave소득공제증권전환형자투자신탁(채권혼합)(C),03X88,04D53,04D54,X,X,X,03X88,한국투자K-wave증권모투자신탁(주식)
503,03X88,한국투자K-wave증권모투자신탁(주식),,,04D53,,04D58,한국투자K-wave소득공제증권전환형자투자신탁(채권혼합)(C-e),03X88,04D53,04D58,X,X,X,03X88,한국투자K-wave증권모투자신탁(주식)
504,03X88,한국투자K-wave증권모투자신탁(주식),,,04D53,,04D67,한국투자K-wave소득공제증권전환형자투자신탁(채권혼합)(S-T),03X88,04D53,04D67,X,X,X,03X88,한국투자K-wave증권모투자신탁(주식)
505,03Y16,한국투자아시아그로스증권모투자신탁(주식),설정,0,03Y18,한국투자아시아그로스증권자투자신탁1호(주식)(모),03W91,한국투자아시아그로스증권자투자신탁1호(주식)(S),03Y16,03Y18,03W91,X,X,X,03Y16,한국투자아시아그로스증권모투자신탁(주식)
506,03Y16,한국투자아시아그로스증권모투자신탁(주식),,,03Y18,,40050,한국투자아시아그로스증권자투자신탁1호(주식)(A),03Y16,03Y18,40050,X,X,X,03Y16,한국투자아시아그로스증권모투자신탁(주식)
507,03Y16,한국투자아시아그로스증권모투자신탁(주식),,,03Y18,,40051,한국투자아시아에릭스증권자투자신탁1호(주식)(C1),03Y16,03Y18,40051,X,X,X,03Y16,한국투자아시아그로스증권모투자신탁(주식)
508,03Y16,한국투자아시아그로스증권모투자신탁(주식),,,03Y18,,40052,한국투자아시아그로스증권자투자신탁1호(주식)(C-e),03Y16,03Y18,40052,X,X,X,03Y16,한국투자아시아그로스증권모투자신탁(주식)
509,03Y16,한국투자아시아그로스증권모투자신탁(주식),,,03Y18,,40241,한국투자아시아에릭스증권자투자신탁1호(주식)(C2),03Y16,03Y18,40241,X,X,X,03Y16,한국투자아시아그로스증권모투자신탁(주식)
510,03Y16,한국투자아시아그로스증권모투자신탁(주식),,,03Y18,,40242,한국투자아시아에릭스증권자투자신탁1호(주식)(C3),03Y16,03Y18,40242,X,X,X,03Y16,한국투자아시아그로스증권모투자신탁(주식)
511,03Y16,한국투자아시아그로스증권모투자신탁(주식),,,03Y18,,40243,한국투자아시아그로스증권자투자신탁1호(주식)(C4),03Y16,03Y18,40243,X,X,X,03Y16,한국투자아시아그로스증권모투자신탁(주식)
512,03Y16,한국투자아시아그로스증권모투자신탁(주식),,,03Y18,,40244,한국투자아시아그로스증권자투자신탁1호(주식)(C5),03Y16,03Y18,40244,X,X,X,03Y16,한국투자아시아그로스증권모투자신탁(주식)
513,03Y16,한국투자아시아그로스증권모투자신탁(주식),해지,0,03Y18,한국투자아시아그로스증권자투자신탁1호(주식)(모),03W91,한국투자아시아그로스증권자투자신탁1호(주식)(S),03Y16,03Y18,03W91,X,X,X,03Y16,한국투자아시아그로스증권모투자신탁(주식)
514,03Y16,한국투자아시아그로스증권모투자신탁(주식),,,03Y18,,40050,한국투자아시아그로스증권자투자신탁1호(주식)(A),03Y16,03Y18,40050,X,X,X,03Y16,한국투자아시아그로스증권모투자신탁(주식)
515,03Y16,한국투자아시아그로스증권모투자신탁(주식),,,03Y18,,40051,한국투자아시아에릭스증권자투자신탁1호(주식)(C1),03Y16,03Y18,40051,X,X,X,03Y16,한국투자아시아그로스증권모투자신탁(주식)
516,03Y16,한국투자아시아그로스증권모투자신탁(주식),,,03Y18,,40052,한국투자아시아그로스증권자투자신탁1호(주식)(C-e),03Y16,03Y18,40052,X,X,X,03Y16,한국투자아시아그로스증권모투자신탁(주식)
517,03Y16,한국투자아시아그로스증권모투자신탁(주식),,,03Y18,,40241,한국투자아시아에릭스증권자투자신탁1호(주식)(C2),03Y16,03Y18,40241,X,X,X,03Y16,한국투자아시아그로스증권모투자신탁(주식)
518,03Y16,한국투자아시아그로스증권모투자신탁(주식),,,03Y18,,40242,한국투자아시아에릭스증권자투자신탁1호(주식)(C3),03Y16,03Y18,40242,X,X,X,03Y16,한국투자아시아그로스증권모투자신탁(주식)
519,03Y16,한국투자아시아그로스증권모투자신탁(주식),,,03Y18,,40243,한국투자아시아그로스증권자투자신탁1호(주식)(C4),03Y16,03Y18,40243,X,X,X,03Y16,한국투자아시아그로스증권모투자신탁(주식)
520,03Y16,한국투자아시아그로스증권모투자신탁(주식),,,03Y18,,40244,한국투자아시아그로스증권자투자신탁1호(주식)(C5),03Y16,03Y18,40244,X,X,X,03Y16,한국투자아시아그로스증권모투자신탁(주식)
521,03Y16,한국투자아시아그로스증권모투자신탁(주식),공통,0,04B80,한국투자퇴직연금아시아그로스40증권자투자신탁1호(채권혼합),,,03Y16,04B80,,X,X,X,03Y16,한국투자아시아그로스증권모투자신탁(주식)
522,03Y19,한국투자인도네시아증권모투자신탁(주식),설정,0,03Y22,한국투자인니말레이증권자투자신탁1호(주식)(모),40053,한국투자인니말레이증권자투자신탁1호(주식)(A),03Y19,03Y22,40053,X,X,X,03Y19,한국투자인도네시아증권모투자신탁(주식)
523,03Y19,한국투자인도네시아증권모투자신탁(주식),,,03Y22,,40054,한국투자인니말레이증권자투자신탁1호(주식)(C1),03Y19,03Y22,40054,X,X,X,03Y19,한국투자인도네시아증권모투자신탁(주식)
524,03Y19,한국투자인도네시아증권모투자신탁(주식),,,03Y22,,40055,한국투자인니말레이증권자투자신탁1호(주식)(C-e),03Y19,03Y22,40055,X,X,X,03Y19,한국투자인도네시아증권모투자신탁(주식)
525,03Y19,한국투자인도네시아증권모투자신탁(주식),,,03Y22,,40245,한국투자인니말레이증권자투자신탁1호(주식)(C2),03Y19,03Y22,40245,X,X,X,03Y19,한국투자인도네시아증권모투자신탁(주식)
526,03Y19,한국투자인도네시아증권모투자신탁(주식),,,03Y22,,40246,한국투자인니말레이증권자투자신탁1호(주식)(C3),03Y19,03Y22,40246,X,X,X,03Y19,한국투자인도네시아증권모투자신탁(주식)
527,03Y19,한국투자인도네시아증권모투자신탁(주식),,,03Y22,,40247,한국투자인니말레이증권자투자신탁1호(주식)(C4),03Y19,03Y22,40247,X,X,X,03Y19,한국투자인도네시아증권모투자신탁(주식)
528,03Y19,한국투자인도네시아증권모투자신탁(주식),,,03Y22,,40248,한국투자인니말레이증권자투자신탁1(주식)(C5),03Y19,03Y22,40248,X,X,X,03Y19,한국투자인도네시아증권모투자신탁(주식)
529,03Y19,한국투자인도네시아증권모투자신탁(주식),해지,50,03Y22,한국투자인니말레이증권자투자신탁1호(주식)(모),40053,한국투자인니말레이증권자투자신탁1호(주식)(A),03Y19,03Y22,40053,X,X,X,03Y19,한국투자인도네시아증권모투자신탁(주식)
530,03Y19,한국투자인도네시아증권모투자신탁(주식),,,03Y22,,40054,한국투자인니말레이증권자투자신탁1호(주식)(C1),03Y19,03Y22,40054,X,X,X,03Y19,한국투자인도네시아증권모투자신탁(주식)
531,03Y19,한국투자인도네시아증권모투자신탁(주식),,,03Y22,,40055,한국투자인니말레이증권자투자신탁1호(주식)(C-e),03Y19,03Y22,40055,X,X,X,03Y19,한국투자인도네시아증권모투자신탁(주식)
532,03Y19,한국투자인도네시아증권모투자신탁(주식),,,03Y22,,40245,한국투자인니말레이증권자투자신탁1호(주식)(C2),03Y19,03Y22,40245,X,X,X,03Y19,한국투자인도네시아증권모투자신탁(주식)
533,03Y19,한국투자인도네시아증권모투자신탁(주식),,,03Y22,,40246,한국투자인니말레이증권자투자신탁1호(주식)(C3),03Y19,03Y22,40246,X,X,X,03Y19,한국투자인도네시아증권모투자신탁(주식)
534,03Y19,한국투자인도네시아증권모투자신탁(주식),,,03Y22,,40247,한국투자인니말레이증권자투자신탁1호(주식)(C4),03Y19,03Y22,40247,X,X,X,03Y19,한국투자인도네시아증권모투자신탁(주식)
535,03Y19,한국투자인도네시아증권모투자신탁(주식),,,03Y22,,40248,한국투자인니말레이증권자투자신탁1(주식)(C5),03Y19,03Y22,40248,X,X,X,03Y19,한국투자인도네시아증권모투자신탁(주식)
536,03Y19,한국투자인도네시아증권모투자신탁(주식),공통,15,03Y55,한국투자이슬람증권자투자신탁1호(주식)(모),40082,한국투자이슬람증권자투자신탁1호(주식)(A),03Y19,03Y55,40082,X,X,X,03Y19,한국투자인도네시아증권모투자신탁(주식)
537,03Y19,한국투자인도네시아증권모투자신탁(주식),,,03Y55,,40083,한국투자이슬람증권자투자신탁1호(주식)(C),03Y19,03Y55,40083,X,X,X,03Y19,한국투자인도네시아증권모투자신탁(주식)
538,03Y19,한국투자인도네시아증권모투자신탁(주식),,,03Y55,,40084,한국투자이슬람증권자투자신탁1호(주식)(C-e),03Y19,03Y55,40084,X,X,X,03Y19,한국투자인도네시아증권모투자신탁(주식)
539,03Y20,한국투자말레이시아증권모투자신탁(주식),설정,0,03Y22,한국투자인니말레이증권자투자신탁1호(주식)(모),40053,한국투자인니말레이증권자투자신탁1호(주식)(A),03Y20,03Y22,40053,X,X,X,03Y20,한국투자말레이시아증권모투자신탁(주식)
540,03Y20,한국투자말레이시아증권모투자신탁(주식),,,03Y22,,40054,한국투자인니말레이증권자투자신탁1호(주식)(C1),03Y20,03Y22,40054,X,X,X,03Y20,한국투자말레이시아증권모투자신탁(주식)
541,03Y20,한국투자말레이시아증권모투자신탁(주식),,,03Y22,,40055,한국투자인니말레이증권자투자신탁1호(주식)(C-e),03Y20,03Y22,40055,X,X,X,03Y20,한국투자말레이시아증권모투자신탁(주식)
542,03Y20,한국투자말레이시아증권모투자신탁(주식),,,03Y22,,40245,한국투자인니말레이증권자투자신탁1호(주식)(C2),03Y20,03Y22,40245,X,X,X,03Y20,한국투자말레이시아증권모투자신탁(주식)
543,03Y20,한국투자말레이시아증권모투자신탁(주식),,,03Y22,,40246,한국투자인니말레이증권자투자신탁1호(주식)(C3),03Y20,03Y22,40246,X,X,X,03Y20,한국투자말레이시아증권모투자신탁(주식)
544,03Y20,한국투자말레이시아증권모투자신탁(주식),,,03Y22,,40247,한국투자인니말레이증권자투자신탁1호(주식)(C4),03Y20,03Y22,40247,X,X,X,03Y20,한국투자말레이시아증권모투자신탁(주식)
545,03Y20,한국투자말레이시아증권모투자신탁(주식),,,03Y22,,40248,한국투자인니말레이증권자투자신탁1(주식)(C5),03Y20,03Y22,40248,X,X,X,03Y20,한국투자말레이시아증권모투자신탁(주식)
546,03Y20,한국투자말레이시아증권모투자신탁(주식),해지,50,03Y22,한국투자인니말레이증권자투자신탁1호(주식)(모),40053,한국투자인니말레이증권자투자신탁1호(주식)(A),03Y20,03Y22,40053,X,X,X,03Y20,한국투자말레이시아증권모투자신탁(주식)
547,03Y20,한국투자말레이시아증권모투자신탁(주식),,,03Y22,,40054,한국투자인니말레이증권자투자신탁1호(주식)(C1),03Y20,03Y22,40054,X,X,X,03Y20,한국투자말레이시아증권모투자신탁(주식)
548,03Y20,한국투자말레이시아증권모투자신탁(주식),,,03Y22,,40055,한국투자인니말레이증권자투자신탁1호(주식)(C-e),03Y20,03Y22,40055,X,X,X,03Y20,한국투자말레이시아증권모투자신탁(주식)
549,03Y20,한국투자말레이시아증권모투자신탁(주식),,,03Y22,,40245,한국투자인니말레이증권자투자신탁1호(주식)(C2),03Y20,03Y22,40245,X,X,X,03Y20,한국투자말레이시아증권모투자신탁(주식)
550,03Y20,한국투자말레이시아증권모투자신탁(주식),,,03Y22,,40246,한국투자인니말레이증권자투자신탁1호(주식)(C3),03Y20,03Y22,40246,X,X,X,03Y20,한국투자말레이시아증권모투자신탁(주식)
551,03Y20,한국투자말레이시아증권모투자신탁(주식),,,03Y22,,40247,한국투자인니말레이증권자투자신탁1호(주식)(C4),03Y20,03Y22,40247,X,X,X,03Y20,한국투자말레이시아증권모투자신탁(주식)
552,03Y20,한국투자말레이시아증권모투자신탁(주식),,,03Y22,,40248,한국투자인니말레이증권자투자신탁1(주식)(C5),03Y20,03Y22,40248,X,X,X,03Y20,한국투자말레이시아증권모투자신탁(주식)
553,03Y20,한국투자말레이시아증권모투자신탁(주식),공통,40,03Y55,한국투자이슬람증권자투자신탁1호(주식)(모),40082,한국투자이슬람증권자투자신탁1호(주식)(A),03Y20,03Y55,40082,X,X,X,03Y20,한국투자말레이시아증권모투자신탁(주식)
554,03Y20,한국투자말레이시아증권모투자신탁(주식),,,03Y55,,40083,한국투자이슬람증권자투자신탁1호(주식)(C),03Y20,03Y55,40083,X,X,X,03Y20,한국투자말레이시아증권모투자신탁(주식)
555,03Y20,한국투자말레이시아증권모투자신탁(주식),,,03Y55,,40084,한국투자이슬람증권자투자신탁1호(주식)(C-e),03Y20,03Y55,40084,X,X,X,03Y20,한국투자말레이시아증권모투자신탁(주식)
556,03Y37,한국투자러시아증권모투자신탁(주식),공통,0,03Y35,한국투자글로벌이머징증권자투자신탁1호(주식)(모),04Y13,한국투자글로벌이머징증권자투자신탁1호(주식)(S),03Y37,03Y35,04Y13,X,X,X,03Y37,한국투자러시아증권모투자신탁(주식)
557,03Y37,한국투자러시아증권모투자신탁(주식),,,03Y35,,40062,한국투자글로벌이머징증권자투자신탁1호(주식)(A),03Y37,03Y35,40062,X,X,X,03Y37,한국투자러시아증권모투자신탁(주식)
558,03Y37,한국투자러시아증권모투자신탁(주식),,,03Y35,,40063,한국투자글로벌이머징증권자투자신탁1호(주식)(C1),03Y37,03Y35,40063,X,X,X,03Y37,한국투자러시아증권모투자신탁(주식)
559,03Y37,한국투자러시아증권모투자신탁(주식),,,03Y35,,40064,한국투자글로벌이머징증권자투자신탁1호(주식)(C-e),03Y37,03Y35,40064,X,X,X,03Y37,한국투자러시아증권모투자신탁(주식)
560,03Y37,한국투자러시아증권모투자신탁(주식),,,03Y35,,40229,한국투자글로벌이머징증권자투자신탁1호(주식)(C2),03Y37,03Y35,40229,X,X,X,03Y37,한국투자러시아증권모투자신탁(주식)
561,03Y37,한국투자러시아증권모투자신탁(주식),,,03Y35,,40230,한국투자글로벌이머징증권자투자신탁1호(주식)(C3),03Y37,03Y35,40230,X,X,X,03Y37,한국투자러시아증권모투자신탁(주식)
562,03Y37,한국투자러시아증권모투자신탁(주식),,,03Y35,,40231,한국투자글로벌이머징증권자투자신탁1호(주식)(C4),03Y37,03Y35,40231,X,X,X,03Y37,한국투자러시아증권모투자신탁(주식)
563,03Y37,한국투자러시아증권모투자신탁(주식),,,03Y35,,40232,한국투자글로벌이머징증권자투자신탁1호(주식)(C5),03Y37,03Y35,40232,X,X,X,03Y37,한국투자러시아증권모투자신탁(주식)
564,03Y37,한국투자러시아증권모투자신탁(주식),,,03Y45,한국투자브릭스증권자투자신탁1호(주식)(모),40065,한국투자브릭스증권자투자신탁1호(주식)(A),03Y37,03Y45,40065,X,X,X,03Y37,한국투자러시아증권모투자신탁(주식)
565,03Y37,한국투자러시아증권모투자신탁(주식),,,03Y45,,40066,한국투자브릭스증권자투자신탁1호(주식)(C1),03Y37,03Y45,40066,X,X,X,03Y37,한국투자러시아증권모투자신탁(주식)
566,03Y37,한국투자러시아증권모투자신탁(주식),,,03Y45,,40067,한국투자브릭스증권자투자신탁1호(주식)(C-e),03Y37,03Y45,40067,X,X,X,03Y37,한국투자러시아증권모투자신탁(주식)
567,03Y37,한국투자러시아증권모투자신탁(주식),,,03Y45,,40238,한국투자브릭스증권자투자신탁1호(주식)(C3),03Y37,03Y45,40238,X,X,X,03Y37,한국투자러시아증권모투자신탁(주식)
568,03Y37,한국투자러시아증권모투자신탁(주식),,,03Y45,,40239,한국투자브릭스증권자투자신탁1호(주식)(C4),03Y37,03Y45,40239,X,X,X,03Y37,한국투자러시아증권모투자신탁(주식)
569,03Y37,한국투자러시아증권모투자신탁(주식),,,03Y45,,40240,한국투자브릭스증권자투자신탁1호(주식)(C5),03Y37,03Y45,40240,X,X,X,03Y37,한국투자러시아증권모투자신탁(주식)
570,03Y38,한국투자브릭스증권모투자신탁(주식),공통,48,03W55,한국투자골드플랜글로벌이머징연금증권전환형자투자신탁1호(주식)(모),03W76,한국투자골드플랜글로벌이머징연금증권전환형자투자신탁1호(주식)(S-P),03Y38,03W55,03W76,X,X,X,03Y38,한국투자브릭스증권모투자신탁(주식)
571,03Y38,한국투자브릭스증권모투자신탁(주식),,,03W55,,05B30,한국투자골드플랜글로벌이머징연금증권전환형자투자신탁1호(주식)(C-e),03Y38,03W55,05B30,X,X,X,03Y38,한국투자브릭스증권모투자신탁(주식)
572,03Y38,한국투자브릭스증권모투자신탁(주식),,,03W55,,40077,한국투자골드플랜글로벌이머징연금증권전환형자투자신탁1호(주식)(C),03Y38,03W55,40077,X,X,X,03Y38,한국투자브릭스증권모투자신탁(주식)
573,03Y38,한국투자브릭스증권모투자신탁(주식),,100,03W59,한국투자골드플랜브릭스연금증권전환형자투자신탁1호(주식)(모),03W78,한국투자골드플랜브릭스연금증권전환형자투자신탁1호(주식)(S-P),03Y38,03W59,03W78,X,X,X,03Y38,한국투자브릭스증권모투자신탁(주식)
574,03Y38,한국투자브릭스증권모투자신탁(주식),,,03W59,,05B31,한국투자골드플랜브릭스연금증권전환형자투자신탁1호(주식)(C-e),03Y38,03W59,05B31,X,X,X,03Y38,한국투자브릭스증권모투자신탁(주식)
575,03Y38,한국투자브릭스증권모투자신탁(주식),,,03W59,,40075,한국투자골드플랜브릭스연금증권전환형자투자신탁1호(주식)(C),03Y38,03W59,40075,X,X,X,03Y38,한국투자브릭스증권모투자신탁(주식)
576,03Y38,한국투자브릭스증권모투자신탁(주식),,0,03Y35,한국투자글로벌이머징증권자투자신탁1호(주식)(모),04Y13,한국투자글로벌이머징증권자투자신탁1호(주식)(S),03Y38,03Y35,04Y13,X,X,X,03Y38,한국투자브릭스증권모투자신탁(주식)
577,03Y38,한국투자브릭스증권모투자신탁(주식),,,03Y35,,40062,한국투자글로벌이머징증권자투자신탁1호(주식)(A),03Y38,03Y35,40062,X,X,X,03Y38,한국투자브릭스증권모투자신탁(주식)
578,03Y38,한국투자브릭스증권모투자신탁(주식),,,03Y35,,40063,한국투자글로벌이머징증권자투자신탁1호(주식)(C1),03Y38,03Y35,40063,X,X,X,03Y38,한국투자브릭스증권모투자신탁(주식)
579,03Y38,한국투자브릭스증권모투자신탁(주식),,,03Y35,,40064,한국투자글로벌이머징증권자투자신탁1호(주식)(C-e),03Y38,03Y35,40064,X,X,X,03Y38,한국투자브릭스증권모투자신탁(주식)
580,03Y38,한국투자브릭스증권모투자신탁(주식),,,03Y35,,40229,한국투자글로벌이머징증권자투자신탁1호(주식)(C2),03Y38,03Y35,40229,X,X,X,03Y38,한국투자브릭스증권모투자신탁(주식)
581,03Y38,한국투자브릭스증권모투자신탁(주식),,,03Y35,,40230,한국투자글로벌이머징증권자투자신탁1호(주식)(C3),03Y38,03Y35,40230,X,X,X,03Y38,한국투자브릭스증권모투자신탁(주식)
582,03Y38,한국투자브릭스증권모투자신탁(주식),,,03Y35,,40231,한국투자글로벌이머징증권자투자신탁1호(주식)(C4),03Y38,03Y35,40231,X,X,X,03Y38,한국투자브릭스증권모투자신탁(주식)
583,03Y38,한국투자브릭스증권모투자신탁(주식),,,03Y35,,40232,한국투자글로벌이머징증권자투자신탁1호(주식)(C5),03Y38,03Y35,40232,X,X,X,03Y38,한국투자브릭스증권모투자신탁(주식)
584,03Y38,한국투자브릭스증권모투자신탁(주식),,,03Y45,한국투자브릭스증권자투자신탁1호(주식)(모),40065,한국투자브릭스증권자투자신탁1호(주식)(A),03Y38,03Y45,40065,X,X,X,03Y38,한국투자브릭스증권모투자신탁(주식)
585,03Y38,한국투자브릭스증권모투자신탁(주식),,,03Y45,,40066,한국투자브릭스증권자투자신탁1호(주식)(C1),03Y38,03Y45,40066,X,X,X,03Y38,한국투자브릭스증권모투자신탁(주식)
586,03Y38,한국투자브릭스증권모투자신탁(주식),,,03Y45,,40067,한국투자브릭스증권자투자신탁1호(주식)(C-e),03Y38,03Y45,40067,X,X,X,03Y38,한국투자브릭스증권모투자신탁(주식)
587,03Y38,한국투자브릭스증권모투자신탁(주식),,,03Y45,,40238,한국투자브릭스증권자투자신탁1호(주식)(C3),03Y38,03Y45,40238,X,X,X,03Y38,한국투자브릭스증권모투자신탁(주식)
588,03Y38,한국투자브릭스증권모투자신탁(주식),,,03Y45,,40239,한국투자브릭스증권자투자신탁1호(주식)(C4),03Y38,03Y45,40239,X,X,X,03Y38,한국투자브릭스증권모투자신탁(주식)
589,03Y38,한국투자브릭스증권모투자신탁(주식),,,03Y45,,40240,한국투자브릭스증권자투자신탁1호(주식)(C5),03Y38,03Y45,40240,X,X,X,03Y38,한국투자브릭스증권모투자신탁(주식)
590,03Y38,한국투자브릭스증권모투자신탁(주식),,,04X58,한국투자퇴직연금글로벌이머징증권자투자신탁1호(주식)(모),04X59,한국투자퇴직연금글로벌이머징증권자투자신탁1호(주식)(C-J),03Y38,04X58,04X59,X,X,X,03Y38,한국투자브릭스증권모투자신탁(주식)
591,03Y38,한국투자브릭스증권모투자신탁(주식),,100,40092,한국투자신종개인연금브릭스증권전환형자투자신탁1호(주식혼합),,,03Y38,40092,,X,X,X,03Y38,한국투자브릭스증권모투자신탁(주식)
592,03Y38,한국투자브릭스증권모투자신탁(주식),,48,40093,한국투자신종개인연금글로벌이머징증권전환형자투자신탁1호(주식혼합),,,03Y38,40093,,X,X,X,03Y38,한국투자브릭스증권모투자신탁(주식)
593,03Y39,한국투자아시아증권모투자신탁(주식),공통,52,03W55,한국투자골드플랜글로벌이머징연금증권전환형자투자신탁1호(주식)(모),03W76,한국투자골드플랜글로벌이머징연금증권전환형자투자신탁1호(주식)(S-P),03Y39,03W55,03W76,X,X,X,03Y39,한국투자아시아증권모투자신탁(주식)
594,03Y39,한국투자아시아증권모투자신탁(주식),,,03W55,,05B30,한국투자골드플랜글로벌이머징연금증권전환형자투자신탁1호(주식)(C-e),03Y39,03W55,05B30,X,X,X,03Y39,한국투자아시아증권모투자신탁(주식)
595,03Y39,한국투자아시아증권모투자신탁(주식),,,03W55,,40077,한국투자골드플랜글로벌이머징연금증권전환형자투자신탁1호(주식)(C),03Y39,03W55,40077,X,X,X,03Y39,한국투자아시아증권모투자신탁(주식)
596,03Y39,한국투자아시아증권모투자신탁(주식),,0,03Y35,한국투자글로벌이머징증권자투자신탁1호(주식)(모),04Y13,한국투자글로벌이머징증권자투자신탁1호(주식)(S),03Y39,03Y35,04Y13,X,X,X,03Y39,한국투자아시아증권모투자신탁(주식)
597,03Y39,한국투자아시아증권모투자신탁(주식),,,03Y35,,40062,한국투자글로벌이머징증권자투자신탁1호(주식)(A),03Y39,03Y35,40062,X,X,X,03Y39,한국투자아시아증권모투자신탁(주식)
598,03Y39,한국투자아시아증권모투자신탁(주식),,,03Y35,,40063,한국투자글로벌이머징증권자투자신탁1호(주식)(C1),03Y39,03Y35,40063,X,X,X,03Y39,한국투자아시아증권모투자신탁(주식)
599,03Y39,한국투자아시아증권모투자신탁(주식),,,03Y35,,40064,한국투자글로벌이머징증권자투자신탁1호(주식)(C-e),03Y39,03Y35,40064,X,X,X,03Y39,한국투자아시아증권모투자신탁(주식)
600,03Y39,한국투자아시아증권모투자신탁(주식),,,03Y35,,40229,한국투자글로벌이머징증권자투자신탁1호(주식)(C2),03Y39,03Y35,40229,X,X,X,03Y39,한국투자아시아증권모투자신탁(주식)
601,03Y39,한국투자아시아증권모투자신탁(주식),,,03Y35,,40230,한국투자글로벌이머징증권자투자신탁1호(주식)(C3),03Y39,03Y35,40230,X,X,X,03Y39,한국투자아시아증권모투자신탁(주식)
602,03Y39,한국투자아시아증권모투자신탁(주식),,,03Y35,,40231,한국투자글로벌이머징증권자투자신탁1호(주식)(C4),03Y39,03Y35,40231,X,X,X,03Y39,한국투자아시아증권모투자신탁(주식)
603,03Y39,한국투자아시아증권모투자신탁(주식),,,03Y35,,40232,한국투자글로벌이머징증권자투자신탁1호(주식)(C5),03Y39,03Y35,40232,X,X,X,03Y39,한국투자아시아증권모투자신탁(주식)
604,03Y39,한국투자아시아증권모투자신탁(주식),,,04X58,한국투자퇴직연금글로벌이머징증권자투자신탁1호(주식)(모),04X59,한국투자퇴직연금글로벌이머징증권자투자신탁1호(주식)(C-J),03Y39,04X58,04X59,X,X,X,03Y39,한국투자아시아증권모투자신탁(주식)
605,03Y39,한국투자아시아증권모투자신탁(주식),,52,40093,한국투자신종개인연금글로벌이머징증권전환형자투자신탁1호(주식혼합),,,03Y39,40093,,X,X,X,03Y39,한국투자아시아증권모투자신탁(주식)
606,03Y40,한국투자아프리카증권모투자신탁(주식),공통,0,03Y35,한국투자글로벌이머징증권자투자신탁1호(주식)(모),04Y13,한국투자글로벌이머징증권자투자신탁1호(주식)(S),03Y40,03Y35,04Y13,X,X,X,03Y40,한국투자아프리카증권모투자신탁(주식)
607,03Y40,한국투자아프리카증권모투자신탁(주식),,,03Y35,,40062,한국투자글로벌이머징증권자투자신탁1호(주식)(A),03Y40,03Y35,40062,X,X,X,03Y40,한국투자아프리카증권모투자신탁(주식)
608,03Y40,한국투자아프리카증권모투자신탁(주식),,,03Y35,,40063,한국투자글로벌이머징증권자투자신탁1호(주식)(C1),03Y40,03Y35,40063,X,X,X,03Y40,한국투자아프리카증권모투자신탁(주식)
609,03Y40,한국투자아프리카증권모투자신탁(주식),,,03Y35,,40064,한국투자글로벌이머징증권자투자신탁1호(주식)(C-e),03Y40,03Y35,40064,X,X,X,03Y40,한국투자아프리카증권모투자신탁(주식)
610,03Y40,한국투자아프리카증권모투자신탁(주식),,,03Y35,,40229,한국투자글로벌이머징증권자투자신탁1호(주식)(C2),03Y40,03Y35,40229,X,X,X,03Y40,한국투자아프리카증권모투자신탁(주식)
611,03Y40,한국투자아프리카증권모투자신탁(주식),,,03Y35,,40230,한국투자글로벌이머징증권자투자신탁1호(주식)(C3),03Y40,03Y35,40230,X,X,X,03Y40,한국투자아프리카증권모투자신탁(주식)
612,03Y40,한국투자아프리카증권모투자신탁(주식),,,03Y35,,40231,한국투자글로벌이머징증권자투자신탁1호(주식)(C4),03Y40,03Y35,40231,X,X,X,03Y40,한국투자아프리카증권모투자신탁(주식)
613,03Y40,한국투자아프리카증권모투자신탁(주식),,,03Y35,,40232,한국투자글로벌이머징증권자투자신탁1호(주식)(C5),03Y40,03Y35,40232,X,X,X,03Y40,한국투자아프리카증권모투자신탁(주식)
614,03Y41,한국투자중동증권모투자신탁(주식),공통,0,03Y35,한국투자글로벌이머징증권자투자신탁1호(주식)(모),04Y13,한국투자글로벌이머징증권자투자신탁1호(주식)(S),03Y41,03Y35,04Y13,X,X,X,03Y41,한국투자중동증권모투자신탁(주식)
615,03Y41,한국투자중동증권모투자신탁(주식),,,03Y35,,40062,한국투자글로벌이머징증권자투자신탁1호(주식)(A),03Y41,03Y35,40062,X,X,X,03Y41,한국투자중동증권모투자신탁(주식)
616,03Y41,한국투자중동증권모투자신탁(주식),,,03Y35,,40063,한국투자글로벌이머징증권자투자신탁1호(주식)(C1),03Y41,03Y35,40063,X,X,X,03Y41,한국투자중동증권모투자신탁(주식)
617,03Y41,한국투자중동증권모투자신탁(주식),,,03Y35,,40064,한국투자글로벌이머징증권자투자신탁1호(주식)(C-e),03Y41,03Y35,40064,X,X,X,03Y41,한국투자중동증권모투자신탁(주식)
618,03Y41,한국투자중동증권모투자신탁(주식),,,03Y35,,40229,한국투자글로벌이머징증권자투자신탁1호(주식)(C2),03Y41,03Y35,40229,X,X,X,03Y41,한국투자중동증권모투자신탁(주식)
619,03Y41,한국투자중동증권모투자신탁(주식),,,03Y35,,40230,한국투자글로벌이머징증권자투자신탁1호(주식)(C3),03Y41,03Y35,40230,X,X,X,03Y41,한국투자중동증권모투자신탁(주식)
620,03Y41,한국투자중동증권모투자신탁(주식),,,03Y35,,40231,한국투자글로벌이머징증권자투자신탁1호(주식)(C4),03Y41,03Y35,40231,X,X,X,03Y41,한국투자중동증권모투자신탁(주식)
621,03Y41,한국투자중동증권모투자신탁(주식),,,03Y35,,40232,한국투자글로벌이머징증권자투자신탁1호(주식)(C5),03Y41,03Y35,40232,X,X,X,03Y41,한국투자중동증권모투자신탁(주식)
622,03Y41,한국투자중동증권모투자신탁(주식),,45,03Y55,한국투자이슬람증권자투자신탁1호(주식)(모),40082,한국투자이슬람증권자투자신탁1호(주식)(A),03Y41,03Y55,40082,X,X,X,03Y41,한국투자중동증권모투자신탁(주식)
623,03Y41,한국투자중동증권모투자신탁(주식),,,03Y55,,40083,한국투자이슬람증권자투자신탁1호(주식)(C),03Y41,03Y55,40083,X,X,X,03Y41,한국투자중동증권모투자신탁(주식)
624,03Y41,한국투자중동증권모투자신탁(주식),,,03Y55,,40084,한국투자이슬람증권자투자신탁1호(주식)(C-e),03Y41,03Y55,40084,X,X,X,03Y41,한국투자중동증권모투자신탁(주식)
625,03Y42,한국투자차이나증권모투자신탁(주식),공통,0,03Y45,한국투자브릭스증권자투자신탁1호(주식)(모),40065,한국투자브릭스증권자투자신탁1호(주식)(A),03Y42,03Y45,40065,X,X,X,03Y42,한국투자차이나증권모투자신탁(주식)
626,03Y42,한국투자차이나증권모투자신탁(주식),,,03Y45,,40066,한국투자브릭스증권자투자신탁1호(주식)(C1),03Y42,03Y45,40066,X,X,X,03Y42,한국투자차이나증권모투자신탁(주식)
627,03Y42,한국투자차이나증권모투자신탁(주식),,,03Y45,,40067,한국투자브릭스증권자투자신탁1호(주식)(C-e),03Y42,03Y45,40067,X,X,X,03Y42,한국투자차이나증권모투자신탁(주식)
628,03Y42,한국투자차이나증권모투자신탁(주식),,,03Y45,,40238,한국투자브릭스증권자투자신탁1호(주식)(C3),03Y42,03Y45,40238,X,X,X,03Y42,한국투자차이나증권모투자신탁(주식)
629,03Y42,한국투자차이나증권모투자신탁(주식),,,03Y45,,40239,한국투자브릭스증권자투자신탁1호(주식)(C4),03Y42,03Y45,40239,X,X,X,03Y42,한국투자차이나증권모투자신탁(주식)
630,03Y42,한국투자차이나증권모투자신탁(주식),,,03Y45,,40240,한국투자브릭스증권자투자신탁1호(주식)(C5),03Y42,03Y45,40240,X,X,X,03Y42,한국투자차이나증권모투자신탁(주식)
631,03Y44,한국투자타이완증권모투자신탁(주식),공통,0,03Y35,한국투자글로벌이머징증권자투자신탁1호(주식)(모),04Y13,한국투자글로벌이머징증권자투자신탁1호(주식)(S),03Y44,03Y35,04Y13,X,X,X,03Y44,한국투자타이완증권모투자신탁(주식)
632,03Y44,한국투자타이완증권모투자신탁(주식),,,03Y35,,40062,한국투자글로벌이머징증권자투자신탁1호(주식)(A),03Y44,03Y35,40062,X,X,X,03Y44,한국투자타이완증권모투자신탁(주식)
633,03Y44,한국투자타이완증권모투자신탁(주식),,,03Y35,,40063,한국투자글로벌이머징증권자투자신탁1호(주식)(C1),03Y44,03Y35,40063,X,X,X,03Y44,한국투자타이완증권모투자신탁(주식)
634,03Y44,한국투자타이완증권모투자신탁(주식),,,03Y35,,40064,한국투자글로벌이머징증권자투자신탁1호(주식)(C-e),03Y44,03Y35,40064,X,X,X,03Y44,한국투자타이완증권모투자신탁(주식)
635,03Y44,한국투자타이완증권모투자신탁(주식),,,03Y35,,40229,한국투자글로벌이머징증권자투자신탁1호(주식)(C2),03Y44,03Y35,40229,X,X,X,03Y44,한국투자타이완증권모투자신탁(주식)
636,03Y44,한국투자타이완증권모투자신탁(주식),,,03Y35,,40230,한국투자글로벌이머징증권자투자신탁1호(주식)(C3),03Y44,03Y35,40230,X,X,X,03Y44,한국투자타이완증권모투자신탁(주식)
637,03Y44,한국투자타이완증권모투자신탁(주식),,,03Y35,,40231,한국투자글로벌이머징증권자투자신탁1호(주식)(C4),03Y44,03Y35,40231,X,X,X,03Y44,한국투자타이완증권모투자신탁(주식)
638,03Y44,한국투자타이완증권모투자신탁(주식),,,03Y35,,40232,한국투자글로벌이머징증권자투자신탁1호(주식)(C5),03Y44,03Y35,40232,X,X,X,03Y44,한국투자타이완증권모투자신탁(주식)
639,03Y44,한국투자타이완증권모투자신탁(주식),,,03Y45,한국투자브릭스증권자투자신탁1호(주식)(모),40065,한국투자브릭스증권자투자신탁1호(주식)(A),03Y44,03Y45,40065,X,X,X,03Y44,한국투자타이완증권모투자신탁(주식)
640,03Y44,한국투자타이완증권모투자신탁(주식),,,03Y45,,40066,한국투자브릭스증권자투자신탁1호(주식)(C1),03Y44,03Y45,40066,X,X,X,03Y44,한국투자타이완증권모투자신탁(주식)
641,03Y44,한국투자타이완증권모투자신탁(주식),,,03Y45,,40067,한국투자브릭스증권자투자신탁1호(주식)(C-e),03Y44,03Y45,40067,X,X,X,03Y44,한국투자타이완증권모투자신탁(주식)
642,03Y44,한국투자타이완증권모투자신탁(주식),,,03Y45,,40238,한국투자브릭스증권자투자신탁1호(주식)(C3),03Y44,03Y45,40238,X,X,X,03Y44,한국투자타이완증권모투자신탁(주식)
643,03Y44,한국투자타이완증권모투자신탁(주식),,,03Y45,,40239,한국투자브릭스증권자투자신탁1호(주식)(C4),03Y44,03Y45,40239,X,X,X,03Y44,한국투자타이완증권모투자신탁(주식)
644,03Y44,한국투자타이완증권모투자신탁(주식),,,03Y45,,40240,한국투자브릭스증권자투자신탁1호(주식)(C5),03Y44,03Y45,40240,X,X,X,03Y44,한국투자타이완증권모투자신탁(주식)
645,03Y44,한국투자타이완증권모투자신탁(주식),,100,03Y48,한국투자타이완증권자투자신탁1호(주식)(모),40068,한국투자타이완증권자투자신탁1호(주식)(A),03Y44,03Y48,40068,X,X,X,03Y44,한국투자타이완증권모투자신탁(주식)
646,03Y44,한국투자타이완증권모투자신탁(주식),,,03Y48,,40069,한국투자타이완증권자투자신탁1호(주식)(C),03Y44,03Y48,40069,X,X,X,03Y44,한국투자타이완증권모투자신탁(주식)
647,03Y44,한국투자타이완증권모투자신탁(주식),,,03Y48,,40070,한국투자타이완증권자투자신탁1호(주식)(C-e),03Y44,03Y48,40070,X,X,X,03Y44,한국투자타이완증권모투자신탁(주식)
648,03Y51,한국투자글로벌브랜드파워증권모투자신탁(주식),공통,100,03X91,한국투자중국소비성장수혜주증권자투자신탁H(주식)(모),03W26,한국투자중국소비성장수혜주증권자투자신탁H(주식)(C4),03Y51,03X91,03W26,X,X,X,03Y51,한국투자글로벌브랜드파워증권모투자신탁(주식)
649,03Y51,한국투자글로벌브랜드파워증권모투자신탁(주식),,,03X91,,03X92,한국투자중국소비성장수혜주증권자투자신탁H(주식)(A),03Y51,03X91,03X92,X,X,X,03Y51,한국투자글로벌브랜드파워증권모투자신탁(주식)
650,03Y51,한국투자글로벌브랜드파워증권모투자신탁(주식),,,03X91,,03X93,한국투자중국소비성장수혜주증권자투자신탁H(주식)(C),03Y51,03X91,03X93,X,X,X,03Y51,한국투자글로벌브랜드파워증권모투자신탁(주식)
651,03Y51,한국투자글로벌브랜드파워증권모투자신탁(주식),,,03X91,,04X40,한국투자중국소비성장수혜주증권자투자신탁H(주식)(C2),03Y51,03X91,04X40,X,X,X,03Y51,한국투자글로벌브랜드파워증권모투자신탁(주식)
652,03Y51,한국투자글로벌브랜드파워증권모투자신탁(주식),,,03X91,,04X70,한국투자중국소비성장수혜주증권자투자신탁H(주식)(C3),03Y51,03X91,04X70,X,X,X,03Y51,한국투자글로벌브랜드파워증권모투자신탁(주식)
653,03Y51,한국투자글로벌브랜드파워증권모투자신탁(주식),,,03X91,,05M66,한국투자중국소비성장수혜주증권자투자신탁H(주식)(A-e),03Y51,03X91,05M66,X,X,X,03Y51,한국투자글로벌브랜드파워증권모투자신탁(주식)
654,03Y51,한국투자글로벌브랜드파워증권모투자신탁(주식),,,03X91,,40221,한국투자중국소비성장수혜주증권자투자신탁H(주식)(C-e),03Y51,03X91,40221,X,X,X,03Y51,한국투자글로벌브랜드파워증권모투자신탁(주식)
655,03Y51,한국투자글로벌브랜드파워증권모투자신탁(주식),,,03X91,,40224,한국투자중국소비성장수혜주증권자투자신탁H(주식)(C-F),03Y51,03X91,40224,X,X,X,03Y51,한국투자글로벌브랜드파워증권모투자신탁(주식)
656,03Y51,한국투자글로벌브랜드파워증권모투자신탁(주식),,,03X95,한국투자글로벌브랜드파워증권자투자신탁UH(주식)(모),03W41,한국투자글로벌브랜드파워증권자투자신탁UH(주식)(C4),03Y51,03X95,03W41,X,X,X,03Y51,한국투자글로벌브랜드파워증권모투자신탁(주식)
657,03Y51,한국투자글로벌브랜드파워증권모투자신탁(주식),,,03X95,,03X96,한국투자글로벌브랜드파워증권자투자신탁UH(주식)(A),03Y51,03X95,03X96,X,X,X,03Y51,한국투자글로벌브랜드파워증권모투자신탁(주식)
658,03Y51,한국투자글로벌브랜드파워증권모투자신탁(주식),,,03X95,,03X97,한국투자글로벌브랜드파워증권자투자신탁UH(주식)(C),03Y51,03X95,03X97,X,X,X,03Y51,한국투자글로벌브랜드파워증권모투자신탁(주식)
659,03Y51,한국투자글로벌브랜드파워증권모투자신탁(주식),,,03X95,,04X41,한국투자글로벌브랜드파워증권자투자신탁UH(주식)(C2),03Y51,03X95,04X41,X,X,X,03Y51,한국투자글로벌브랜드파워증권모투자신탁(주식)
660,03Y51,한국투자글로벌브랜드파워증권모투자신탁(주식),,,03X95,,04X71,한국투자글로벌브랜드파워증권자투자신탁UH(주식)(C3),03Y51,03X95,04X71,X,X,X,03Y51,한국투자글로벌브랜드파워증권모투자신탁(주식)
661,03Y51,한국투자글로벌브랜드파워증권모투자신탁(주식),,,03X95,,05A14,한국투자글로벌브랜드파워증권자투자신탁UH(주식)(C-W),03Y51,03X95,05A14,X,X,X,03Y51,한국투자글로벌브랜드파워증권모투자신탁(주식)
662,03Y51,한국투자글로벌브랜드파워증권모투자신탁(주식),,,03X95,,05M89,한국투자글로벌브랜드파워증권자투자신탁UH(주식)(A-e),03Y51,03X95,05M89,X,X,X,03Y51,한국투자글로벌브랜드파워증권모투자신탁(주식)
663,03Y51,한국투자글로벌브랜드파워증권모투자신탁(주식),,,03X95,,40223,한국투자글로벌브랜드파워증권자투자신탁UH(주식)(C-e),03Y51,03X95,40223,X,X,X,03Y51,한국투자글로벌브랜드파워증권모투자신탁(주식)
664,03Y51,한국투자글로벌브랜드파워증권모투자신탁(주식),,,03Y53,한국투자글로벌브랜드파워증권자투자신탁1호(주식)(모),05B59,한국투자글로벌브랜드파워증권자투자신탁1호(주식)(C-W),03Y51,03Y53,05B59,X,X,X,03Y51,한국투자글로벌브랜드파워증권모투자신탁(주식)
665,03Y51,한국투자글로벌브랜드파워증권모투자신탁(주식),,,03Y53,,05K87,한국투자글로벌브랜드파워증권자투자신탁1호(주식)(A-e),03Y51,03Y53,05K87,X,X,X,03Y51,한국투자글로벌브랜드파워증권모투자신탁(주식)
666,03Y51,한국투자글로벌브랜드파워증권모투자신탁(주식),,,03Y53,,05Z94,(삭제)한국투자글로벌브랜드파워증권자투자신탁1호(주식)(C-W),03Y51,03Y53,05Z94,X,X,X,03Y51,한국투자글로벌브랜드파워증권모투자신탁(주식)
667,03Y51,한국투자글로벌브랜드파워증권모투자신탁(주식),,,03Y53,,40079,한국투자글로벌브랜드파워증권자투자신탁1호(주식)(A),03Y51,03Y53,40079,X,X,X,03Y51,한국투자글로벌브랜드파워증권모투자신탁(주식)
668,03Y51,한국투자글로벌브랜드파워증권모투자신탁(주식),,,03Y53,,40080,한국투자글로벌브랜드파워증권자투자신탁1호(주식)(C),03Y51,03Y53,40080,X,X,X,03Y51,한국투자글로벌브랜드파워증권모투자신탁(주식)
669,03Y51,한국투자글로벌브랜드파워증권모투자신탁(주식),,,03Y53,,40081,한국투자글로벌브랜드파워증권자투자신탁1호(주식)(C-e),03Y51,03Y53,40081,X,X,X,03Y51,한국투자글로벌브랜드파워증권모투자신탁(주식)
670,03Y51,한국투자글로벌브랜드파워증권모투자신탁(주식),,,03Y53,,40085,한국투자글로벌브랜드파워증권자투자신탁1호(주식)(C-F),03Y51,03Y53,40085,X,X,X,03Y51,한국투자글로벌브랜드파워증권모투자신탁(주식)
671,03Y51,한국투자글로벌브랜드파워증권모투자신탁(주식),,,03Z54,한국투자글로벌브랜드파워증권자투자신탁2호(주식)(모),03W87,한국투자글로벌브랜드파워증권자투자신탁2호(주식)(S),03Y51,03Z54,03W87,X,X,X,03Y51,한국투자글로벌브랜드파워증권모투자신탁(주식)
672,03Y51,한국투자글로벌브랜드파워증권모투자신탁(주식),,,03Z54,,03X19,한국투자글로벌브랜드파워증권자투자신탁2호(주식)(C-F),03Y51,03Z54,03X19,X,X,X,03Y51,한국투자글로벌브랜드파워증권모투자신탁(주식)
673,03Y51,한국투자글로벌브랜드파워증권모투자신탁(주식),,,03Z54,,03Z52,한국투자글로벌브랜드파워증권자투자신탁2호(주식)(A),03Y51,03Z54,03Z52,X,X,X,03Y51,한국투자글로벌브랜드파워증권모투자신탁(주식)
674,03Y51,한국투자글로벌브랜드파워증권모투자신탁(주식),,,03Z54,,03Z55,한국투자글로벌브랜드파워증권자투자신탁2호(주식)(C1),03Y51,03Z54,03Z55,X,X,X,03Y51,한국투자글로벌브랜드파워증권모투자신탁(주식)
675,03Y51,한국투자글로벌브랜드파워증권모투자신탁(주식),,,03Z54,,05M42,한국투자글로벌브랜드파워증권자투자신탁2호(주식)(A-e),03Y51,03Z54,05M42,X,X,X,03Y51,한국투자글로벌브랜드파워증권모투자신탁(주식)
676,03Y51,한국투자글로벌브랜드파워증권모투자신탁(주식),,,03Z54,,05M55,한국투자글로벌브랜드파워증권자투자신탁2호(주식)(C-e),03Y51,03Z54,05M55,X,X,X,03Y51,한국투자글로벌브랜드파워증권모투자신탁(주식)
677,03Y51,한국투자글로벌브랜드파워증권모투자신탁(주식),,,03Z54,,05W98,한국투자글로벌브랜드파워증권자투자신탁2호(주식)(C-W),03Y51,03Z54,05W98,X,X,X,03Y51,한국투자글로벌브랜드파워증권모투자신탁(주식)
678,03Y51,한국투자글로벌브랜드파워증권모투자신탁(주식),,,03Z54,,40233,한국투자글로벌브랜드파워증권자투자신탁2호(주식)(C2),03Y51,03Z54,40233,X,X,X,03Y51,한국투자글로벌브랜드파워증권모투자신탁(주식)
679,03Y51,한국투자글로벌브랜드파워증권모투자신탁(주식),,,03Z54,,40234,한국투자글로벌브랜드파워증권자투자신탁2호(주식)(C3),03Y51,03Z54,40234,X,X,X,03Y51,한국투자글로벌브랜드파워증권모투자신탁(주식)
680,03Y51,한국투자글로벌브랜드파워증권모투자신탁(주식),,,03Z54,,40235,한국투자글로벌브랜드파워증권자투자신탁2호(주식)(C4),03Y51,03Z54,40235,X,X,X,03Y51,한국투자글로벌브랜드파워증권모투자신탁(주식)
681,03Y51,한국투자글로벌브랜드파워증권모투자신탁(주식),,,03Z54,,40236,한국투자글로벌브랜드파워증권자투자신탁2호(주식)(C5),03Y51,03Z54,40236,X,X,X,03Y51,한국투자글로벌브랜드파워증권모투자신탁(주식)
682,03Y51,한국투자글로벌브랜드파워증권모투자신탁(주식),,,04Y30,한국투자연금글로벌브랜드파워증권자투자신탁(주식)(모),04Y31,한국투자연금글로벌브랜드파워증권자투자신탁(주식)(C),03Y51,04Y30,04Y31,X,X,X,03Y51,한국투자글로벌브랜드파워증권모투자신탁(주식)
683,03Y51,한국투자글로벌브랜드파워증권모투자신탁(주식),,,04Y30,,04Y32,한국투자연금글로벌브랜드파워증권자투자신탁(주식)(C-e),03Y51,04Y30,04Y32,X,X,X,03Y51,한국투자글로벌브랜드파워증권모투자신탁(주식)
684,03Y51,한국투자글로벌브랜드파워증권모투자신탁(주식),,,04Y30,,04Y34,한국투자연금글로벌브랜드파워증권자투자신탁(주식)(C-R),03Y51,04Y30,04Y34,X,X,X,03Y51,한국투자글로벌브랜드파워증권모투자신탁(주식)
685,03Y51,한국투자글로벌브랜드파워증권모투자신탁(주식),,,04Y30,,04Y37,한국투자연금글로벌브랜드파워증권자투자신탁(주식)(S-P),03Y51,04Y30,04Y37,X,X,X,03Y51,한국투자글로벌브랜드파워증권모투자신탁(주식)
686,03Y51,한국투자글로벌브랜드파워증권모투자신탁(주식),,,04Y30,,05K59,한국투자연금글로벌브랜드파워증권자투자신탁(주식)(C-Re),03Y51,04Y30,05K59,X,X,X,03Y51,한국투자글로벌브랜드파워증권모투자신탁(주식)
687,03Y51,한국투자글로벌브랜드파워증권모투자신탁(주식),,,04Y30,,07B49,한국투자연금글로벌브랜드파워증권자투자신탁(주식)(S-R),03Y51,04Y30,07B49,X,X,X,03Y51,한국투자글로벌브랜드파워증권모투자신탁(주식)
688,03Y51,한국투자글로벌브랜드파워증권모투자신탁(주식),,33,05X99,한국투자퇴직연금글로벌브랜드파워40증권자투자신탁(채권혼합)(모),05M32,한국투자퇴직연금글로벌브랜드파워40증권자투자신탁(채권혼합)(C-e),03Y51,05X99,05M32,X,X,X,03Y51,한국투자글로벌브랜드파워증권모투자신탁(주식)
689,03Y51,한국투자글로벌브랜드파워증권모투자신탁(주식),,,05X99,,05Y01,한국투자퇴직연금글로벌브랜드파워40증권자투자신탁(채권혼합)(C),03Y51,05X99,05Y01,X,X,X,03Y51,한국투자글로벌브랜드파워증권모투자신탁(주식)
690,03Y51,한국투자글로벌브랜드파워증권모투자신탁(주식),,80,09G48,한국투자글로벌브랜드파워증권자투자신탁(주식혼합)(모),09G49,한국투자글로벌브랜드파워증권자투자신탁(주식혼합)(A),03Y51,09G48,09G49,X,X,X,03Y51,한국투자글로벌브랜드파워증권모투자신탁(주식)
691,03Y51,한국투자글로벌브랜드파워증권모투자신탁(주식),,,09G48,,09G50,한국투자글로벌브랜드파워증권자투자신탁(주식혼합)(A-e),03Y51,09G48,09G50,X,X,X,03Y51,한국투자글로벌브랜드파워증권모투자신탁(주식)
692,03Y51,한국투자글로벌브랜드파워증권모투자신탁(주식),,,09G48,,09G51,한국투자글로벌브랜드파워증권자투자신탁(주식혼합)(C),03Y51,09G48,09G51,X,X,X,03Y51,한국투자글로벌브랜드파워증권모투자신탁(주식)
693,03Y51,한국투자글로벌브랜드파워증권모투자신탁(주식),,,09G48,,09G52,한국투자글로벌브랜드파워증권자투자신탁(주식혼합)(C-e),03Y51,09G48,09G52,X,X,X,03Y51,한국투자글로벌브랜드파워증권모투자신탁(주식)
694,03Y51,한국투자글로벌브랜드파워증권모투자신탁(주식),,,09G48,,09G54,한국투자글로벌브랜드파워증권자투자신탁(주식혼합)(C-W),03Y51,09G48,09G54,X,X,X,03Y51,한국투자글로벌브랜드파워증권모투자신탁(주식)
695,03Y56,한국투자인디아증권모투자신탁(주식),공통,0,03Y45,한국투자브릭스증권자투자신탁1호(주식)(모),40065,한국투자브릭스증권자투자신탁1호(주식)(A),03Y56,03Y45,40065,X,X,X,03Y56,한국투자인디아증권모투자신탁(주식)
696,03Y56,한국투자인디아증권모투자신탁(주식),,,03Y45,,40066,한국투자브릭스증권자투자신탁1호(주식)(C1),03Y56,03Y45,40066,X,X,X,03Y56,한국투자인디아증권모투자신탁(주식)
697,03Y56,한국투자인디아증권모투자신탁(주식),,,03Y45,,40067,한국투자브릭스증권자투자신탁1호(주식)(C-e),03Y56,03Y45,40067,X,X,X,03Y56,한국투자인디아증권모투자신탁(주식)
698,03Y56,한국투자인디아증권모투자신탁(주식),,,03Y45,,40238,한국투자브릭스증권자투자신탁1호(주식)(C3),03Y56,03Y45,40238,X,X,X,03Y56,한국투자인디아증권모투자신탁(주식)
699,03Y56,한국투자인디아증권모투자신탁(주식),,,03Y45,,40239,한국투자브릭스증권자투자신탁1호(주식)(C4),03Y56,03Y45,40239,X,X,X,03Y56,한국투자인디아증권모투자신탁(주식)
700,03Y56,한국투자인디아증권모투자신탁(주식),,,03Y45,,40240,한국투자브릭스증권자투자신탁1호(주식)(C5),03Y56,03Y45,40240,X,X,X,03Y56,한국투자인디아증권모투자신탁(주식)
701,03Y83,한국투자글로벌그린파워증권모투자신탁(주식),공통,100,03Y79,한국투자글로벌그린파워증권자투자신탁UH(주식)(모),40110,한국투자글로벌그린파워증권자투자신탁UH(주식)(A),03Y83,03Y79,40110,X,X,X,03Y83,한국투자글로벌그린파워증권모투자신탁(주식)
702,03Y83,한국투자글로벌그린파워증권모투자신탁(주식),,,03Y79,,40111,한국투자글로벌그린파워증권자투자신탁UH(주식)(C),03Y83,03Y79,40111,X,X,X,03Y83,한국투자글로벌그린파워증권모투자신탁(주식)
703,03Y83,한국투자글로벌그린파워증권모투자신탁(주식),,,03Y79,,40112,한국투자글로벌그린파워증권자투자신탁UH(주식)(C-e),03Y83,03Y79,40112,X,X,X,03Y83,한국투자글로벌그린파워증권모투자신탁(주식)
704,03Y83,한국투자글로벌그린파워증권모투자신탁(주식),,,03Y79,,40154,한국투자글로벌그린파워증권자투자신탁UH(주식)(C2),03Y83,03Y79,40154,X,X,X,03Y83,한국투자글로벌그린파워증권모투자신탁(주식)
705,03Y83,한국투자글로벌그린파워증권모투자신탁(주식),,,03Y79,,40155,한국투자글로벌그린파워증권자투자신탁UH(주식)(C3),03Y83,03Y79,40155,X,X,X,03Y83,한국투자글로벌그린파워증권모투자신탁(주식)
706,03Y83,한국투자글로벌그린파워증권모투자신탁(주식),,,03Y81,한국투자글로벌그린파워증권자투자신탁H(주식)(모),40113,한국투자글로벌그린파워증권자투자신탁H(주식)(A),03Y83,03Y81,40113,X,X,X,03Y83,한국투자글로벌그린파워증권모투자신탁(주식)
707,03Y83,한국투자글로벌그린파워증권모투자신탁(주식),,,03Y81,,40114,한국투자글로벌그린파워증권자투자신탁H(주식)(C),03Y83,03Y81,40114,X,X,X,03Y83,한국투자글로벌그린파워증권모투자신탁(주식)
708,03Y83,한국투자글로벌그린파워증권모투자신탁(주식),,,03Y81,,40115,한국투자글로벌그린파워증권자투자신탁H(주식)(C-e),03Y83,03Y81,40115,X,X,X,03Y83,한국투자글로벌그린파워증권모투자신탁(주식)
709,03Y83,한국투자글로벌그린파워증권모투자신탁(주식),,,03Y81,,40157,한국투자글로벌그린파워증권자투자신탁H(주식)(C2),03Y83,03Y81,40157,X,X,X,03Y83,한국투자글로벌그린파워증권모투자신탁(주식)
710,03Y83,한국투자글로벌그린파워증권모투자신탁(주식),,,03Y81,,40158,한국투자글로벌그린파워증권자투자신탁H(주식)(C3),03Y83,03Y81,40158,X,X,X,03Y83,한국투자글로벌그린파워증권모투자신탁(주식)
711,03Z26,한국투자삼성그룹증권모투자신탁(주식),공통,0,03V17,한국투자퇴직연금삼성그룹증권자투자신탁1호(주식)(모),03V18,한국투자퇴직연금삼성그룹증권자투자신탁1호(주식)(C-J),03Z26,03V17,03V18,X,X,X,03Z26,한국투자삼성그룹증권모투자신탁(주식)
712,03Z26,한국투자삼성그룹증권모투자신탁(주식),,,03V17,,05B39,한국투자퇴직연금삼성그룹증권자투자신탁1호(주식)(C),03Z26,03V17,05B39,X,X,X,03Z26,한국투자삼성그룹증권모투자신탁(주식)
713,03Z26,한국투자삼성그룹증권모투자신탁(주식),,,03V17,,05M30,한국투자퇴직연금삼성그룹증권자투자신탁1호(주식)(C-e),03Z26,03V17,05M30,X,X,X,03Z26,한국투자삼성그룹증권모투자신탁(주식)
714,03Z26,한국투자삼성그룹증권모투자신탁(주식),,100,03X75,한국투자삼성그룹증권자투자신탁2호(주식)(모),03X76,한국투자삼성그룹증권자투자신탁2호(주식)(C2),03Z26,03X75,03X76,X,X,X,03Z26,한국투자삼성그룹증권모투자신탁(주식)
715,03Z26,한국투자삼성그룹증권모투자신탁(주식),,,03X75,,03X77,한국투자삼성그룹증권자투자신탁2호(주식)(C3),03Z26,03X75,03X77,X,X,X,03Z26,한국투자삼성그룹증권모투자신탁(주식)
716,03Z26,한국투자삼성그룹증권모투자신탁(주식),,,03X75,,03X78,한국투자삼성그룹증권자투자신탁2호(주식)(C4),03Z26,03X75,03X78,X,X,X,03Z26,한국투자삼성그룹증권모투자신탁(주식)
717,03Z26,한국투자삼성그룹증권모투자신탁(주식),,,03X75,,03X79,한국투자삼성그룹증권자투자신탁2호(주식)(C5),03Z26,03X75,03X79,X,X,X,03Z26,한국투자삼성그룹증권모투자신탁(주식)
718,03Z26,한국투자삼성그룹증권모투자신탁(주식),,,03X75,,03Z27,한국투자삼성그룹증권자투자신탁2호(주식)(C1),03Z26,03X75,03Z27,X,X,X,03Z26,한국투자삼성그룹증권모투자신탁(주식)
719,03Z26,한국투자삼성그룹증권모투자신탁(주식),,,03X75,,05M93,한국투자삼성그룹증권자투자신탁2호(주식)(A-e),03Z26,03X75,05M93,X,X,X,03Z26,한국투자삼성그룹증권모투자신탁(주식)
720,03Z26,한국투자삼성그룹증권모투자신탁(주식),,,03Y57,한국투자삼성그룹증권자투자신탁1호(주식)(모),03X06,한국투자삼성그룹증권자투자신탁1호(주식)(C-e),03Z26,03Y57,03X06,X,X,X,03Z26,한국투자삼성그룹증권모투자신탁(주식)
721,03Z26,한국투자삼성그룹증권모투자신탁(주식),,,03Y57,,03Z40,한국투자삼성그룹증권자투자신탁1호(주식)(A),03Z26,03Y57,03Z40,X,X,X,03Z26,한국투자삼성그룹증권모투자신탁(주식)
722,03Z26,한국투자삼성그룹증권모투자신탁(주식),,,03Y57,,04Y22,한국투자삼성그룹증권자투자신탁1호(주식)(C-F),03Z26,03Y57,04Y22,X,X,X,03Z26,한국투자삼성그룹증권모투자신탁(주식)
723,03Z26,한국투자삼성그룹증권모투자신탁(주식),,,03Y57,,05A13,한국투자삼성그룹증권자투자신탁1호(주식)(C-W),03Z26,03Y57,05A13,X,X,X,03Z26,한국투자삼성그룹증권모투자신탁(주식)
724,03Z26,한국투자삼성그룹증권모투자신탁(주식),,,03Y57,,05M35,한국투자삼성그룹증권자투자신탁1호(주식)(A-e),03Z26,03Y57,05M35,X,X,X,03Z26,한국투자삼성그룹증권모투자신탁(주식)
725,03Z26,한국투자삼성그룹증권모투자신탁(주식),,,03Y89,한국투자골드플랜삼성그룹연금증권자투자신탁1호(주식)(모),03W79,한국투자골드플랜삼성그룹연금증권자투자신탁1호(주식)(S-P),03Z26,03Y89,03W79,X,X,X,03Z26,한국투자삼성그룹증권모투자신탁(주식)
726,03Z26,한국투자삼성그룹증권모투자신탁(주식),,,03Y89,,03X60,한국투자골드플랜삼성그룹연금증권자투자신탁1호(주식)(C2),03Z26,03Y89,03X60,X,X,X,03Z26,한국투자삼성그룹증권모투자신탁(주식)
727,03Z26,한국투자삼성그룹증권모투자신탁(주식),,,03Y89,,03Y90,한국투자골드플랜삼성그룹연금증권자투자신탁1호(주식)(C),03Z26,03Y89,03Y90,X,X,X,03Z26,한국투자삼성그룹증권모투자신탁(주식)
728,03Z26,한국투자삼성그룹증권모투자신탁(주식),,,03Y89,,04X27,한국투자골드플랜삼성그룹연금증권자투자신탁1호(주식)(C3),03Z26,03Y89,04X27,X,X,X,03Z26,한국투자삼성그룹증권모투자신탁(주식)
729,03Z26,한국투자삼성그룹증권모투자신탁(주식),,,03Y89,,04X60,한국투자골드플랜삼성그룹연금증권자투자신탁1호(주식)(C4),03Z26,03Y89,04X60,X,X,X,03Z26,한국투자삼성그룹증권모투자신탁(주식)
730,03Z26,한국투자삼성그룹증권모투자신탁(주식),,,03Y89,,05G14,한국투자골드플랜삼성그룹연금증권자투자신탁1호(주식)(C-e),03Z26,03Y89,05G14,X,X,X,03Z26,한국투자삼성그룹증권모투자신탁(주식)
731,03Z26,한국투자삼성그룹증권모투자신탁(주식),,0,05M46,한국투자퇴직연금삼성그룹40증권자투자신탁1호(채권혼합)(모),05M47,한국투자퇴직연금삼성그룹40증권자투자신탁1호(채권혼합)(C-e),03Z26,05M46,05M47,X,X,X,03Z26,한국투자삼성그룹증권모투자신탁(주식)
732,03Z26,한국투자삼성그룹증권모투자신탁(주식),,,05M46,,20089,한국투자퇴직연금삼성그룹40증권자투자신탁1호(채권혼합)(C),03Z26,05M46,20089,X,X,X,03Z26,한국투자삼성그룹증권모투자신탁(주식)
733,03Z32,한국투자P마이스터증권모투자신탁(주식),공통,100,03W67,한국투자연금저축마이스터증권자투자신탁(주식)(모),03W92,한국투자연금저축마이스터증권자투자신탁(주식)(S-P),03Z32,03W67,03W92,X,X,X,03Z32,한국투자P마이스터증권모투자신탁(주식)
734,03Z32,한국투자P마이스터증권모투자신탁(주식),,,03W67,,04028,한국투자연금저축마이스터증권자투자신탁(주식)(C),03Z32,03W67,04028,X,X,X,03Z32,한국투자P마이스터증권모투자신탁(주식)
735,03Z32,한국투자P마이스터증권모투자신탁(주식),,40,04D15,한국투자퇴직연금마이스터40증권자투자신탁1호(채권혼합)(모),04881,한국투자퇴직연금마이스터40증권자투자신탁1호(채권혼합)(C),03Z32,04D15,04881,X,X,X,03Z32,한국투자P마이스터증권모투자신탁(주식)
736,03Z32,한국투자P마이스터증권모투자신탁(주식),,,04D15,,04D33,한국투자퇴직연금마이스터40증권자투자신탁1호(채권혼합)(C-F),03Z32,04D15,04D33,X,X,X,03Z32,한국투자P마이스터증권모투자신탁(주식)
737,03Z32,한국투자P마이스터증권모투자신탁(주식),,,04D15,,05K16,한국투자퇴직연금마이스터40증권자투자신탁1호(채권혼합)(C-e),03Z32,04D15,05K16,X,X,X,03Z32,한국투자P마이스터증권모투자신탁(주식)
738,03Z32,한국투자P마이스터증권모투자신탁(주식),,100,05M08,한국투자퇴직연금마이스터증권자투자신탁1호(주식)(모),03Z35,한국투자퇴직연금마이스터증권자투자신탁1호(주식)(C),03Z32,05M08,03Z35,X,X,X,03Z32,한국투자P마이스터증권모투자신탁(주식)
739,03Z32,한국투자P마이스터증권모투자신탁(주식),,,05M08,,05M09,한국투자퇴직연금마이스터증권자투자신탁1호(주식)(C-e),03Z32,05M08,05M09,X,X,X,03Z32,한국투자P마이스터증권모투자신탁(주식)
740,03Z32,한국투자P마이스터증권모투자신탁(주식),,39,05M26,한국투자퇴직연금마이스터40증권자투자신탁2호(국공채혼합)(모),05F65,한국투자퇴직연금마이스터40증권자투자신탁2호(국공채혼합)(C),03Z32,05M26,05F65,X,X,X,03Z32,한국투자P마이스터증권모투자신탁(주식)
741,03Z33,한국투자P롱텀밸류증권모투자신탁(주식),공통,100,03V36,한국투자퇴직연금롱텀밸류증권자투자신탁(주식)(모),03V37,한국투자퇴직연금롱텀밸류증권자투자신탁(주식)(C),03Z33,03V36,03V37,X,X,X,03Z33,한국투자P롱텀밸류증권모투자신탁(주식)
742,03Z33,한국투자P롱텀밸류증권모투자신탁(주식),,,03V36,,05B99,한국투자퇴직연금롱텀밸류증권자투자신탁(주식)(C-J),03Z33,03V36,05B99,X,X,X,03Z33,한국투자P롱텀밸류증권모투자신탁(주식)
743,03Z33,한국투자P롱텀밸류증권모투자신탁(주식),,,03V36,,05K15,한국투자퇴직연금롱텀밸류증권자투자신탁(주식)(C-e),03Z33,03V36,05K15,X,X,X,03Z33,한국투자P롱텀밸류증권모투자신탁(주식)
744,03Z33,한국투자P롱텀밸류증권모투자신탁(주식),,29.5,04A70,한국투자퇴직연금LCF2010증권자투자신탁1호(채권혼합),,,03Z33,04A70,,X,X,X,03Z33,한국투자P롱텀밸류증권모투자신탁(주식)
745,03Z33,한국투자P롱텀밸류증권모투자신탁(주식),,,04B56,한국투자퇴직연금LCF2030증권자투자신탁1호(채권혼합),,,03Z33,04B56,,X,X,X,03Z33,한국투자P롱텀밸류증권모투자신탁(주식)
746,03Z33,한국투자P롱텀밸류증권모투자신탁(주식),,39.5,04N22,한국투자퇴직연금롱텀밸류40증권자투자신탁1호(채권혼합)(모),03V22,한국투자퇴직연금롱텀밸류40증권자투자신탁1호(채권혼합)(C-J),03Z33,04N22,03V22,X,X,X,03Z33,한국투자P롱텀밸류증권모투자신탁(주식)
747,03Z33,한국투자P롱텀밸류증권모투자신탁(주식),,,04N22,,04Z93,한국투자퇴직연금롱텀밸류40증권자투자신탁1호(채권혼합)(C),03Z33,04N22,04Z93,X,X,X,03Z33,한국투자P롱텀밸류증권모투자신탁(주식)
748,03Z33,한국투자P롱텀밸류증권모투자신탁(주식),,,04N22,,05K12,한국투자퇴직연금롱텀밸류40증권자투자신탁1호(채권혼합)(C-e),03Z33,04N22,05K12,X,X,X,03Z33,한국투자P롱텀밸류증권모투자신탁(주식)
749,03Z33,한국투자P롱텀밸류증권모투자신탁(주식),,19.5,04Z83,한국투자퇴직연금롱텀밸류20증권자투자신탁3호(채권혼합),,,03Z33,04Z83,,X,X,X,03Z33,한국투자P롱텀밸류증권모투자신탁(주식)
750,03Z33,한국투자P롱텀밸류증권모투자신탁(주식),,,04Z87,한국투자퇴직연금LCF40-50증권자투자신탁1호(채권혼합),,,03Z33,04Z87,,X,X,X,03Z33,한국투자P롱텀밸류증권모투자신탁(주식)
751,03Z33,한국투자P롱텀밸류증권모투자신탁(주식),,39.5,04Z90,한국투자퇴직연금LCF2010증권자투자신탁2호(채권혼합),,,03Z33,04Z90,,X,X,X,03Z33,한국투자P롱텀밸류증권모투자신탁(주식)
752,03Z33,한국투자P롱텀밸류증권모투자신탁(주식),,9.5,04Z92,한국투자퇴직연금LCF50-60증권자투자신탁1호(채권혼합),,,03Z33,04Z92,,X,X,X,03Z33,한국투자P롱텀밸류증권모투자신탁(주식)
753,03Z33,한국투자P롱텀밸류증권모투자신탁(주식),,29.5,04Z95,한국투자퇴직연금LCF2020증권자투자신탁1호(채권혼합),,,03Z33,04Z95,,X,X,X,03Z33,한국투자P롱텀밸류증권모투자신탁(주식)
754,03Z33,한국투자P롱텀밸류증권모투자신탁(주식),,39.5,05K05,한국투자퇴직연금롱텀밸류40증권자투자신탁2호(채권혼합)(모),04Z73,한국투자퇴직연금롱텀밸류40증권자투자신탁2호(채권혼합)(C),03Z33,05K05,04Z73,X,X,X,03Z33,한국투자P롱텀밸류증권모투자신탁(주식)
755,03Z33,한국투자P롱텀밸류증권모투자신탁(주식),,,05K05,,05K06,한국투자퇴직연금롱텀밸류40증권자투자신탁2호(채권혼합)(C-e),03Z33,05K05,05K06,X,X,X,03Z33,한국투자P롱텀밸류증권모투자신탁(주식)
756,03Z33,한국투자P롱텀밸류증권모투자신탁(주식),,9.5,05M11,한국투자퇴직연금롱텀밸류10증권자투자신탁1호(채권혼합)(모),04A06,한국투자퇴직연금롱텀밸류10증권자투자신탁1호(채권혼합)(C),03Z33,05M11,04A06,X,X,X,03Z33,한국투자P롱텀밸류증권모투자신탁(주식)
757,03Z33,한국투자P롱텀밸류증권모투자신탁(주식),,,05M11,,05M12,한국투자퇴직연금롱텀밸류10증권자투자신탁1호(채권혼합)(C-e),03Z33,05M11,05M12,X,X,X,03Z33,한국투자P롱텀밸류증권모투자신탁(주식)
758,03Z33,한국투자P롱텀밸류증권모투자신탁(주식),,39.5,05M17,한국투자퇴직연금롱텀밸류40증권자투자신탁4호(채권혼합)(모),04Z84,한국투자퇴직연금롱텀밸류40증권자투자신탁4호(채권혼합)(C),03Z33,05M17,04Z84,X,X,X,03Z33,한국투자P롱텀밸류증권모투자신탁(주식)
759,03Z33,한국투자P롱텀밸류증권모투자신탁(주식),,29.5,05M20,한국투자퇴직연금롱텀밸류30증권자투자신탁1호(채권혼합)(모),04Z85,한국투자퇴직연금롱텀밸류30증권자투자신탁1호(채권혼합)(C),03Z33,05M20,04Z85,X,X,X,03Z33,한국투자P롱텀밸류증권모투자신탁(주식)
760,03Z33,한국투자P롱텀밸류증권모투자신탁(주식),,,05M23,한국투자퇴직연금LCF20-30증권자투자신탁1호(채권혼합)(모),04Z86,한국투자퇴직연금LCF20-30증권자투자신탁1호(채권혼합)(C),03Z33,05M23,04Z86,X,X,X,03Z33,한국투자P롱텀밸류증권모투자신탁(주식)
761,03Z33,한국투자P롱텀밸류증권모투자신탁(주식),,,05M23,,05M24,한국투자퇴직연금LCF20-30증권자투자신탁1호(채권혼합)(C-e),03Z33,05M23,05M24,X,X,X,03Z33,한국투자P롱텀밸류증권모투자신탁(주식)
762,03Z39,한국투자P한국의힘증권모투자신탁(주식),설정,40,04D13,한국투자퇴직연금한국의힘40증권자투자신탁1호(채권혼합)(모),04D27,한국투자퇴직연금한국의힘40증권자투자신탁1호(채권혼합)(C-F),03Z39,04D13,04D27,X,X,X,03Z39,한국투자P한국의힘증권모투자신탁(주식)
763,03Z39,한국투자P한국의힘증권모투자신탁(주식),,,04D13,,04Z89,한국투자퇴직연금한국의힘40증권자투자신탁1호(채권혼합)(C),03Z39,04D13,04Z89,X,X,X,03Z39,한국투자P한국의힘증권모투자신탁(주식)
764,03Z39,한국투자P한국의힘증권모투자신탁(주식),,,04D13,,05K10,한국투자퇴직연금한국의힘40증권자투자신탁1호(채권혼합)(C-e),03Z39,04D13,05K10,X,X,X,03Z39,한국투자P한국의힘증권모투자신탁(주식)
765,03Z39,한국투자P한국의힘증권모투자신탁(주식),,,04D13,,05N97,한국투자퇴직연금한국의힘40증권자투자신탁1호(채권혼합)(C-J),03Z39,04D13,05N97,X,X,X,03Z39,한국투자P한국의힘증권모투자신탁(주식)
766,03Z39,한국투자P한국의힘증권모투자신탁(주식),,,04D13,,05Z19,한국투자퇴직연금한국의힘40증권자투자신탁1호(채권혼합)(S-R),03Z39,04D13,05Z19,X,X,X,03Z39,한국투자P한국의힘증권모투자신탁(주식)
767,03Z39,한국투자P한국의힘증권모투자신탁(주식),해지,40,04D13,한국투자퇴직연금한국의힘40증권자투자신탁1호(채권혼합)(모),04D27,한국투자퇴직연금한국의힘40증권자투자신탁1호(채권혼합)(C-F),03Z39,04D13,04D27,X,X,X,03Z39,한국투자P한국의힘증권모투자신탁(주식)
768,03Z39,한국투자P한국의힘증권모투자신탁(주식),,,04D13,,04Z89,한국투자퇴직연금한국의힘40증권자투자신탁1호(채권혼합)(C),03Z39,04D13,04Z89,X,X,X,03Z39,한국투자P한국의힘증권모투자신탁(주식)
769,03Z39,한국투자P한국의힘증권모투자신탁(주식),,,04D13,,05K10,한국투자퇴직연금한국의힘40증권자투자신탁1호(채권혼합)(C-e),03Z39,04D13,05K10,X,X,X,03Z39,한국투자P한국의힘증권모투자신탁(주식)
770,03Z39,한국투자P한국의힘증권모투자신탁(주식),,,04D13,,05N97,한국투자퇴직연금한국의힘40증권자투자신탁1호(채권혼합)(C-J),03Z39,04D13,05N97,X,X,X,03Z39,한국투자P한국의힘증권모투자신탁(주식)
771,03Z39,한국투자P한국의힘증권모투자신탁(주식),,,04D13,,05Z19,한국투자퇴직연금한국의힘40증권자투자신탁1호(채권혼합)(S-R),03Z39,04D13,05Z19,X,X,X,03Z39,한국투자P한국의힘증권모투자신탁(주식)
772,03Z39,한국투자P한국의힘증권모투자신탁(주식),공통,100,04X46,한국투자퇴직연금한국의힘증권자투자신탁1호(주식)(모),03V20,한국투자퇴직연금한국의힘증권자투자신탁1호(주식)(C-J),03Z39,04X46,03V20,X,X,X,03Z39,한국투자P한국의힘증권모투자신탁(주식)
773,03Z39,한국투자P한국의힘증권모투자신탁(주식),,,04X46,,03Z36,한국투자퇴직연금한국의힘증권자투자신탁1호(주식)(C),03Z39,04X46,03Z36,X,X,X,03Z39,한국투자P한국의힘증권모투자신탁(주식)
774,03Z39,한국투자P한국의힘증권모투자신탁(주식),,,04X46,,04X49,한국투자퇴직연금한국의힘증권자투자신탁1호(주식)(C-F),03Z39,04X46,04X49,X,X,X,03Z39,한국투자P한국의힘증권모투자신탁(주식)
775,03Z39,한국투자P한국의힘증권모투자신탁(주식),,,04X46,,05K11,한국투자퇴직연금한국의힘증권자투자신탁1호(주식)(C-e),03Z39,04X46,05K11,X,X,X,03Z39,한국투자P한국의힘증권모투자신탁(주식)
776,03Z39,한국투자P한국의힘증권모투자신탁(주식),,,04X46,,05Z20,한국투자퇴직연금한국의힘증권자투자신탁1호(주식)(S-R),03Z39,04X46,05Z20,X,X,X,03Z39,한국투자P한국의힘증권모투자신탁(주식)
777,03Z99,한국투자그레이터차이나증권모투자신탁(주식),공통,100,03W65,한국투자골드플랜차이나연금증권전환형자투자신탁1호(주식)(모),03W81,한국투자골드플랜차이나연금증권전환형자투자신탁1호(주식)(S-P),03Z99,03W65,03W81,X,X,X,03Z99,한국투자그레이터차이나증권모투자신탁(주식)
778,03Z99,한국투자그레이터차이나증권모투자신탁(주식),,,03W65,,05B34,한국투자골드플랜차이나연금증권전환형자투자신탁1호(주식)(C-e),03Z99,03W65,05B34,X,X,X,03Z99,한국투자그레이터차이나증권모투자신탁(주식)
779,03Z99,한국투자그레이터차이나증권모투자신탁(주식),,,03W65,,40072,한국투자골드플랜차이나연금증권전환형자투자신탁1호(주식)(C),03Z99,03W65,40072,X,X,X,03Z99,한국투자그레이터차이나증권모투자신탁(주식)
780,03Z99,한국투자그레이터차이나증권모투자신탁(주식),,,03Y02,한국투자그레이터차이나증권자투자신탁1호(주식)(모),03W82,한국투자그레이터차이나증권자투자신탁1호(주식)(S),03Z99,03Y02,03W82,X,X,X,03Z99,한국투자그레이터차이나증권모투자신탁(주식)
781,03Z99,한국투자그레이터차이나증권모투자신탁(주식),,,03Y02,,40030,한국투자그레이터차이나증권자투자신탁1호(주식)(A),03Z99,03Y02,40030,X,X,X,03Z99,한국투자그레이터차이나증권모투자신탁(주식)
782,03Z99,한국투자그레이터차이나증권모투자신탁(주식),,,03Y02,,40031,한국투자그레이터차이나증권자투자신탁1호(주식)(C1),03Z99,03Y02,40031,X,X,X,03Z99,한국투자그레이터차이나증권모투자신탁(주식)
783,03Z99,한국투자그레이터차이나증권모투자신탁(주식),,,03Y02,,40032,한국투자그레이터차이나증권자투자신탁1호(주식)(C-e),03Z99,03Y02,40032,X,X,X,03Z99,한국투자그레이터차이나증권모투자신탁(주식)
784,03Z99,한국투자그레이터차이나증권모투자신탁(주식),,,03Y02,,40225,한국투자그레이터차이나증권자투자신탁1호(주식)(C2),03Z99,03Y02,40225,X,X,X,03Z99,한국투자그레이터차이나증권모투자신탁(주식)
785,03Z99,한국투자그레이터차이나증권모투자신탁(주식),,,03Y02,,40226,한국투자그레이터차이나증권자투자신탁1호(주식)(C3),03Z99,03Y02,40226,X,X,X,03Z99,한국투자그레이터차이나증권모투자신탁(주식)
786,03Z99,한국투자그레이터차이나증권모투자신탁(주식),,,03Y02,,40227,한국투자그레이터차이나증권자투자신탁1호(주식)(C4),03Z99,03Y02,40227,X,X,X,03Z99,한국투자그레이터차이나증권모투자신탁(주식)
787,03Z99,한국투자그레이터차이나증권모투자신탁(주식),,,03Y02,,40228,한국투자그레이터차이나증권자투자신탁1호(주식)(C5),03Z99,03Y02,40228,X,X,X,03Z99,한국투자그레이터차이나증권모투자신탁(주식)
788,03Z99,한국투자그레이터차이나증권모투자신탁(주식),,,03Y02,,70064,한국투자그레이터차이나증권자투자신탁1호(주식)(C-F),03Z99,03Y02,70064,X,X,X,03Z99,한국투자그레이터차이나증권모투자신탁(주식)
789,04C75,한국투자FixedIncome증권모투자신탁(채권),공통,100,03A02,한국투자셀렉트차이나듀엣증권자투자신탁H(주식혼합)(모),40218,한국투자셀렉트차이나듀엣증권자투자신탁H(주식혼합)(A),04C75,03A02,40218,X,X,X,04C75,한국투자FixedIncome증권모투자신탁(채권)
790,04C75,한국투자FixedIncome증권모투자신탁(채권),,,03A02,,40219,한국투자셀렉트차이나듀엣증권자투자신탁H(주식혼합)(C-e),04C75,03A02,40219,X,X,X,04C75,한국투자FixedIncome증권모투자신탁(채권)
791,04D05,한국투자이머징마켓증권모투자신탁(채권),공통,0,04D07,한국투자이머징마켓증권자투자신탁H(채권)(모),04D59,한국투자이머징마켓증권자투자신탁H(채권)(A-e),04D05,04D07,04D59,X,X,X,04D05,한국투자이머징마켓증권모투자신탁(채권)
792,04D05,한국투자이머징마켓증권모투자신탁(채권),,,04D07,,06G14,한국투자이머징마켓증권자투자신탁H(채권)(S),04D05,04D07,06G14,X,X,X,04D05,한국투자이머징마켓증권모투자신탁(채권)
793,04D05,한국투자이머징마켓증권모투자신탁(채권),,,04D07,,10154,한국투자이머징마켓증권자투자신탁H(채권)(A),04D05,04D07,10154,X,X,X,04D05,한국투자이머징마켓증권모투자신탁(채권)
794,04D05,한국투자이머징마켓증권모투자신탁(채권),,,04D07,,10155,한국투자이머징마켓증권자투자신탁H(채권)(C),04D05,04D07,10155,X,X,X,04D05,한국투자이머징마켓증권모투자신탁(채권)
795,04D05,한국투자이머징마켓증권모투자신탁(채권),,,04D07,,10156,한국투자이머징마켓증권자투자신탁H(채권)(C-e),04D05,04D07,10156,X,X,X,04D05,한국투자이머징마켓증권모투자신탁(채권)
796,04D05,한국투자이머징마켓증권모투자신탁(채권),설정,100,04D09,한국투자이머징마켓증권자투자신탁UH(채권)(모),06G15,한국투자이머징마켓증권자투자신탁UH(채권)(S),04D05,04D09,06G15,X,X,X,04D05,한국투자이머징마켓증권모투자신탁(채권)
797,04D05,한국투자이머징마켓증권모투자신탁(채권),,,04D09,,10157,한국투자이머징마켓증권자투자신탁UH(채권)(A),04D05,04D09,10157,X,X,X,04D05,한국투자이머징마켓증권모투자신탁(채권)
798,04D05,한국투자이머징마켓증권모투자신탁(채권),,,04D09,,10159,한국투자이머징마켓증권자투자신탁UH(채권)(C-e),04D05,04D09,10159,X,X,X,04D05,한국투자이머징마켓증권모투자신탁(채권)
799,04D05,한국투자이머징마켓증권모투자신탁(채권),,,04D09,,10160,한국투자이머징마켓증권자투자신탁UH(채권)(C-F),04D05,04D09,10160,X,X,X,04D05,한국투자이머징마켓증권모투자신탁(채권)
800,04D05,한국투자이머징마켓증권모투자신탁(채권),해지,100,04D09,한국투자이머징마켓증권자투자신탁UH(채권)(모),06G15,한국투자이머징마켓증권자투자신탁UH(채권)(S),04D05,04D09,06G15,X,X,X,04D05,한국투자이머징마켓증권모투자신탁(채권)
801,04D05,한국투자이머징마켓증권모투자신탁(채권),,,04D09,,10157,한국투자이머징마켓증권자투자신탁UH(채권)(A),04D05,04D09,10157,X,X,X,04D05,한국투자이머징마켓증권모투자신탁(채권)
802,04D05,한국투자이머징마켓증권모투자신탁(채권),,,04D09,,10159,한국투자이머징마켓증권자투자신탁UH(채권)(C-e),04D05,04D09,10159,X,X,X,04D05,한국투자이머징마켓증권모투자신탁(채권)
803,04D05,한국투자이머징마켓증권모투자신탁(채권),,,04D09,,10160,한국투자이머징마켓증권자투자신탁UH(채권)(C-F),04D05,04D09,10160,X,X,X,04D05,한국투자이머징마켓증권모투자신탁(채권)
804,04D05,한국투자이머징마켓증권모투자신탁(채권),공통,100,04D38,한국투자이머징마켓월지급식증권자투자신탁1호(채권)(모),04D39,한국투자이머징마켓월지급식증권자투자신탁1호(채권)(C),04D05,04D38,04D39,X,X,X,04D05,한국투자이머징마켓증권모투자신탁(채권)
805,04D40,한국투자한국의힘증권모투자신탁(채권혼합),공통,100,00442,한국투자적립식증권자투자신탁(채권혼합),,,04D40,00442,,X,X,X,04D40,한국투자한국의힘증권모투자신탁(채권혼합)
806,04D40,한국투자한국의힘증권모투자신탁(채권혼합),,,04238,한국투자장기주택마련한국의힘증권자투자신탁1호(채권혼합),,,04D40,04238,,X,X,X,04D40,한국투자한국의힘증권모투자신탁(채권혼합)
807,04D40,한국투자한국의힘증권모투자신탁(채권혼합),,,04782,한국투자장기주택마련한국의힘30증권자투자신탁1호(채권혼합),,,04D40,04782,,X,X,X,04D40,한국투자한국의힘증권모투자신탁(채권혼합)
808,04D40,한국투자한국의힘증권모투자신탁(채권혼합),,,04D42,한국투자재형한국의힘증권자투자신탁(채권혼합),,,04D40,04D42,,X,X,X,04D40,한국투자한국의힘증권모투자신탁(채권혼합)
809,04D40,한국투자한국의힘증권모투자신탁(채권혼합),,,04X86,한국투자한국의힘증권자투자신탁1호(채권혼합)(모),04811,한국투자한국의힘증권자투자신탁1호(채권혼합)(A),04D40,04X86,04811,X,X,X,04D40,한국투자한국의힘증권모투자신탁(채권혼합)
810,04D40,한국투자한국의힘증권모투자신탁(채권혼합),,,04X86,,04D44,한국투자한국의힘증권자투자신탁1호(채권혼합)(C-P),04D40,04X86,04D44,X,X,X,04D40,한국투자한국의힘증권모투자신탁(채권혼합)
811,04D40,한국투자한국의힘증권모투자신탁(채권혼합),,,04X86,,04D61,한국투자한국의힘증권자투자신탁1호(채권혼합)(S),04D40,04X86,04D61,X,X,X,04D40,한국투자한국의힘증권모투자신탁(채권혼합)
812,04D40,한국투자한국의힘증권모투자신탁(채권혼합),,,04X86,,04D62,한국투자한국의힘증권자투자신탁1호(채권혼합)(S-P),04D40,04X86,04D62,X,X,X,04D40,한국투자한국의힘증권모투자신탁(채권혼합)
813,04D40,한국투자한국의힘증권모투자신탁(채권혼합),,,04X86,,04F09,한국투자한국의힘증권자투자신탁1호(채권혼합)(C-W),04D40,04X86,04F09,X,X,X,04D40,한국투자한국의힘증권모투자신탁(채권혼합)
814,04D40,한국투자한국의힘증권모투자신탁(채권혼합),,,04X86,,04N32,한국투자한국의힘증권자투자신탁1호(채권혼합)(C),04D40,04X86,04N32,X,X,X,04D40,한국투자한국의힘증권모투자신탁(채권혼합)
815,04D40,한국투자한국의힘증권모투자신탁(채권혼합),,,04X86,,04N33,한국투자한국의힘증권자투자신탁1호(채권혼합)(C-e),04D40,04X86,04N33,X,X,X,04D40,한국투자한국의힘증권모투자신탁(채권혼합)
816,04D40,한국투자한국의힘증권모투자신탁(채권혼합),,,04X86,,05A81,한국투자한국의힘증권자투자신탁1호(채권혼합)(C-Pe),04D40,04X86,05A81,X,X,X,04D40,한국투자한국의힘증권모투자신탁(채권혼합)
817,04D40,한국투자한국의힘증권모투자신탁(채권혼합),,,04X86,,05B19,한국투자한국의힘증권자투자신탁1호(채권혼합)(A-e),04D40,04X86,05B19,X,X,X,04D40,한국투자한국의힘증권모투자신탁(채권혼합)
818,04D40,한국투자한국의힘증권모투자신탁(채권혼합),,,04X86,,05G29,한국투자한국의힘증권자투자신탁1호(채권혼합)(C-G),04D40,04X86,05G29,X,X,X,04D40,한국투자한국의힘증권모투자신탁(채권혼합)
819,04D40,한국투자한국의힘증권모투자신탁(채권혼합),,,20117,한국투자재형나라사랑한국의힘증권자투자신탁(채권혼합),,,04D40,20117,,X,X,X,04D40,한국투자한국의힘증권모투자신탁(채권혼합)
820,04D41,한국투자삼성TOP3증권모투자신탁(채권혼합),공통,100,04D43,한국투자재형삼성TOP3증권자투자신탁(채권혼합),,,04D41,04D43,,X,X,X,04D41,한국투자삼성TOP3증권모투자신탁(채권혼합)
821,04D41,한국투자삼성TOP3증권모투자신탁(채권혼합),,,06B03,한국투자삼성TOP3증권자투자신탁1호(채권혼합)(모),04D48,한국투자삼성TOP3증권자투자신탁1호(채권혼합)(C-K),04D41,06B03,04D48,X,X,X,04D41,한국투자삼성TOP3증권모투자신탁(채권혼합)
822,04D41,한국투자삼성TOP3증권모투자신탁(채권혼합),,,06B03,,04D64,한국투자삼성TOP3증권자투자신탁1호(채권혼합)(S),04D41,06B03,04D64,X,X,X,04D41,한국투자삼성TOP3증권모투자신탁(채권혼합)
823,04D41,한국투자삼성TOP3증권모투자신탁(채권혼합),,,06B03,,04D65,한국투자삼성TOP3증권자투자신탁1호(채권혼합)(S-P),04D41,06B03,04D65,X,X,X,04D41,한국투자삼성TOP3증권모투자신탁(채권혼합)
824,04D41,한국투자삼성TOP3증권모투자신탁(채권혼합),,,06B03,,04D72,한국투자삼성TOP3증권자투자신탁1호(채권혼합)(A-e),04D41,06B03,04D72,X,X,X,04D41,한국투자삼성TOP3증권모투자신탁(채권혼합)
825,04D41,한국투자삼성TOP3증권모투자신탁(채권혼합),,,06B03,,04Z96,한국투자삼성TOP3증권자투자신탁1호(채권혼합)(C),04D41,06B03,04Z96,X,X,X,04D41,한국투자삼성TOP3증권모투자신탁(채권혼합)
826,04D41,한국투자삼성TOP3증권모투자신탁(채권혼합),,,06B03,,05G82,한국투자삼성TOP3증권자투자신탁1호(채권혼합)(C-Pe),04D41,06B03,05G82,X,X,X,04D41,한국투자삼성TOP3증권모투자신탁(채권혼합)
827,04D41,한국투자삼성TOP3증권모투자신탁(채권혼합),,,06B03,,07M59,한국투자삼성TOP3증권자투자신탁1호(채권혼합)(C-Re),04D41,06B03,07M59,X,X,X,04D41,한국투자삼성TOP3증권모투자신탁(채권혼합)
828,04D41,한국투자삼성TOP3증권모투자신탁(채권혼합),,,06B03,,07M60,한국투자삼성TOP3증권자투자신탁1호(채권혼합)(C-R),04D41,06B03,07M60,X,X,X,04D41,한국투자삼성TOP3증권모투자신탁(채권혼합)
829,04D41,한국투자삼성TOP3증권모투자신탁(채권혼합),,,06B03,,07P20,한국투자삼성TOP3증권자투자신탁1호(채권혼합)(C-F),04D41,06B03,07P20,X,X,X,04D41,한국투자삼성TOP3증권모투자신탁(채권혼합)
830,04D41,한국투자삼성TOP3증권모투자신탁(채권혼합),,,06B03,,20102,한국투자삼성TOP3증권자투자신탁1호(채권혼합)(A),04D41,06B03,20102,X,X,X,04D41,한국투자삼성TOP3증권모투자신탁(채권혼합)
831,04D41,한국투자삼성TOP3증권모투자신탁(채권혼합),,,06B03,,20103,한국투자삼성TOP3증권자투자신탁1호(채권혼합)(C-e),04D41,06B03,20103,X,X,X,04D41,한국투자삼성TOP3증권모투자신탁(채권혼합)
832,04D41,한국투자삼성TOP3증권모투자신탁(채권혼합),,,06B03,,40280,한국투자삼성TOP3증권자투자신탁1호(채권혼합)(C-P),04D41,06B03,40280,X,X,X,04D41,한국투자삼성TOP3증권모투자신탁(채권혼합)
833,04F07,한국투자달러표시중국채권증권모투자신탁(채권),설정,100,04F02,한국투자달러표시중국채권증권자투자신탁(채권)(모),04F03,한국투자달러표시중국채권증권자투자신탁(채권)(A),04F07,04F02,04F03,X,X,X,04F07,한국투자달러표시중국채권증권모투자신탁(채권)
834,04F07,한국투자달러표시중국채권증권모투자신탁(채권),,,04F02,,04F04,한국투자달러표시중국채권증권자투자신탁(채권)(C),04F07,04F02,04F04,X,X,X,04F07,한국투자달러표시중국채권증권모투자신탁(채권)
835,04F07,한국투자달러표시중국채권증권모투자신탁(채권),,,04F02,,04F05,한국투자달러표시중국채권증권자투자신탁(채권)(C-F),04F07,04F02,04F05,X,X,X,04F07,한국투자달러표시중국채권증권모투자신탁(채권)
836,04F07,한국투자달러표시중국채권증권모투자신탁(채권),,,04F02,,04F06,한국투자달러표시중국채권증권자투자신탁(채권)(C-W),04F07,04F02,04F06,X,X,X,04F07,한국투자달러표시중국채권증권모투자신탁(채권)
837,04F07,한국투자달러표시중국채권증권모투자신탁(채권),,,04F02,,04F08,한국투자달러표시중국채권증권자투자신탁(채권)(S),04F07,04F02,04F08,X,X,X,04F07,한국투자달러표시중국채권증권모투자신탁(채권)
838,04F07,한국투자달러표시중국채권증권모투자신탁(채권),,,04F02,,04F10,한국투자달러표시중국채권증권자투자신탁(채권)(C-P),04F07,04F02,04F10,X,X,X,04F07,한국투자달러표시중국채권증권모투자신탁(채권)
839,04F07,한국투자달러표시중국채권증권모투자신탁(채권),,,04F02,,04F11,한국투자달러표시중국채권증권자투자신탁(채권)(C-Pe),04F07,04F02,04F11,X,X,X,04F07,한국투자달러표시중국채권증권모투자신탁(채권)
840,04F07,한국투자달러표시중국채권증권모투자신탁(채권),,,04F02,,04F12,한국투자달러표시중국채권증권자투자신탁(채권)(S-P),04F07,04F02,04F12,X,X,X,04F07,한국투자달러표시중국채권증권모투자신탁(채권)
841,04F07,한국투자달러표시중국채권증권모투자신탁(채권),,,04F02,,05B35,한국투자달러표시중국채권증권자투자신탁(채권)(A-e),04F07,04F02,05B35,X,X,X,04F07,한국투자달러표시중국채권증권모투자신탁(채권)
842,04F07,한국투자달러표시중국채권증권모투자신탁(채권),,,04F02,,05B36,한국투자달러표시중국채권증권자투자신탁(채권)(C-e),04F07,04F02,05B36,X,X,X,04F07,한국투자달러표시중국채권증권모투자신탁(채권)
843,04F07,한국투자달러표시중국채권증권모투자신탁(채권),해지,100,04F02,한국투자달러표시중국채권증권자투자신탁(채권)(모),04F03,한국투자달러표시중국채권증권자투자신탁(채권)(A),04F07,04F02,04F03,X,X,X,04F07,한국투자달러표시중국채권증권모투자신탁(채권)
844,04F07,한국투자달러표시중국채권증권모투자신탁(채권),,,04F02,,04F04,한국투자달러표시중국채권증권자투자신탁(채권)(C),04F07,04F02,04F04,X,X,X,04F07,한국투자달러표시중국채권증권모투자신탁(채권)
845,04F07,한국투자달러표시중국채권증권모투자신탁(채권),,,04F02,,04F05,한국투자달러표시중국채권증권자투자신탁(채권)(C-F),04F07,04F02,04F05,X,X,X,04F07,한국투자달러표시중국채권증권모투자신탁(채권)
846,04F07,한국투자달러표시중국채권증권모투자신탁(채권),,,04F02,,04F06,한국투자달러표시중국채권증권자투자신탁(채권)(C-W),04F07,04F02,04F06,X,X,X,04F07,한국투자달러표시중국채권증권모투자신탁(채권)
847,04F07,한국투자달러표시중국채권증권모투자신탁(채권),,,04F02,,04F08,한국투자달러표시중국채권증권자투자신탁(채권)(S),04F07,04F02,04F08,X,X,X,04F07,한국투자달러표시중국채권증권모투자신탁(채권)
848,04F07,한국투자달러표시중국채권증권모투자신탁(채권),,,04F02,,04F10,한국투자달러표시중국채권증권자투자신탁(채권)(C-P),04F07,04F02,04F10,X,X,X,04F07,한국투자달러표시중국채권증권모투자신탁(채권)
849,04F07,한국투자달러표시중국채권증권모투자신탁(채권),,,04F02,,04F11,한국투자달러표시중국채권증권자투자신탁(채권)(C-Pe),04F07,04F02,04F11,X,X,X,04F07,한국투자달러표시중국채권증권모투자신탁(채권)
850,04F07,한국투자달러표시중국채권증권모투자신탁(채권),,,04F02,,04F12,한국투자달러표시중국채권증권자투자신탁(채권)(S-P),04F07,04F02,04F12,X,X,X,04F07,한국투자달러표시중국채권증권모투자신탁(채권)
851,04F07,한국투자달러표시중국채권증권모투자신탁(채권),,,04F02,,05B35,한국투자달러표시중국채권증권자투자신탁(채권)(A-e),04F07,04F02,05B35,X,X,X,04F07,한국투자달러표시중국채권증권모투자신탁(채권)
852,04F07,한국투자달러표시중국채권증권모투자신탁(채권),,,04F02,,05B36,한국투자달러표시중국채권증권자투자신탁(채권)(C-e),04F07,04F02,05B36,X,X,X,04F07,한국투자달러표시중국채권증권모투자신탁(채권)
853,04F07,한국투자달러표시중국채권증권모투자신탁(채권),설정,100,04F14,한국투자퇴직연금달러표시중국채권증권자투자신탁(채권)(모),04F15,한국투자퇴직연금달러표시중국채권증권자투자신탁(채권)(C),04F07,04F14,04F15,X,X,X,04F07,한국투자달러표시중국채권증권모투자신탁(채권)
854,04F07,한국투자달러표시중국채권증권모투자신탁(채권),해지,100,04F14,한국투자퇴직연금달러표시중국채권증권자투자신탁(채권)(모),04F15,한국투자퇴직연금달러표시중국채권증권자투자신탁(채권)(C),04F07,04F14,04F15,X,X,X,04F07,한국투자달러표시중국채권증권모투자신탁(채권)
855,04F07,한국투자달러표시중국채권증권모투자신탁(채권),설정,100,05F74,한국투자재형달러표시중국채권증권자투자신탁2호(채권),,,04F07,05F74,,X,X,X,04F07,한국투자달러표시중국채권증권모투자신탁(채권)
856,04F07,한국투자달러표시중국채권증권모투자신탁(채권),해지,100,05F74,한국투자재형달러표시중국채권증권자투자신탁2호(채권),,,04F07,05F74,,X,X,X,04F07,한국투자달러표시중국채권증권모투자신탁(채권)
857,04F07,한국투자달러표시중국채권증권모투자신탁(채권),설정,100,05F75,한국투자재형달러표시중국채권증권자투자신탁3호(채권),,,04F07,05F75,,X,X,X,04F07,한국투자달러표시중국채권증권모투자신탁(채권)
858,04F07,한국투자달러표시중국채권증권모투자신탁(채권),해지,100,05F75,한국투자재형달러표시중국채권증권자투자신탁3호(채권),,,04F07,05F75,,X,X,X,04F07,한국투자달러표시중국채권증권모투자신탁(채권)
859,04F07,한국투자달러표시중국채권증권모투자신탁(채권),공통,100,05F77,한국투자재형달러표시중국채권증권자투자신탁(채권),,,04F07,05F77,,X,X,X,04F07,한국투자달러표시중국채권증권모투자신탁(채권)
860,04F07,한국투자달러표시중국채권증권모투자신탁(채권),,40,05W07,한국투자아시아플러스증권자투자신탁(채권)(모),05W08,한국투자아시아플러스증권자투자신탁(채권)(A),04F07,05W07,05W08,X,X,X,04F07,한국투자달러표시중국채권증권모투자신탁(채권)
861,04F07,한국투자달러표시중국채권증권모투자신탁(채권),,,05W07,,05W10,한국투자아시아플러스증권자투자신탁(채권)(A-e),04F07,05W07,05W10,X,X,X,04F07,한국투자달러표시중국채권증권모투자신탁(채권)
862,04F07,한국투자달러표시중국채권증권모투자신탁(채권),,,05W07,,05W11,한국투자아시아플러스증권자투자신탁(채권)(C),04F07,05W07,05W11,X,X,X,04F07,한국투자달러표시중국채권증권모투자신탁(채권)
863,04F07,한국투자달러표시중국채권증권모투자신탁(채권),,,05W07,,05W12,한국투자아시아플러스증권자투자신탁(채권)(C-F),04F07,05W07,05W12,X,X,X,04F07,한국투자달러표시중국채권증권모투자신탁(채권)
864,04F07,한국투자달러표시중국채권증권모투자신탁(채권),,,05W07,,05W18,한국투자아시아플러스증권자투자신탁(채권)(C-W),04F07,05W07,05W18,X,X,X,04F07,한국투자달러표시중국채권증권모투자신탁(채권)
865,04F07,한국투자달러표시중국채권증권모투자신탁(채권),,,05W07,,05W19,한국투자아시아플러스증권자투자신탁(채권)(C-e),04F07,05W07,05W19,X,X,X,04F07,한국투자달러표시중국채권증권모투자신탁(채권)
866,04V01,한국투자KPIGTAA벤치마크형전문투자형사모모투자신탁1호,공통,0,04V03,한국투자KPIGTAA벤치마크형전문투자형사모자투자신탁,,,04V01,04V03,,X,X,X,04V01,한국투자KPIGTAA벤치마크형전문투자형사모모투자신탁1호
867,04V02,한국투자KPIGTAA벤치마크형전문투자형사모모투자신탁2호,공통,0,04V03,한국투자KPIGTAA벤치마크형전문투자형사모자투자신탁,,,04V02,04V03,,X,X,X,04V02,한국투자KPIGTAA벤치마크형전문투자형사모모투자신탁2호
868,04V04,한국투자KPIGTAA절대수익형전문투자형사모모투자신탁1호,공통,0,04V06,한국투자KPIGTAA절대수익형전문투자형사모자투자신탁,,,04V04,04V06,,X,X,X,04V04,한국투자KPIGTAA절대수익형전문투자형사모모투자신탁1호
869,04V05,한국투자KPIGTAA절대수익형전문투자형사모모투자신탁2호,공통,0,04V06,한국투자KPIGTAA절대수익형전문투자형사모자투자신탁,,,04V05,04V06,,X,X,X,04V05,한국투자KPIGTAA절대수익형전문투자형사모모투자신탁2호
870,04V07,한국투자테크증권모투자신탁(주식),공통,100,03Z21,한국투자테크증권자투자신탁2호(주식)(모),03Z29,한국투자테크증권자투자신탁2호(주식)(C-W),04V07,03Z21,03Z29,X,X,X,04V07,한국투자테크증권모투자신탁(주식)
871,04V07,한국투자테크증권모투자신탁(주식),,,03Z21,,04860,한국투자테크증권자투자신탁2호(주식)(C1),04V07,03Z21,04860,X,X,X,04V07,한국투자테크증권모투자신탁(주식)
872,04V07,한국투자테크증권모투자신탁(주식),,,03Z21,,04Y10,한국투자테크증권자투자신탁2호(주식)(S),04V07,03Z21,04Y10,X,X,X,04V07,한국투자테크증권모투자신탁(주식)
873,04V07,한국투자테크증권모투자신탁(주식),,,03Z21,,07A91,한국투자테크증권자투자신탁2호(주식)(C-Re),04V07,03Z21,07A91,X,X,X,04V07,한국투자테크증권모투자신탁(주식)
874,04V07,한국투자테크증권모투자신탁(주식),,,03Z21,,40199,한국투자테크증권자투자신탁2호(주식)(C2),04V07,03Z21,40199,X,X,X,04V07,한국투자테크증권모투자신탁(주식)
875,04V07,한국투자테크증권모투자신탁(주식),,,03Z21,,40200,한국투자테크증권자투자신탁2호(주식)(C3),04V07,03Z21,40200,X,X,X,04V07,한국투자테크증권모투자신탁(주식)
876,04V07,한국투자테크증권모투자신탁(주식),,,03Z21,,40201,한국투자테크증권자투자신탁2호(주식)(C4),04V07,03Z21,40201,X,X,X,04V07,한국투자테크증권모투자신탁(주식)
877,04V07,한국투자테크증권모투자신탁(주식),,,03Z21,,40202,한국투자테크증권자투자신탁2호(주식)(C5),04V07,03Z21,40202,X,X,X,04V07,한국투자테크증권모투자신탁(주식)
878,04V07,한국투자테크증권모투자신탁(주식),,,03Z25,한국투자테크증권자투자신탁1호(주식)(모),04740,한국투자테크증권자투자신탁1호(주식)(C),04V07,03Z25,04740,X,X,X,04V07,한국투자테크증권모투자신탁(주식)
879,04V07,한국투자테크증권모투자신탁(주식),,,03Z25,,04Y11,한국투자테크증권자투자신탁1호(주식)(S),04V07,03Z25,04Y11,X,X,X,04V07,한국투자테크증권모투자신탁(주식)
880,04V07,한국투자테크증권모투자신탁(주식),,,03Z25,,07A80,한국투자테크증권자투자신탁1호(주식)(A),04V07,03Z25,07A80,X,X,X,04V07,한국투자테크증권모투자신탁(주식)
881,04V07,한국투자테크증권모투자신탁(주식),,,03Z25,,07A81,한국투자테크증권자투자신탁1호(주식)(A-e),04V07,03Z25,07A81,X,X,X,04V07,한국투자테크증권모투자신탁(주식)
882,04V07,한국투자테크증권모투자신탁(주식),,,03Z25,,07A82,한국투자테크증권자투자신탁1호(주식)(C-e),04V07,03Z25,07A82,X,X,X,04V07,한국투자테크증권모투자신탁(주식)
883,04V07,한국투자테크증권모투자신탁(주식),,,03Z25,,07A83,한국투자테크증권자투자신탁1호(주식)(C-P),04V07,03Z25,07A83,X,X,X,04V07,한국투자테크증권모투자신탁(주식)
884,04V07,한국투자테크증권모투자신탁(주식),,,03Z25,,07A84,한국투자테크증권자투자신탁1호(주식)(C-Pe),04V07,03Z25,07A84,X,X,X,04V07,한국투자테크증권모투자신탁(주식)
885,04V07,한국투자테크증권모투자신탁(주식),,,03Z25,,07A85,한국투자테크증권자투자신탁1호(주식)(C-R),04V07,03Z25,07A85,X,X,X,04V07,한국투자테크증권모투자신탁(주식)
886,04V07,한국투자테크증권모투자신탁(주식),,,03Z25,,07A86,한국투자테크증권자투자신탁1호(주식)(C-Re),04V07,03Z25,07A86,X,X,X,04V07,한국투자테크증권모투자신탁(주식)
887,04V07,한국투자테크증권모투자신탁(주식),,,03Z25,,07A97,한국투자테크증권자투자신탁1호(주식)(C-F),04V07,03Z25,07A97,X,X,X,04V07,한국투자테크증권모투자신탁(주식)
888,04V07,한국투자테크증권모투자신탁(주식),,,03Z25,,09P40,한국투자테크증권자투자신탁1호(주식)(S-P),04V07,03Z25,09P40,X,X,X,04V07,한국투자테크증권모투자신탁(주식)
889,04V07,한국투자테크증권모투자신탁(주식),,,03Z25,,09P41,한국투자테크증권자투자신탁1호(주식)(S-R),04V07,03Z25,09P41,X,X,X,04V07,한국투자테크증권모투자신탁(주식)
890,04X69,한국투자중국본토CSI300증권모투자신탁(주식-파생형),공통,0,9000J,한국투자ACE중국본토CSI300증권자상장지수투자신탁(주식-파생형),,,04X69,9000J,,X,X,X,04X69,한국투자중국본토CSI300증권모투자신탁(주식-파생형)
891,04X80,한국투자중국CSI300증권모투자신탁(주식-재간접형),공통,0,9000J,한국투자ACE중국본토CSI300증권자상장지수투자신탁(주식-파생형),,,04X80,9000J,,X,X,X,04X80,한국투자중국CSI300증권모투자신탁(주식-재간접형)
892,04X99,한국투자K-뉴딜증권모투자신탁(주식),공통,100,03Z19,한국투자정통고편입증권자투자신탁(주식)(모),03Z28,한국투자정통고편입증권자투자신탁(주식)(C-W),04X99,03Z19,03Z28,X,X,X,04X99,한국투자K-뉴딜증권모투자신탁(주식)
893,04X99,한국투자K-뉴딜증권모투자신탁(주식),,,03Z19,,04182,한국투자정통고편입증권자투자신탁(주식)(A),04X99,03Z19,04182,X,X,X,04X99,한국투자K-뉴딜증권모투자신탁(주식)
894,04X99,한국투자K-뉴딜증권모투자신탁(주식),,,03Z97,한국투자K-뉴딜증권자투자신탁1호(주식)(모),03W88,한국투자K-뉴딜증권자투자신탁1호(주식)(S),04X99,03Z97,03W88,X,X,X,04X99,한국투자K-뉴딜증권모투자신탁(주식)
895,04X99,한국투자K-뉴딜증권모투자신탁(주식),,,03Z97,,04X81,한국투자K-뉴딜증권자투자신탁1호(주식)(C-F),04X99,03Z97,04X81,X,X,X,04X99,한국투자K-뉴딜증권모투자신탁(주식)
896,04X99,한국투자K-뉴딜증권모투자신탁(주식),,,03Z97,,05M48,한국투자K-뉴딜증권자투자신탁1호(주식)(A-e),04X99,03Z97,05M48,X,X,X,04X99,한국투자K-뉴딜증권모투자신탁(주식)
897,04X99,한국투자K-뉴딜증권모투자신탁(주식),,,03Z97,,06149,한국투자K-뉴딜증권자투자신탁1호(주식)(A),04X99,03Z97,06149,X,X,X,04X99,한국투자K-뉴딜증권모투자신탁(주식)
898,04X99,한국투자K-뉴딜증권모투자신탁(주식),,,03Z97,,07A92,한국투자K-뉴딜증권자투자신탁1호(주식)(S-P),04X99,03Z97,07A92,X,X,X,04X99,한국투자K-뉴딜증권모투자신탁(주식)
899,04X99,한국투자K-뉴딜증권모투자신탁(주식),,,03Z97,,07A93,한국투자K-뉴딜증권자투자신탁1호(주식)(S-R),04X99,03Z97,07A93,X,X,X,04X99,한국투자K-뉴딜증권모투자신탁(주식)
900,04X99,한국투자K-뉴딜증권모투자신탁(주식),,,03Z97,,40058,한국투자K-뉴딜증권자투자신탁1호(주식)(C1),04X99,03Z97,40058,X,X,X,04X99,한국투자K-뉴딜증권모투자신탁(주식)
901,04X99,한국투자K-뉴딜증권모투자신탁(주식),,,03Z97,,40059,한국투자K-뉴딜증권자투자신탁1호(주식)(C-e),04X99,03Z97,40059,X,X,X,04X99,한국투자K-뉴딜증권모투자신탁(주식)
902,04X99,한국투자K-뉴딜증권모투자신탁(주식),,,03Z97,,40183,한국투자K-뉴딜증권자투자신탁1호(주식)(C2),04X99,03Z97,40183,X,X,X,04X99,한국투자K-뉴딜증권모투자신탁(주식)
903,04X99,한국투자K-뉴딜증권모투자신탁(주식),,,03Z97,,40184,한국투자K-뉴딜증권자투자신탁1호(주식)(C3),04X99,03Z97,40184,X,X,X,04X99,한국투자K-뉴딜증권모투자신탁(주식)
904,04X99,한국투자K-뉴딜증권모투자신탁(주식),,,03Z97,,40185,한국투자K-뉴딜증권자투자신탁1호(주식)(C4),04X99,03Z97,40185,X,X,X,04X99,한국투자K-뉴딜증권모투자신탁(주식)
905,04X99,한국투자K-뉴딜증권모투자신탁(주식),,,03Z97,,40186,한국투자K-뉴딜증권자투자신탁1호(주식)(C5),04X99,03Z97,40186,X,X,X,04X99,한국투자K-뉴딜증권모투자신탁(주식)
906,04Y14,한국투자노블클래스글로벌일반사모증권모투자신탁3호(주식),공통,0,04Y15,한국투자노블클래스글로벌일반사모증권자투자신탁3호(주식-파생형),,,04Y14,04Y15,,X,X,X,04Y14,한국투자노블클래스글로벌일반사모증권모투자신탁3호(주식)
907,04Y26,한국투자롱텀밸류증권모투자신탁(주식),공통,100,03V39,한국투자연금저축롱텀밸류증권자투자신탁(주식)(모),03V40,한국투자연금저축롱텀밸류증권자투자신탁(주식)(C),04Y26,03V39,03V40,X,X,X,04Y26,한국투자롱텀밸류증권모투자신탁(주식)
908,04Y26,한국투자롱텀밸류증권모투자신탁(주식),,,03V39,,03V41,한국투자연금저축롱텀밸류증권자투자신탁(주식)(C-e),04Y26,03V39,03V41,X,X,X,04Y26,한국투자롱텀밸류증권모투자신탁(주식)
909,04Y26,한국투자롱텀밸류증권모투자신탁(주식),,,03V39,,03V42,한국투자연금저축롱텀밸류증권자투자신탁(주식)(S-P),04Y26,03V39,03V42,X,X,X,04Y26,한국투자롱텀밸류증권모투자신탁(주식)
910,04Y26,한국투자롱텀밸류증권모투자신탁(주식),,,03X65,한국투자롱텀밸류증권자투자신탁1호(주식)(모),03X66,한국투자롱텀밸류증권자투자신탁1호(주식)(C2),04Y26,03X65,03X66,X,X,X,04Y26,한국투자롱텀밸류증권모투자신탁(주식)
911,04Y26,한국투자롱텀밸류증권모투자신탁(주식),,,03X65,,03X67,한국투자롱텀밸류증권자투자신탁1호(주식)(C3),04Y26,03X65,03X67,X,X,X,04Y26,한국투자롱텀밸류증권모투자신탁(주식)
912,04Y26,한국투자롱텀밸류증권모투자신탁(주식),,,03X65,,03X68,한국투자롱텀밸류증권자투자신탁1호(주식)(C4),04Y26,03X65,03X68,X,X,X,04Y26,한국투자롱텀밸류증권모투자신탁(주식)
913,04Y26,한국투자롱텀밸류증권모투자신탁(주식),,,03X65,,03X69,한국투자롱텀밸류증권자투자신탁1호(주식)(C5),04Y26,03X65,03X69,X,X,X,04Y26,한국투자롱텀밸류증권모투자신탁(주식)
914,04Y26,한국투자롱텀밸류증권모투자신탁(주식),,,03X65,,03Z14,한국투자롱텀밸류증권자투자신탁1호(주식)(C1),04Y26,03X65,03Z14,X,X,X,04Y26,한국투자롱텀밸류증권모투자신탁(주식)
915,04Y26,한국투자롱텀밸류증권모투자신탁(주식),,,03X65,,04Y09,한국투자롱텀밸류증권자투자신탁1호(주식)(S),04Y26,03X65,04Y09,X,X,X,04Y26,한국투자롱텀밸류증권모투자신탁(주식)
916,04Y26,한국투자롱텀밸류증권모투자신탁(주식),,,03X65,,04Y18,한국투자롱텀밸류증권자투자신탁1호(주식)(C-e),04Y26,03X65,04Y18,X,X,X,04Y26,한국투자롱텀밸류증권모투자신탁(주식)
917,04Y26,한국투자롱텀밸류증권모투자신탁(주식),,,03X65,,04Y19,한국투자롱텀밸류증권자투자신탁1호(주식)(A),04Y26,03X65,04Y19,X,X,X,04Y26,한국투자롱텀밸류증권모투자신탁(주식)
918,04Y26,한국투자롱텀밸류증권모투자신탁(주식),,,03X65,,04Y20,한국투자롱텀밸류증권자투자신탁1호(주식)(A-e),04Y26,03X65,04Y20,X,X,X,04Y26,한국투자롱텀밸류증권모투자신탁(주식)
919,04Y26,한국투자롱텀밸류증권모투자신탁(주식),,,03X65,,04Y23,한국투자롱텀밸류증권자투자신탁1호(주식)(C-W),04Y26,03X65,04Y23,X,X,X,04Y26,한국투자롱텀밸류증권모투자신탁(주식)
920,04Y26,한국투자롱텀밸류증권모투자신탁(주식),,,03X65,,04Y28,한국투자롱텀밸류증권자투자신탁1호(주식)(C-F),04Y26,03X65,04Y28,X,X,X,04Y26,한국투자롱텀밸류증권모투자신탁(주식)
921,04Y26,한국투자롱텀밸류증권모투자신탁(주식),,,03X65,,05B93,한국투자롱텀밸류증권자투자신탁1호(주식)(C-J),04Y26,03X65,05B93,X,X,X,04Y26,한국투자롱텀밸류증권모투자신탁(주식)
922,04Y26,한국투자롱텀밸류증권모투자신탁(주식),,19.5,04N27,한국투자롱텀밸류20증권자투자신탁(채권혼합)(모),04N30,한국투자롱텀밸류20증권자투자신탁(채권혼합)(C),04Y26,04N27,04N30,X,X,X,04Y26,한국투자롱텀밸류증권모투자신탁(주식)
923,04Y43,한국투자노블연속분할매매증권모투자신탁(주식혼합),공통,0,04C58,한국투자퇴직연금연속분할매매40증권자투자신탁1호(채권혼합),,,04Y43,04C58,,X,X,X,04Y43,한국투자노블연속분할매매증권모투자신탁(주식혼합)
924,04Y43,한국투자노블연속분할매매증권모투자신탁(주식혼합),,,05D34,한국투자노블월지급식연속분할매매증권자투자신탁1호(주식혼합),,,04Y43,05D34,,X,X,X,04Y43,한국투자노블연속분할매매증권모투자신탁(주식혼합)
925,04Y43,한국투자노블연속분할매매증권모투자신탁(주식혼합),,,05D58,한국투자라이프플랜월지급식증권자투자신탁1호(주식혼합)(모),05B57,한국투자라이프플랜월지급식증권자투자신탁1호(주식혼합)(C-R),04Y43,05D58,05B57,X,X,X,04Y43,한국투자노블연속분할매매증권모투자신탁(주식혼합)
926,04Y43,한국투자노블연속분할매매증권모투자신탁(주식혼합),,,05D58,,30010,한국투자라이프플랜월지급식증권자투자신탁1호(주식혼합)(C),04Y43,05D58,30010,X,X,X,04Y43,한국투자노블연속분할매매증권모투자신탁(주식혼합)
927,04Y43,한국투자노블연속분할매매증권모투자신탁(주식혼합),,,05D58,,30011,한국투자라이프플랜월지급식증권자투자신탁1호(주식혼합)(C-e),04Y43,05D58,30011,X,X,X,04Y43,한국투자노블연속분할매매증권모투자신탁(주식혼합)
928,05C14,한국투자TDF알아서2020증권모투자신탁(채권혼합-재간접형),공통,100,05C16,한국투자TDF알아서2020증권자투자신탁(채권혼합-재간접형)(모),05C17,한국투자TDF알아서2020증권자투자신탁(채권혼합-재간접형)(A),05C14,05C16,05C17,X,X,X,05C14,한국투자TDF알아서2020증권모투자신탁(채권혼합-재간접형)
929,05C14,한국투자TDF알아서2020증권모투자신탁(채권혼합-재간접형),,,05C16,,05C18,한국투자TDF알아서2020증권자투자신탁(채권혼합-재간접형)(A-e),05C14,05C16,05C18,X,X,X,05C14,한국투자TDF알아서2020증권모투자신탁(채권혼합-재간접형)
930,05C14,한국투자TDF알아서2020증권모투자신탁(채권혼합-재간접형),,,05C16,,05C19,한국투자TDF알아서2020증권자투자신탁(채권혼합-재간접형)(C),05C14,05C16,05C19,X,X,X,05C14,한국투자TDF알아서2020증권모투자신탁(채권혼합-재간접형)
931,05C14,한국투자TDF알아서2020증권모투자신탁(채권혼합-재간접형),,,05C16,,05C20,한국투자TDF알아서2020증권자투자신탁(채권혼합-재간접형)(C-e),05C14,05C16,05C20,X,X,X,05C14,한국투자TDF알아서2020증권모투자신탁(채권혼합-재간접형)
932,05C14,한국투자TDF알아서2020증권모투자신탁(채권혼합-재간접형),,,05C16,,05C21,한국투자TDF알아서2020증권자투자신탁(채권혼합-재간접형)(C-F),05C14,05C16,05C21,X,X,X,05C14,한국투자TDF알아서2020증권모투자신탁(채권혼합-재간접형)
933,05C14,한국투자TDF알아서2020증권모투자신탁(채권혼합-재간접형),,,05C16,,05C22,한국투자TDF알아서2020증권자투자신탁(채권혼합-재간접형)(C-P),05C14,05C16,05C22,X,X,X,05C14,한국투자TDF알아서2020증권모투자신탁(채권혼합-재간접형)
934,05C14,한국투자TDF알아서2020증권모투자신탁(채권혼합-재간접형),,,05C16,,05C23,한국투자TDF알아서2020증권자투자신탁(채권혼합-재간접형)(C-R),05C14,05C16,05C23,X,X,X,05C14,한국투자TDF알아서2020증권모투자신탁(채권혼합-재간접형)
935,05C14,한국투자TDF알아서2020증권모투자신탁(채권혼합-재간접형),,,05C16,,05C25,한국투자TDF알아서2020증권자투자신탁(채권혼합-재간접형)(C-W),05C14,05C16,05C25,X,X,X,05C14,한국투자TDF알아서2020증권모투자신탁(채권혼합-재간접형)
936,05C14,한국투자TDF알아서2020증권모투자신탁(채권혼합-재간접형),,,05C16,,05C26,한국투자TDF알아서2020증권자투자신탁(채권혼합-재간접형)(S),05C14,05C16,05C26,X,X,X,05C14,한국투자TDF알아서2020증권모투자신탁(채권혼합-재간접형)
937,05C14,한국투자TDF알아서2020증권모투자신탁(채권혼합-재간접형),,,05C16,,05C27,한국투자TDF알아서2020증권자투자신탁(채권혼합-재간접형)(S-P),05C14,05C16,05C27,X,X,X,05C14,한국투자TDF알아서2020증권모투자신탁(채권혼합-재간접형)
938,05C14,한국투자TDF알아서2020증권모투자신탁(채권혼합-재간접형),,,05C16,,05K24,한국투자TDF알아서2020증권자투자신탁(채권혼합-재간접형)(C-Pe),05C14,05C16,05K24,X,X,X,05C14,한국투자TDF알아서2020증권모투자신탁(채권혼합-재간접형)
939,05C14,한국투자TDF알아서2020증권모투자신탁(채권혼합-재간접형),,,05C16,,05K25,한국투자TDF알아서2020증권자투자신탁(채권혼합-재간접형)(C-Re),05C14,05C16,05K25,X,X,X,05C14,한국투자TDF알아서2020증권모투자신탁(채권혼합-재간접형)
940,05C14,한국투자TDF알아서2020증권모투자신탁(채권혼합-재간접형),,,05K82,한국투자신종개인연금TDF알아서2020증권전환형자투자신탁(채권혼합-재간접형)(모),05K83,한국투자신종개인연금TDF알아서2020증권전환형자투자신탁(채권혼합-재간접형)(C),05C14,05K82,05K83,X,X,X,05C14,한국투자TDF알아서2020증권모투자신탁(채권혼합-재간접형)
941,05C14,한국투자TDF알아서2020증권모투자신탁(채권혼합-재간접형),,,05K82,,05K84,한국투자신종개인연금TDF알아서2020증권전환형자투자신탁(채권혼합-재간접형)(C-e),05C14,05K82,05K84,X,X,X,05C14,한국투자TDF알아서2020증권모투자신탁(채권혼합-재간접형)
942,05D55,한국투자사모글로벌CTA증권모투자신탁(주식혼합-재간접형),공통,100,05D53,한국투자사모글로벌CTA증권자투자신탁H(주식혼합-재간접형),,,05D55,05D53,,X,X,X,05D55,한국투자사모글로벌CTA증권모투자신탁(주식혼합-재간접형)
943,05D55,한국투자사모글로벌CTA증권모투자신탁(주식혼합-재간접형),,,05D54,한국투자사모글로벌CTA증권자투자신탁UH(주식혼합-재간접형),,,05D55,05D54,,X,X,X,05D55,한국투자사모글로벌CTA증권모투자신탁(주식혼합-재간접형)
944,05F28,한국투자베어링하이일드증권모투자신탁(채권-재간접형),설정,100,05F30,한국투자베어링하이일드증권자투자신탁H(채권-재간접형)(모),05F31,한국투자베어링하이일드증권자투자신탁H(채권-재간접형)(A),05F28,05F30,05F31,X,X,X,05F28,한국투자베어링하이일드증권모투자신탁(채권-재간접형)
945,05F28,한국투자베어링하이일드증권모투자신탁(채권-재간접형),,,05F30,,05F32,한국투자베어링하이일드증권자투자신탁H(채권-재간접형)(C),05F28,05F30,05F32,X,X,X,05F28,한국투자베어링하이일드증권모투자신탁(채권-재간접형)
946,05F28,한국투자베어링하이일드증권모투자신탁(채권-재간접형),해지,0,05F30,한국투자베어링하이일드증권자투자신탁H(채권-재간접형)(모),05F31,한국투자베어링하이일드증권자투자신탁H(채권-재간접형)(A),05F28,05F30,05F31,X,X,X,05F28,한국투자베어링하이일드증권모투자신탁(채권-재간접형)
947,05F28,한국투자베어링하이일드증권모투자신탁(채권-재간접형),,,05F30,,05F32,한국투자베어링하이일드증권자투자신탁H(채권-재간접형)(C),05F28,05F30,05F32,X,X,X,05F28,한국투자베어링하이일드증권모투자신탁(채권-재간접형)
948,05F28,한국투자베어링하이일드증권모투자신탁(채권-재간접형),설정,100,05F35,한국투자베어링하이일드증권자투자신탁UH(채권-재간접형)(모),05F36,한국투자베어링하이일드증권자투자신탁UH(채권-재간접형)(A),05F28,05F35,05F36,X,X,X,05F28,한국투자베어링하이일드증권모투자신탁(채권-재간접형)
949,05F28,한국투자베어링하이일드증권모투자신탁(채권-재간접형),,,05F35,,05F37,한국투자베어링하이일드증권자투자신탁UH(채권-재간접형)(C),05F28,05F35,05F37,X,X,X,05F28,한국투자베어링하이일드증권모투자신탁(채권-재간접형)
950,05F28,한국투자베어링하이일드증권모투자신탁(채권-재간접형),해지,0,05F35,한국투자베어링하이일드증권자투자신탁UH(채권-재간접형)(모),05F36,한국투자베어링하이일드증권자투자신탁UH(채권-재간접형)(A),05F28,05F35,05F36,X,X,X,05F28,한국투자베어링하이일드증권모투자신탁(채권-재간접형)
951,05F28,한국투자베어링하이일드증권모투자신탁(채권-재간접형),,,05F35,,05F37,한국투자베어링하이일드증권자투자신탁UH(채권-재간접형)(C),05F28,05F35,05F37,X,X,X,05F28,한국투자베어링하이일드증권모투자신탁(채권-재간접형)
952,05F28,한국투자베어링하이일드증권모투자신탁(채권-재간접형),설정,100,05F40,한국투자베어링하이일드월지급식증권자투자신탁1호(채권-재간접형)(모),05F41,한국투자베어링하이일드월지급식증권자투자신탁1호(채권-재간접형)(A),05F28,05F40,05F41,X,X,X,05F28,한국투자베어링하이일드증권모투자신탁(채권-재간접형)
953,05F28,한국투자베어링하이일드증권모투자신탁(채권-재간접형),,,05F40,,05F42,한국투자베어링하이일드월지급식증권자투자신탁1호(채권-재간접형)(C),05F28,05F40,05F42,X,X,X,05F28,한국투자베어링하이일드증권모투자신탁(채권-재간접형)
954,05F28,한국투자베어링하이일드증권모투자신탁(채권-재간접형),해지,95.74,05F40,한국투자베어링하이일드월지급식증권자투자신탁1호(채권-재간접형)(모),05F41,한국투자베어링하이일드월지급식증권자투자신탁1호(채권-재간접형)(A),05F28,05F40,05F41,X,X,X,05F28,한국투자베어링하이일드증권모투자신탁(채권-재간접형)
955,05F28,한국투자베어링하이일드증권모투자신탁(채권-재간접형),,,05F40,,05F42,한국투자베어링하이일드월지급식증권자투자신탁1호(채권-재간접형)(C),05F28,05F40,05F42,X,X,X,05F28,한국투자베어링하이일드증권모투자신탁(채권-재간접형)
956,05F47,한국투자글로벌물가연동증권모투자신탁(채권-재간접형),설정,100,05F57,한국투자글로벌물가연동증권자투자신탁H(채권-재간접형)(모),70050,한국투자글로벌물가연동증권자투자신탁H(채권-재간접형)(A),05F47,05F57,70050,X,X,X,05F47,한국투자글로벌물가연동증권모투자신탁(채권-재간접형)
957,05F47,한국투자글로벌물가연동증권모투자신탁(채권-재간접형),,,05F57,,70051,한국투자글로벌물가연동증권자투자신탁H(채권-재간접형)(C),05F47,05F57,70051,X,X,X,05F47,한국투자글로벌물가연동증권모투자신탁(채권-재간접형)
958,05F47,한국투자글로벌물가연동증권모투자신탁(채권-재간접형),해지,100,05F57,한국투자글로벌물가연동증권자투자신탁H(채권-재간접형)(모),70050,한국투자글로벌물가연동증권자투자신탁H(채권-재간접형)(A),05F47,05F57,70050,X,X,X,05F47,한국투자글로벌물가연동증권모투자신탁(채권-재간접형)
959,05F47,한국투자글로벌물가연동증권모투자신탁(채권-재간접형),,,05F57,,70051,한국투자글로벌물가연동증권자투자신탁H(채권-재간접형)(C),05F47,05F57,70051,X,X,X,05F47,한국투자글로벌물가연동증권모투자신탁(채권-재간접형)
960,05F48,한국투자글로벌분산투자증권모투자신탁(채권-재간접형),공통,0,05F52,한국투자글로벌분산투자증권자투자신탁H(채권-재간접형)(모),09D73,한국투자글로벌분산투자증권자투자신탁H(채권-재간접형)(S-P),05F48,05F52,09D73,X,X,X,05F48,한국투자글로벌분산투자증권모투자신탁(채권-재간접형)
961,05F48,한국투자글로벌분산투자증권모투자신탁(채권-재간접형),,,05F52,,09D74,한국투자글로벌분산투자증권자투자신탁H(채권-재간접형)(S),05F48,05F52,09D74,X,X,X,05F48,한국투자글로벌분산투자증권모투자신탁(채권-재간접형)
962,05F48,한국투자글로벌분산투자증권모투자신탁(채권-재간접형),,,05F52,,60041,한국투자글로벌분산투자증권자투자신탁H(채권-재간접형)(C-P),05F48,05F52,60041,X,X,X,05F48,한국투자글로벌분산투자증권모투자신탁(채권-재간접형)
963,05F48,한국투자글로벌분산투자증권모투자신탁(채권-재간접형),,,05F52,,70046,한국투자글로벌분산투자증권자투자신탁H(채권-재간접형)(A),05F48,05F52,70046,X,X,X,05F48,한국투자글로벌분산투자증권모투자신탁(채권-재간접형)
964,05F48,한국투자글로벌분산투자증권모투자신탁(채권-재간접형),,,05F52,,70047,한국투자글로벌분산투자증권자투자신탁H(채권-재간접형)(C),05F48,05F52,70047,X,X,X,05F48,한국투자글로벌분산투자증권모투자신탁(채권-재간접형)
965,05F48,한국투자글로벌분산투자증권모투자신탁(채권-재간접형),,100,05F59,한국투자글로벌분산투자증권자투자신탁2호H(채권-재간접형)(모),70052,한국투자글로벌분산투자증권자투자신탁2호H(채권-재간접형)(A),05F48,05F59,70052,X,X,X,05F48,한국투자글로벌분산투자증권모투자신탁(채권-재간접형)
966,05F48,한국투자글로벌분산투자증권모투자신탁(채권-재간접형),,,05F59,,70053,한국투자글로벌분산투자증권자투자신탁2호H(채권-재간접형)(C),05F48,05F59,70053,X,X,X,05F48,한국투자글로벌분산투자증권모투자신탁(채권-재간접형)
967,05F49,한국투자글로벌하이일드증권모투자신탁(채권-재간접형),설정,100,05F61,한국투자글로벌하이일드증권자투자신탁H(채권-재간접형)(모),09D76,한국투자글로벌하이일드증권자투자신탁H(채권-재간접형)(S),05F49,05F61,09D76,X,X,X,05F49,한국투자글로벌하이일드증권모투자신탁(채권-재간접형)
968,05F49,한국투자글로벌하이일드증권모투자신탁(채권-재간접형),,,05F61,,70054,한국투자글로벌하이일드증권자투자신탁H(채권-재간접형)(A),05F49,05F61,70054,X,X,X,05F49,한국투자글로벌하이일드증권모투자신탁(채권-재간접형)
969,05F49,한국투자글로벌하이일드증권모투자신탁(채권-재간접형),,,05F61,,70055,한국투자글로벌하이일드증권자투자신탁H(채권-재간접형)(C),05F49,05F61,70055,X,X,X,05F49,한국투자글로벌하이일드증권모투자신탁(채권-재간접형)
970,05F49,한국투자글로벌하이일드증권모투자신탁(채권-재간접형),해지,100,05F61,한국투자글로벌하이일드증권자투자신탁H(채권-재간접형)(모),09D76,한국투자글로벌하이일드증권자투자신탁H(채권-재간접형)(S),05F49,05F61,09D76,X,X,X,05F49,한국투자글로벌하이일드증권모투자신탁(채권-재간접형)
971,05F49,한국투자글로벌하이일드증권모투자신탁(채권-재간접형),,,05F61,,70054,한국투자글로벌하이일드증권자투자신탁H(채권-재간접형)(A),05F49,05F61,70054,X,X,X,05F49,한국투자글로벌하이일드증권모투자신탁(채권-재간접형)
972,05F49,한국투자글로벌하이일드증권모투자신탁(채권-재간접형),,,05F61,,70055,한국투자글로벌하이일드증권자투자신탁H(채권-재간접형)(C),05F49,05F61,70055,X,X,X,05F49,한국투자글로벌하이일드증권모투자신탁(채권-재간접형)
973,05F49,한국투자글로벌하이일드증권모투자신탁(채권-재간접형),설정,100,05F78,한국투자재형글로벌하이일드증권자투자신탁(채권-재간접형),,,05F49,05F78,,X,X,X,05F49,한국투자글로벌하이일드증권모투자신탁(채권-재간접형)
974,05F49,한국투자글로벌하이일드증권모투자신탁(채권-재간접형),해지,100,05F78,한국투자재형글로벌하이일드증권자투자신탁(채권-재간접형),,,05F49,05F78,,X,X,X,05F49,한국투자글로벌하이일드증권모투자신탁(채권-재간접형)
975,05F50,한국투자글로벌이머징증권모투자신탁(채권-재간접형),설정,100,05F63,한국투자글로벌이머징증권자투자신탁H(채권-재간접형)(모),70056,한국투자글로벌이머징증권자투자신탁H(채권-재간접형)(A),05F50,05F63,70056,X,X,X,05F50,한국투자글로벌이머징증권모투자신탁(채권-재간접형)
976,05F50,한국투자글로벌이머징증권모투자신탁(채권-재간접형),,,05F63,,70057,한국투자글로벌이머징증권자투자신탁H(채권-재간접형)(C),05F50,05F63,70057,X,X,X,05F50,한국투자글로벌이머징증권모투자신탁(채권-재간접형)
977,05F50,한국투자글로벌이머징증권모투자신탁(채권-재간접형),해지,100,05F63,한국투자글로벌이머징증권자투자신탁H(채권-재간접형)(모),70056,한국투자글로벌이머징증권자투자신탁H(채권-재간접형)(A),05F50,05F63,70056,X,X,X,05F50,한국투자글로벌이머징증권모투자신탁(채권-재간접형)
978,05F50,한국투자글로벌이머징증권모투자신탁(채권-재간접형),,,05F63,,70057,한국투자글로벌이머징증권자투자신탁H(채권-재간접형)(C),05F50,05F63,70057,X,X,X,05F50,한국투자글로벌이머징증권모투자신탁(채권-재간접형)
979,05F53,한국투자글로벌멀티인컴증권모투자신탁(채권-재간접형),공통,0,05F55,한국투자글로벌멀티인컴증권자투자신탁H(채권혼합-재간접형)(모),05F83,한국투자글로벌멀티인컴증권자투자신탁H(채권혼합-재간접)(C-P),05F53,05F55,05F83,X,X,X,05F53,한국투자글로벌멀티인컴증권모투자신탁(채권-재간접형)
980,05F53,한국투자글로벌멀티인컴증권모투자신탁(채권-재간접형),,,05F55,,70048,한국투자글로벌멀티인컴증권자투자신탁H(채권혼합-재간접형)(A),05F53,05F55,70048,X,X,X,05F53,한국투자글로벌멀티인컴증권모투자신탁(채권-재간접형)
981,05F53,한국투자글로벌멀티인컴증권모투자신탁(채권-재간접형),,,05F55,,70049,한국투자글로벌멀티인컴증권자투자신탁H(채권혼합-재간접형)(C),05F53,05F55,70049,X,X,X,05F53,한국투자글로벌멀티인컴증권모투자신탁(채권-재간접형)
982,05F53,한국투자글로벌멀티인컴증권모투자신탁(채권-재간접형),,,05F55,,70061,한국투자글로벌멀티인컴증권자투자신탁H(채권혼합-재간접형)(C-F),05F53,05F55,70061,X,X,X,05F53,한국투자글로벌멀티인컴증권모투자신탁(채권-재간접형)
983,05F72,한국투자글로벌타겟리턴증권모투자신탁(주식혼합-재간접형),공통,100,05F24,한국투자글로벌타겟리턴증권자투자신탁1호(주식혼합-재간접형)(모),05F44,한국투자글로벌타겟리턴증권자투자신탁1호(주식혼합-재간접형)(A-e),05F72,05F24,05F44,X,X,X,05F72,한국투자글로벌타겟리턴증권모투자신탁(주식혼합-재간접형)
984,05F72,한국투자글로벌타겟리턴증권모투자신탁(주식혼합-재간접형),,,05F24,,05F45,한국투자글로벌타겟리턴증권자투자신탁1호(주식혼합-재간접형)(C),05F72,05F24,05F45,X,X,X,05F72,한국투자글로벌타겟리턴증권모투자신탁(주식혼합-재간접형)
985,05F72,한국투자글로벌타겟리턴증권모투자신탁(주식혼합-재간접형),,,05F24,,05H01,한국투자글로벌타겟리턴증권자투자신탁1호(주식혼합-재간접형)(C2),05F72,05F24,05H01,X,X,X,05F72,한국투자글로벌타겟리턴증권모투자신탁(주식혼합-재간접형)
986,05F72,한국투자글로벌타겟리턴증권모투자신탁(주식혼합-재간접형),,,05F24,,05H99,한국투자글로벌타겟리턴증권자투자신탁1호(주식혼합-재간접형)(C4),05F72,05F24,05H99,X,X,X,05F72,한국투자글로벌타겟리턴증권모투자신탁(주식혼합-재간접형)
987,05F72,한국투자글로벌타겟리턴증권모투자신탁(주식혼합-재간접형),,,05F24,,09D66,한국투자글로벌타겟리턴증권자투자신탁1호(주식혼합-재간접형)(S),05F72,05F24,09D66,X,X,X,05F72,한국투자글로벌타겟리턴증권모투자신탁(주식혼합-재간접형)
988,05F72,한국투자글로벌타겟리턴증권모투자신탁(주식혼합-재간접형),,,05F24,,09D77,한국투자글로벌타겟리턴증권자투자신탁1호(주식혼합-재간접형)(C3),05F72,05F24,09D77,X,X,X,05F72,한국투자글로벌타겟리턴증권모투자신탁(주식혼합-재간접형)
989,05F72,한국투자글로벌타겟리턴증권모투자신탁(주식혼합-재간접형),,,05F24,,70042,한국투자글로벌타겟리턴증권자투자신탁1호(주식혼합-재간접형)(A),05F72,05F24,70042,X,X,X,05F72,한국투자글로벌타겟리턴증권모투자신탁(주식혼합-재간접형)
990,05F72,한국투자글로벌타겟리턴증권모투자신탁(주식혼합-재간접형),,,05F24,,70043,한국투자글로벌타겟리턴증권자투자신탁1호(주식혼합-재간접형)(C-e),05F72,05F24,70043,X,X,X,05F72,한국투자글로벌타겟리턴증권모투자신탁(주식혼합-재간접형)
991,05F72,한국투자글로벌타겟리턴증권모투자신탁(주식혼합-재간접형),,,05F24,,70062,한국투자글로벌타겟리턴증권자투자신탁1호(주식혼합-재간접형)(C-F),05F72,05F24,70062,X,X,X,05F72,한국투자글로벌타겟리턴증권모투자신탁(주식혼합-재간접형)
992,05F82,한국투자글로벌오퍼튜니티증권모투자신탁(주식혼합-재간접형),공통,100,05D94,한국투자글로벌오퍼튜니티증권자투자신탁1호(주식혼합-재간접형)(모),09D75,한국투자글로벌오퍼튜니티증권자투자신탁1호(주식혼합-재간접형)(S),05F82,05D94,09D75,X,X,X,05F82,한국투자글로벌오퍼튜니티증권모투자신탁(주식혼합-재간접형)
993,05F82,한국투자글로벌오퍼튜니티증권모투자신탁(주식혼합-재간접형),,,05D94,,70033,한국투자글로벌오퍼튜니티증권자투자신탁1호(주식혼합-재간접형)(A),05F82,05D94,70033,X,X,X,05F82,한국투자글로벌오퍼튜니티증권모투자신탁(주식혼합-재간접형)
994,05F82,한국투자글로벌오퍼튜니티증권모투자신탁(주식혼합-재간접형),,,05D94,,70034,한국투자글로벌오퍼튜니티증권자투자신탁1호(주식혼합-재간접형)(C),05F82,05D94,70034,X,X,X,05F82,한국투자글로벌오퍼튜니티증권모투자신탁(주식혼합-재간접형)
995,05F82,한국투자글로벌오퍼튜니티증권모투자신탁(주식혼합-재간접형),,,05D94,,70035,한국투자글로벌오퍼튜니티증권자투자신탁1호(주식혼합-재간접형)(C-e),05F82,05D94,70035,X,X,X,05F82,한국투자글로벌오퍼튜니티증권모투자신탁(주식혼합-재간접형)
996,05F85,한국투자사모글로벌골든헷지증권모투자신탁(주식혼합-재간접형),공통,100,05F46,한국투자사모글로벌골든헷지증권투자신탁1호(주식혼합-재간접형),,,05F85,05F46,,X,X,X,05F85,한국투자사모글로벌골든헷지증권모투자신탁(주식혼합-재간접형)
997,05F85,한국투자사모글로벌골든헷지증권모투자신탁(주식혼합-재간접형),,,05F86,한국투자사모글로벌골든헷지증권자투자신탁2호(주식혼합-재간접형),,,05F85,05F86,,X,X,X,05F85,한국투자사모글로벌골든헷지증권모투자신탁(주식혼합-재간접형)
998,05F88,한국투자글로벌ETF셀렉트전문투자형사모증권모투자신탁2호(주식-재간접형),공통,0,05H37,한국투자글로벌ETF셀렉트전문투자형사모증권자투자신탁2호(주식-재간접형),,,05F88,05H37,,X,X,X,05F88,한국투자글로벌ETF셀렉트전문투자형사모증권모투자신탁2호(주식-재간접형)
999,05H07,한국투자미국제로듀레이션하이일드증권모투자신탁(채권-재간접형),공통,100,05H09,한국투자미국제로듀레이션하이일드증권자투자신탁(채권-재간접형)(모),05H10,한국투자미국제로듀레이션하이일드증권자투자신탁(채권-재간접형)(A),05H07,05H09,05H10,X,X,X,05H07,한국투자미국제로듀레이션하이일드증권모투자신탁(채권-재간접형)
1000,05H07,한국투자미국제로듀레이션하이일드증권모투자신탁(채권-재간접형),,,05H09,,05H11,한국투자미국제로듀레이션하이일드증권자투자신탁(채권-재간접형)(C),05H07,05H09,05H11,X,X,X,05H07,한국투자미국제로듀레이션하이일드증권모투자신탁(채권-재간접형)
1001,05H07,한국투자미국제로듀레이션하이일드증권모투자신탁(채권-재간접형),,,05H09,,05H33,한국투자미국제로듀레이션하이일드증권자투자신탁(채권-재간접형)(A-e),05H07,05H09,05H33,X,X,X,05H07,한국투자미국제로듀레이션하이일드증권모투자신탁(채권-재간접형)
1002,05H23,한국투자도이치글로벌인프라증권모투자신탁(주식-재간접형),공통,100,05H18,한국투자도이치글로벌인프라증권자투자신탁(주식-재간접형)(모),05H19,한국투자도이치글로벌인프라증권자투자신탁(주식-재간접형)(A),05H23,05H18,05H19,X,X,X,05H23,한국투자도이치글로벌인프라증권모투자신탁(주식-재간접형)
1003,05H23,한국투자도이치글로벌인프라증권모투자신탁(주식-재간접형),,,05H18,,05H20,한국투자도이치글로벌인프라증권자투자신탁(주식-재간접형)(A-e),05H23,05H18,05H20,X,X,X,05H23,한국투자도이치글로벌인프라증권모투자신탁(주식-재간접형)
1004,05H23,한국투자도이치글로벌인프라증권모투자신탁(주식-재간접형),,,05H18,,05H21,한국투자도이치글로벌인프라증권자투자신탁(주식-재간접형)(C),05H23,05H18,05H21,X,X,X,05H23,한국투자도이치글로벌인프라증권모투자신탁(주식-재간접형)
1005,05H23,한국투자도이치글로벌인프라증권모투자신탁(주식-재간접형),,,05H18,,05H22,한국투자도이치글로벌인프라증권자투자신탁(주식-재간접형)(C-e),05H23,05H18,05H22,X,X,X,05H23,한국투자도이치글로벌인프라증권모투자신탁(주식-재간접형)
1006,05H23,한국투자도이치글로벌인프라증권모투자신탁(주식-재간접형),,,05H18,,05H31,한국투자도이치글로벌인프라증권자투자신탁(주식-재간접형)(C-P),05H23,05H18,05H31,X,X,X,05H23,한국투자도이치글로벌인프라증권모투자신탁(주식-재간접형)
1007,05H23,한국투자도이치글로벌인프라증권모투자신탁(주식-재간접형),,,05H18,,05H32,한국투자도이치글로벌인프라증권자투자신탁(주식-재간접형)(C-Pe),05H23,05H18,05H32,X,X,X,05H23,한국투자도이치글로벌인프라증권모투자신탁(주식-재간접형)
1008,05H24,한국투자노무라일본밸류증권모투자신탁(주식-재간접형),공통,99,05H26,한국투자노무라일본밸류증권자투자신탁(주식-재간접형)(모),05H27,한국투자노무라일본밸류증권자투자신탁(주식-재간접형)(A),05H24,05H26,05H27,X,X,X,05H24,한국투자노무라일본밸류증권모투자신탁(주식-재간접형)
1009,05H24,한국투자노무라일본밸류증권모투자신탁(주식-재간접형),,,05H26,,05H28,한국투자노무라일본밸류증권자투자신탁(주식-재간접형)(C),05H24,05H26,05H28,X,X,X,05H24,한국투자노무라일본밸류증권모투자신탁(주식-재간접형)
1010,05H24,한국투자노무라일본밸류증권모투자신탁(주식-재간접형),,,05H26,,05H29,한국투자노무라일본밸류증권자투자신탁(주식-재간접형)(C-e),05H24,05H26,05H29,X,X,X,05H24,한국투자노무라일본밸류증권모투자신탁(주식-재간접형)
1011,05H24,한국투자노무라일본밸류증권모투자신탁(주식-재간접형),,,05H26,,05H30,한국투자 노무라 일본밸류 증권 자투자신탁(주식-재간접형)(A-e),05H24,05H26,05H30,X,X,X,05H24,한국투자노무라일본밸류증권모투자신탁(주식-재간접형)
1012,05H24,한국투자노무라일본밸류증권모투자신탁(주식-재간접형),,,05H26,,05H90,한국투자노무라일본밸류증권자투자신탁(주식-재간접형)(S),05H24,05H26,05H90,X,X,X,05H24,한국투자노무라일본밸류증권모투자신탁(주식-재간접형)
1013,05H24,한국투자노무라일본밸류증권모투자신탁(주식-재간접형),,,05H26,,05H91,한국투자노무라일본밸류증권자투자신탁(주식-재간접형)(S-P),05H24,05H26,05H91,X,X,X,05H24,한국투자노무라일본밸류증권모투자신탁(주식-재간접형)
1014,05H24,한국투자노무라일본밸류증권모투자신탁(주식-재간접형),,,05H26,,05H94,한국투자노무라일본밸류증권자투자신탁(주식-재간접형)(C-P),05H24,05H26,05H94,X,X,X,05H24,한국투자노무라일본밸류증권모투자신탁(주식-재간접형)
1015,05H24,한국투자노무라일본밸류증권모투자신탁(주식-재간접형),,,05H26,,05H95,한국투자노무라일본밸류증권자투자신탁(주식-재간접형)(C-Pe),05H24,05H26,05H95,X,X,X,05H24,한국투자노무라일본밸류증권모투자신탁(주식-재간접형)
1016,05H24,한국투자노무라일본밸류증권모투자신탁(주식-재간접형),,,05H26,,05X97,한국투자노무라일본밸류증권자투자신탁(주식-재간접형)(C-W),05H24,05H26,05X97,X,X,X,05H24,한국투자노무라일본밸류증권모투자신탁(주식-재간접형)
1017,05H42,한국투자베트남증권모투자신탁(주식혼합),공통,100,05H39,한국투자연금베트남증권자투자신탁(주식혼합)(모),05H40,한국투자연금베트남증권자투자신탁(주식혼합)(C),05H42,05H39,05H40,X,X,X,05H42,한국투자베트남증권모투자신탁(주식혼합)
1018,05H42,한국투자베트남증권모투자신탁(주식혼합),,,05H39,,05H41,한국투자연금베트남증권자투자신탁(주식혼합)(C-e),05H42,05H39,05H41,X,X,X,05H42,한국투자베트남증권모투자신탁(주식혼합)
1019,05H42,한국투자베트남증권모투자신탁(주식혼합),,,05H39,,05H43,한국투자연금베트남증권자투자신탁(주식혼합)(S-P),05H42,05H39,05H43,X,X,X,05H42,한국투자베트남증권모투자신탁(주식혼합)
1020,05H42,한국투자베트남증권모투자신탁(주식혼합),,,05H39,,05K61,한국투자연금베트남증권자투자신탁(주식혼합)(C-Re),05H42,05H39,05K61,X,X,X,05H42,한국투자베트남증권모투자신탁(주식혼합)
1021,05H42,한국투자베트남증권모투자신탁(주식혼합),,,05H39,,05X96,한국투자연금베트남증권자투자신탁(주식혼합)(C-R),05H42,05H39,05X96,X,X,X,05H42,한국투자베트남증권모투자신탁(주식혼합)
1022,05H42,한국투자베트남증권모투자신탁(주식혼합),,,05H39,,05Z07,한국투자연금베트남증권자투자신탁(주식혼합)(S-R),05H42,05H39,05Z07,X,X,X,05H42,한국투자베트남증권모투자신탁(주식혼합)
1023,05H42,한국투자베트남증권모투자신탁(주식혼합),,,05X24,한국투자베트남증권자투자신탁1호(주식혼합)(모),05B16,한국투자베트남증권자투자신탁1호(주식혼합)(C-F),05H42,05X24,05B16,X,X,X,05H42,한국투자베트남증권모투자신탁(주식혼합)
1024,05H42,한국투자베트남증권모투자신탁(주식혼합),,,05X24,,05G45,한국투자베트남증권자투자신탁1호(주식혼합)(C-G),05H42,05X24,05G45,X,X,X,05H42,한국투자베트남증권모투자신탁(주식혼합)
1025,05H42,한국투자베트남증권모투자신탁(주식혼합),,,05X24,,05X34,한국투자베트남증권자투자신탁1호(주식혼합)(S),05H42,05X24,05X34,X,X,X,05H42,한국투자베트남증권모투자신탁(주식혼합)
1026,05H42,한국투자베트남증권모투자신탁(주식혼합),,,05X24,,05X60,한국투자베트남증권자투자신탁1호(주식혼합)(A),05H42,05X24,05X60,X,X,X,05H42,한국투자베트남증권모투자신탁(주식혼합)
1027,05H42,한국투자베트남증권모투자신탁(주식혼합),,,05X24,,05X61,한국투자베트남증권자투자신탁1호(주식혼합)(C-e),05H42,05X24,05X61,X,X,X,05H42,한국투자베트남증권모투자신탁(주식혼합)
1028,05H42,한국투자베트남증권모투자신탁(주식혼합),,,05X24,,05X62,한국투자베트남증권자투자신탁1호(주식혼합)(C-W),05H42,05X24,05X62,X,X,X,05H42,한국투자베트남증권모투자신탁(주식혼합)
1029,05H42,한국투자베트남증권모투자신탁(주식혼합),,,05X24,,05X63,한국투자베트남증권자투자신탁1호(주식혼합)(A-e),05H42,05X24,05X63,X,X,X,05H42,한국투자베트남증권모투자신탁(주식혼합)
1030,05H42,한국투자베트남증권모투자신탁(주식혼합),,,05X24,,70012,한국투자베트남증권자투자신탁1호(주식혼합)(C),05H42,05X24,70012,X,X,X,05H42,한국투자베트남증권모투자신탁(주식혼합)
1031,05N22,한국투자글로벌자산배분증권모투자신탁(채권혼합-재간접형),공통,100,05N25,한국투자TIF알아서평생소득증권자투자신탁(채권혼합-재간접형)(모),05N26,한국투자TIF알아서평생소득증권자투자신탁(채권혼합-재간접형)(A),05N22,05N25,05N26,X,X,X,05N22,한국투자글로벌자산배분증권모투자신탁(채권혼합-재간접형)
1032,05N22,한국투자글로벌자산배분증권모투자신탁(채권혼합-재간접형),,,05N25,,05N29,한국투자TIF알아서평생소득증권자투자신탁(채권혼합-재간접형)(C),05N22,05N25,05N29,X,X,X,05N22,한국투자글로벌자산배분증권모투자신탁(채권혼합-재간접형)
1033,05N22,한국투자글로벌자산배분증권모투자신탁(채권혼합-재간접형),,,05N25,,05N30,한국투자TIF알아서평생소득증권자투자신탁(채권혼합-재간접형)(C-e),05N22,05N25,05N30,X,X,X,05N22,한국투자글로벌자산배분증권모투자신탁(채권혼합-재간접형)
1034,05N22,한국투자글로벌자산배분증권모투자신탁(채권혼합-재간접형),,,05N25,,05N31,한국투자TIF알아서평생소득증권자투자신탁(채권혼합-재간접형)(C-F),05N22,05N25,05N31,X,X,X,05N22,한국투자글로벌자산배분증권모투자신탁(채권혼합-재간접형)
1035,05N22,한국투자글로벌자산배분증권모투자신탁(채권혼합-재간접형),,,05N25,,05N34,한국투자TIF알아서평생소득증권자투자신탁(채권혼합-재간접형)(C-P),05N22,05N25,05N34,X,X,X,05N22,한국투자글로벌자산배분증권모투자신탁(채권혼합-재간접형)
1036,05N22,한국투자글로벌자산배분증권모투자신탁(채권혼합-재간접형),,,05N25,,05N35,한국투자TIF알아서평생소득증권자투자신탁(채권혼합-재간접형)(C-Pe),05N22,05N25,05N35,X,X,X,05N22,한국투자글로벌자산배분증권모투자신탁(채권혼합-재간접형)
1037,05N22,한국투자글로벌자산배분증권모투자신탁(채권혼합-재간접형),,,05N25,,05N36,한국투자TIF알아서평생소득증권자투자신탁(채권혼합-재간접형)(C-R),05N22,05N25,05N36,X,X,X,05N22,한국투자글로벌자산배분증권모투자신탁(채권혼합-재간접형)
1038,05N22,한국투자글로벌자산배분증권모투자신탁(채권혼합-재간접형),,,05N25,,05N37,한국투자TIF알아서평생소득증권자투자신탁(채권혼합-재간접형)(C-Re),05N22,05N25,05N37,X,X,X,05N22,한국투자글로벌자산배분증권모투자신탁(채권혼합-재간접형)
1039,05N22,한국투자글로벌자산배분증권모투자신탁(채권혼합-재간접형),,,05N25,,05N40,한국투자TIF알아서평생소득증권자투자신탁(채권혼합-재간접형)(S),05N22,05N25,05N40,X,X,X,05N22,한국투자글로벌자산배분증권모투자신탁(채권혼합-재간접형)
1040,05N22,한국투자글로벌자산배분증권모투자신탁(채권혼합-재간접형),,,05N25,,05N41,한국투자TIF알아서평생소득증권자투자신탁(채권혼합-재간접형)(S-P),05N22,05N25,05N41,X,X,X,05N22,한국투자글로벌자산배분증권모투자신탁(채권혼합-재간접형)
1041,05N22,한국투자글로벌자산배분증권모투자신탁(채권혼합-재간접형),,,05N25,,05Z22,한국투자TIF알아서평생소득증권자투자신탁(채권혼합-재간접형)(S-R),05N22,05N25,05Z22,X,X,X,05N22,한국투자글로벌자산배분증권모투자신탁(채권혼합-재간접형)
1042,05N22,한국투자글로벌자산배분증권모투자신탁(채권혼합-재간접형),,,05N43,한국투자TIF알아서평생소득월지급식증권자투자신탁(채권혼합-재간접형)(모),05N44,한국투자TIF알아서평생소득월지급식증권자투자신탁(채권혼합-재간접형)(A),05N22,05N43,05N44,X,X,X,05N22,한국투자글로벌자산배분증권모투자신탁(채권혼합-재간접형)
1043,05N22,한국투자글로벌자산배분증권모투자신탁(채권혼합-재간접형),,,05N43,,05N45,한국투자TIF알아서평생소득월지급식증권자투자신탁(채권혼합-재간접형)(A-e),05N22,05N43,05N45,X,X,X,05N22,한국투자글로벌자산배분증권모투자신탁(채권혼합-재간접형)
1044,05N22,한국투자글로벌자산배분증권모투자신탁(채권혼합-재간접형),,,05N43,,05N48,한국투자TIF알아서평생소득월지급식증권자투자신탁(채권혼합-재간접형)(C-e),05N22,05N43,05N48,X,X,X,05N22,한국투자글로벌자산배분증권모투자신탁(채권혼합-재간접형)
1045,05N22,한국투자글로벌자산배분증권모투자신탁(채권혼합-재간접형),,,05N43,,05N53,한국투자TIF알아서평생소득월지급식증권자투자신탁(채권혼합-재간접형)(C-Pe),05N22,05N43,05N53,X,X,X,05N22,한국투자글로벌자산배분증권모투자신탁(채권혼합-재간접형)
1046,05N23,한국투자글로벌채권증권모투자신탁(채권-재간접형),공통,100,05N61,한국투자TIF알아서평생소득증권자투자신탁(채권-재간접형)(모),05N62,한국투자TIF알아서평생소득증권자투자신탁(채권-재간접형)(A),05N23,05N61,05N62,X,X,X,05N23,한국투자글로벌채권증권모투자신탁(채권-재간접형)
1047,05N23,한국투자글로벌채권증권모투자신탁(채권-재간접형),,,05N61,,05N63,한국투자TIF알아서평생소득증권자투자신탁(채권-재간접형)(A-e),05N23,05N61,05N63,X,X,X,05N23,한국투자글로벌채권증권모투자신탁(채권-재간접형)
1048,05N23,한국투자글로벌채권증권모투자신탁(채권-재간접형),,,05N61,,05N65,한국투자TIF알아서평생소득증권자투자신탁(채권-재간접형)(C),05N23,05N61,05N65,X,X,X,05N23,한국투자글로벌채권증권모투자신탁(채권-재간접형)
1049,05N23,한국투자글로벌채권증권모투자신탁(채권-재간접형),,,05N61,,05N66,한국투자TIF알아서평생소득증권자투자신탁(채권-재간접형)(C-e),05N23,05N61,05N66,X,X,X,05N23,한국투자글로벌채권증권모투자신탁(채권-재간접형)
1050,05N23,한국투자글로벌채권증권모투자신탁(채권-재간접형),,,05N61,,05N67,한국투자TIF알아서평생소득증권자투자신탁(채권-재간접형)(C-F),05N23,05N61,05N67,X,X,X,05N23,한국투자글로벌채권증권모투자신탁(채권-재간접형)
1051,05N23,한국투자글로벌채권증권모투자신탁(채권-재간접형),,,05N61,,05N70,한국투자TIF알아서평생소득증권자투자신탁(채권-재간접형)(C-P),05N23,05N61,05N70,X,X,X,05N23,한국투자글로벌채권증권모투자신탁(채권-재간접형)
1052,05N23,한국투자글로벌채권증권모투자신탁(채권-재간접형),,,05N61,,05N71,한국투자TIF알아서평생소득증권자투자신탁(채권-재간접형)(C-Pe),05N23,05N61,05N71,X,X,X,05N23,한국투자글로벌채권증권모투자신탁(채권-재간접형)
1053,05N23,한국투자글로벌채권증권모투자신탁(채권-재간접형),,,05N61,,05N72,한국투자TIF알아서평생소득증권자투자신탁(채권-재간접형)(C-R),05N23,05N61,05N72,X,X,X,05N23,한국투자글로벌채권증권모투자신탁(채권-재간접형)
1054,05N23,한국투자글로벌채권증권모투자신탁(채권-재간접형),,,05N61,,05N73,한국투자TIF알아서평생소득증권자투자신탁(채권-재간접형)(C-Re),05N23,05N61,05N73,X,X,X,05N23,한국투자글로벌채권증권모투자신탁(채권-재간접형)
1055,05N23,한국투자글로벌채권증권모투자신탁(채권-재간접형),,,05N61,,05N76,한국투자TIF알아서평생소득증권자투자신탁(채권-재간접형)(S),05N23,05N61,05N76,X,X,X,05N23,한국투자글로벌채권증권모투자신탁(채권-재간접형)
1056,05N23,한국투자글로벌채권증권모투자신탁(채권-재간접형),,,05N61,,05N77,한국투자TIF알아서평생소득증권자투자신탁(채권-재간접형)(S-P),05N23,05N61,05N77,X,X,X,05N23,한국투자글로벌채권증권모투자신탁(채권-재간접형)
1057,05N23,한국투자글로벌채권증권모투자신탁(채권-재간접형),,,05N61,,05Z21,한국투자TIF알아서평생소득증권자투자신탁(채권-재간접형)(S-R),05N23,05N61,05Z21,X,X,X,05N23,한국투자글로벌채권증권모투자신탁(채권-재간접형)
1058,05N23,한국투자글로벌채권증권모투자신탁(채권-재간접형),,,05N79,한국투자TIF알아서평생소득월지급식증권자투자신탁(채권-재간접형)(모),05N80,한국투자TIF알아서평생소득월지급식증권자투자신탁(채권-재간접형)(A),05N23,05N79,05N80,X,X,X,05N23,한국투자글로벌채권증권모투자신탁(채권-재간접형)
1059,05N23,한국투자글로벌채권증권모투자신탁(채권-재간접형),,,05N79,,05N81,한국투자TIF알아서평생소득월지급식증권자투자신탁(채권-재간접형)(A-e),05N23,05N79,05N81,X,X,X,05N23,한국투자글로벌채권증권모투자신탁(채권-재간접형)
1060,05N23,한국투자글로벌채권증권모투자신탁(채권-재간접형),,,05N79,,05N83,한국투자TIF알아서평생소득월지급식증권자투자신탁(채권-재간접형)(C),05N23,05N79,05N83,X,X,X,05N23,한국투자글로벌채권증권모투자신탁(채권-재간접형)
1061,05N23,한국투자글로벌채권증권모투자신탁(채권-재간접형),,,05N79,,05N84,한국투자TIF알아서평생소득월지급식증권자투자신탁(채권-재간접형)(C-e),05N23,05N79,05N84,X,X,X,05N23,한국투자글로벌채권증권모투자신탁(채권-재간접형)
1062,05N23,한국투자글로벌채권증권모투자신탁(채권-재간접형),,,05N79,,05N91,한국투자TIF알아서평생소득월지급식증권자투자신탁(채권-재간접형)(C-Re),05N23,05N79,05N91,X,X,X,05N23,한국투자글로벌채권증권모투자신탁(채권-재간접형)
1063,05Q03,한국투자더블라인미국듀얼가치증권모투자신탁(주식-재간접파생형),설정,97,05Q05,한국투자더블라인미국듀얼가치증권자투자신탁H(주식-재간접파생형)(모),05Q06,한국투자더블라인미국듀얼가치증권자투자신탁H(주식-재간접파생형)(A),05Q03,05Q05,05Q06,X,X,X,05Q03,한국투자더블라인미국듀얼가치증권모투자신탁(주식-재간접파생형)
1064,05Q03,한국투자더블라인미국듀얼가치증권모투자신탁(주식-재간접파생형),,,05Q05,,05Q07,한국투자더블라인미국듀얼가치증권자투자신탁H(주식-재간접파생형)(A-e),05Q03,05Q05,05Q07,X,X,X,05Q03,한국투자더블라인미국듀얼가치증권모투자신탁(주식-재간접파생형)
1065,05Q03,한국투자더블라인미국듀얼가치증권모투자신탁(주식-재간접파생형),,,05Q05,,05Q08,한국투자더블라인미국듀얼가치증권자투자신탁H(주식-재간접파생형)(C),05Q03,05Q05,05Q08,X,X,X,05Q03,한국투자더블라인미국듀얼가치증권모투자신탁(주식-재간접파생형)
1066,05Q03,한국투자더블라인미국듀얼가치증권모투자신탁(주식-재간접파생형),,,05Q05,,05Q09,한국투자더블라인미국듀얼가치증권자투자신탁H(주식-재간접파생형)(C2),05Q03,05Q05,05Q09,X,X,X,05Q03,한국투자더블라인미국듀얼가치증권모투자신탁(주식-재간접파생형)
1067,05Q03,한국투자더블라인미국듀얼가치증권모투자신탁(주식-재간접파생형),,,05Q05,,05Q10,한국투자더블라인미국듀얼가치증권자투자신탁H(주식-재간접파생형)(C3),05Q03,05Q05,05Q10,X,X,X,05Q03,한국투자더블라인미국듀얼가치증권모투자신탁(주식-재간접파생형)
1068,05Q03,한국투자더블라인미국듀얼가치증권모투자신탁(주식-재간접파생형),,,05Q05,,05Q11,한국투자더블라인미국듀얼가치증권자투자신탁H(주식-재간접파생형)(C4),05Q03,05Q05,05Q11,X,X,X,05Q03,한국투자더블라인미국듀얼가치증권모투자신탁(주식-재간접파생형)
1069,05Q03,한국투자더블라인미국듀얼가치증권모투자신탁(주식-재간접파생형),,,05Q05,,05Q12,한국투자더블라인미국듀얼가치증권자투자신탁H(주식-재간접파생형)(C-e),05Q03,05Q05,05Q12,X,X,X,05Q03,한국투자더블라인미국듀얼가치증권모투자신탁(주식-재간접파생형)
1070,05Q03,한국투자더블라인미국듀얼가치증권모투자신탁(주식-재간접파생형),,,05Q05,,05Q13,한국투자더블라인미국듀얼가치증권자투자신탁H(주식-재간접파생형)(C-F),05Q03,05Q05,05Q13,X,X,X,05Q03,한국투자더블라인미국듀얼가치증권모투자신탁(주식-재간접파생형)
1071,05Q03,한국투자더블라인미국듀얼가치증권모투자신탁(주식-재간접파생형),,,05Q05,,05Q14,한국투자더블라인미국듀얼가치증권자투자신탁H(주식-재간접파생형)(C-P),05Q03,05Q05,05Q14,X,X,X,05Q03,한국투자더블라인미국듀얼가치증권모투자신탁(주식-재간접파생형)
1072,05Q03,한국투자더블라인미국듀얼가치증권모투자신탁(주식-재간접파생형),,,05Q05,,05Q15,한국투자더블라인미국듀얼가치증권자투자신탁H(주식-재간접파생형)(C-Pe),05Q03,05Q05,05Q15,X,X,X,05Q03,한국투자더블라인미국듀얼가치증권모투자신탁(주식-재간접파생형)
1073,05Q03,한국투자더블라인미국듀얼가치증권모투자신탁(주식-재간접파생형),,,05Q05,,05Q17,한국투자더블라인미국듀얼가치증권자투자신탁H(주식-재간접파생형)(S),05Q03,05Q05,05Q17,X,X,X,05Q03,한국투자더블라인미국듀얼가치증권모투자신탁(주식-재간접파생형)
1074,05Q03,한국투자더블라인미국듀얼가치증권모투자신탁(주식-재간접파생형),,,05Q05,,05Q18,한국투자더블라인미국듀얼가치증권자투자신탁H(주식-재간접파생형)(S-P),05Q03,05Q05,05Q18,X,X,X,05Q03,한국투자더블라인미국듀얼가치증권모투자신탁(주식-재간접파생형)
1075,05Q03,한국투자더블라인미국듀얼가치증권모투자신탁(주식-재간접파생형),해지,100,05Q05,한국투자더블라인미국듀얼가치증권자투자신탁H(주식-재간접파생형)(모),05Q06,한국투자더블라인미국듀얼가치증권자투자신탁H(주식-재간접파생형)(A),05Q03,05Q05,05Q06,X,X,X,05Q03,한국투자더블라인미국듀얼가치증권모투자신탁(주식-재간접파생형)
1076,05Q03,한국투자더블라인미국듀얼가치증권모투자신탁(주식-재간접파생형),,,05Q05,,05Q07,한국투자더블라인미국듀얼가치증권자투자신탁H(주식-재간접파생형)(A-e),05Q03,05Q05,05Q07,X,X,X,05Q03,한국투자더블라인미국듀얼가치증권모투자신탁(주식-재간접파생형)
1077,05Q03,한국투자더블라인미국듀얼가치증권모투자신탁(주식-재간접파생형),,,05Q05,,05Q08,한국투자더블라인미국듀얼가치증권자투자신탁H(주식-재간접파생형)(C),05Q03,05Q05,05Q08,X,X,X,05Q03,한국투자더블라인미국듀얼가치증권모투자신탁(주식-재간접파생형)
1078,05Q03,한국투자더블라인미국듀얼가치증권모투자신탁(주식-재간접파생형),,,05Q05,,05Q09,한국투자더블라인미국듀얼가치증권자투자신탁H(주식-재간접파생형)(C2),05Q03,05Q05,05Q09,X,X,X,05Q03,한국투자더블라인미국듀얼가치증권모투자신탁(주식-재간접파생형)
1079,05Q03,한국투자더블라인미국듀얼가치증권모투자신탁(주식-재간접파생형),,,05Q05,,05Q10,한국투자더블라인미국듀얼가치증권자투자신탁H(주식-재간접파생형)(C3),05Q03,05Q05,05Q10,X,X,X,05Q03,한국투자더블라인미국듀얼가치증권모투자신탁(주식-재간접파생형)
1080,05Q03,한국투자더블라인미국듀얼가치증권모투자신탁(주식-재간접파생형),,,05Q05,,05Q11,한국투자더블라인미국듀얼가치증권자투자신탁H(주식-재간접파생형)(C4),05Q03,05Q05,05Q11,X,X,X,05Q03,한국투자더블라인미국듀얼가치증권모투자신탁(주식-재간접파생형)
1081,05Q03,한국투자더블라인미국듀얼가치증권모투자신탁(주식-재간접파생형),,,05Q05,,05Q12,한국투자더블라인미국듀얼가치증권자투자신탁H(주식-재간접파생형)(C-e),05Q03,05Q05,05Q12,X,X,X,05Q03,한국투자더블라인미국듀얼가치증권모투자신탁(주식-재간접파생형)
1082,05Q03,한국투자더블라인미국듀얼가치증권모투자신탁(주식-재간접파생형),,,05Q05,,05Q13,한국투자더블라인미국듀얼가치증권자투자신탁H(주식-재간접파생형)(C-F),05Q03,05Q05,05Q13,X,X,X,05Q03,한국투자더블라인미국듀얼가치증권모투자신탁(주식-재간접파생형)
1083,05Q03,한국투자더블라인미국듀얼가치증권모투자신탁(주식-재간접파생형),,,05Q05,,05Q14,한국투자더블라인미국듀얼가치증권자투자신탁H(주식-재간접파생형)(C-P),05Q03,05Q05,05Q14,X,X,X,05Q03,한국투자더블라인미국듀얼가치증권모투자신탁(주식-재간접파생형)
1084,05Q03,한국투자더블라인미국듀얼가치증권모투자신탁(주식-재간접파생형),,,05Q05,,05Q15,한국투자더블라인미국듀얼가치증권자투자신탁H(주식-재간접파생형)(C-Pe),05Q03,05Q05,05Q15,X,X,X,05Q03,한국투자더블라인미국듀얼가치증권모투자신탁(주식-재간접파생형)
1085,05Q03,한국투자더블라인미국듀얼가치증권모투자신탁(주식-재간접파생형),,,05Q05,,05Q17,한국투자더블라인미국듀얼가치증권자투자신탁H(주식-재간접파생형)(S),05Q03,05Q05,05Q17,X,X,X,05Q03,한국투자더블라인미국듀얼가치증권모투자신탁(주식-재간접파생형)
1086,05Q03,한국투자더블라인미국듀얼가치증권모투자신탁(주식-재간접파생형),,,05Q05,,05Q18,한국투자더블라인미국듀얼가치증권자투자신탁H(주식-재간접파생형)(S-P),05Q03,05Q05,05Q18,X,X,X,05Q03,한국투자더블라인미국듀얼가치증권모투자신탁(주식-재간접파생형)
1087,05Q03,한국투자더블라인미국듀얼가치증권모투자신탁(주식-재간접파생형),설정,99,05Q22,한국투자더블라인미국듀얼가치증권자투자신탁UH(주식-재간접파생형)(모),05Q23,한국투자더블라인미국듀얼가치증권자투자신탁UH(주식-재간접파생형)(A),05Q03,05Q22,05Q23,X,X,X,05Q03,한국투자더블라인미국듀얼가치증권모투자신탁(주식-재간접파생형)
1088,05Q03,한국투자더블라인미국듀얼가치증권모투자신탁(주식-재간접파생형),,,05Q22,,05Q24,한국투자더블라인미국듀얼가치증권자투자신탁UH(주식-재간접파생형)(A-e),05Q03,05Q22,05Q24,X,X,X,05Q03,한국투자더블라인미국듀얼가치증권모투자신탁(주식-재간접파생형)
1089,05Q03,한국투자더블라인미국듀얼가치증권모투자신탁(주식-재간접파생형),,,05Q22,,05Q25,한국투자더블라인미국듀얼가치증권자투자신탁UH(주식-재간접파생형)(C),05Q03,05Q22,05Q25,X,X,X,05Q03,한국투자더블라인미국듀얼가치증권모투자신탁(주식-재간접파생형)
1090,05Q03,한국투자더블라인미국듀얼가치증권모투자신탁(주식-재간접파생형),,,05Q22,,05Q26,한국투자더블라인미국듀얼가치증권자투자신탁UH(주식-재간접파생형)(C2),05Q03,05Q22,05Q26,X,X,X,05Q03,한국투자더블라인미국듀얼가치증권모투자신탁(주식-재간접파생형)
1091,05Q03,한국투자더블라인미국듀얼가치증권모투자신탁(주식-재간접파생형),,,05Q22,,05Q27,한국투자더블라인미국듀얼가치증권자투자신탁UH(주식-재간접파생형)(C3),05Q03,05Q22,05Q27,X,X,X,05Q03,한국투자더블라인미국듀얼가치증권모투자신탁(주식-재간접파생형)
1092,05Q03,한국투자더블라인미국듀얼가치증권모투자신탁(주식-재간접파생형),,,05Q22,,05Q28,한국투자더블라인미국듀얼가치증권자투자신탁UH(주식-재간접파생형)(C4),05Q03,05Q22,05Q28,X,X,X,05Q03,한국투자더블라인미국듀얼가치증권모투자신탁(주식-재간접파생형)
1093,05Q03,한국투자더블라인미국듀얼가치증권모투자신탁(주식-재간접파생형),,,05Q22,,05Q29,한국투자더블라인미국듀얼가치증권자투자신탁UH(주식-재간접파생형)(C-e),05Q03,05Q22,05Q29,X,X,X,05Q03,한국투자더블라인미국듀얼가치증권모투자신탁(주식-재간접파생형)
1094,05Q03,한국투자더블라인미국듀얼가치증권모투자신탁(주식-재간접파생형),,,05Q22,,05Q30,한국투자더블라인미국듀얼가치증권자투자신탁UH(주식-재간접파생형)(C-F),05Q03,05Q22,05Q30,X,X,X,05Q03,한국투자더블라인미국듀얼가치증권모투자신탁(주식-재간접파생형)
1095,05Q03,한국투자더블라인미국듀얼가치증권모투자신탁(주식-재간접파생형),,,05Q22,,05Q31,한국투자더블라인미국듀얼가치증권자투자신탁UH(주식-재간접파생형)(C-P),05Q03,05Q22,05Q31,X,X,X,05Q03,한국투자더블라인미국듀얼가치증권모투자신탁(주식-재간접파생형)
1096,05Q03,한국투자더블라인미국듀얼가치증권모투자신탁(주식-재간접파생형),,,05Q22,,05Q32,한국투자더블라인미국듀얼가치증권자투자신탁UH(주식-재간접파생형)(C-Pe),05Q03,05Q22,05Q32,X,X,X,05Q03,한국투자더블라인미국듀얼가치증권모투자신탁(주식-재간접파생형)
1097,05Q03,한국투자더블라인미국듀얼가치증권모투자신탁(주식-재간접파생형),,,05Q22,,05Q34,한국투자더블라인미국듀얼가치증권자투자신탁UH(주식-재간접파생형)(S),05Q03,05Q22,05Q34,X,X,X,05Q03,한국투자더블라인미국듀얼가치증권모투자신탁(주식-재간접파생형)
1098,05Q03,한국투자더블라인미국듀얼가치증권모투자신탁(주식-재간접파생형),,,05Q22,,05Q35,한국투자더블라인미국듀얼가치증권자투자신탁UH(주식-재간접파생형)(S-P),05Q03,05Q22,05Q35,X,X,X,05Q03,한국투자더블라인미국듀얼가치증권모투자신탁(주식-재간접파생형)
1099,05Q03,한국투자더블라인미국듀얼가치증권모투자신탁(주식-재간접파생형),해지,100,05Q22,한국투자더블라인미국듀얼가치증권자투자신탁UH(주식-재간접파생형)(모),05Q23,한국투자더블라인미국듀얼가치증권자투자신탁UH(주식-재간접파생형)(A),05Q03,05Q22,05Q23,X,X,X,05Q03,한국투자더블라인미국듀얼가치증권모투자신탁(주식-재간접파생형)
1100,05Q03,한국투자더블라인미국듀얼가치증권모투자신탁(주식-재간접파생형),,,05Q22,,05Q24,한국투자더블라인미국듀얼가치증권자투자신탁UH(주식-재간접파생형)(A-e),05Q03,05Q22,05Q24,X,X,X,05Q03,한국투자더블라인미국듀얼가치증권모투자신탁(주식-재간접파생형)
1101,05Q03,한국투자더블라인미국듀얼가치증권모투자신탁(주식-재간접파생형),,,05Q22,,05Q25,한국투자더블라인미국듀얼가치증권자투자신탁UH(주식-재간접파생형)(C),05Q03,05Q22,05Q25,X,X,X,05Q03,한국투자더블라인미국듀얼가치증권모투자신탁(주식-재간접파생형)
1102,05Q03,한국투자더블라인미국듀얼가치증권모투자신탁(주식-재간접파생형),,,05Q22,,05Q26,한국투자더블라인미국듀얼가치증권자투자신탁UH(주식-재간접파생형)(C2),05Q03,05Q22,05Q26,X,X,X,05Q03,한국투자더블라인미국듀얼가치증권모투자신탁(주식-재간접파생형)
1103,05Q03,한국투자더블라인미국듀얼가치증권모투자신탁(주식-재간접파생형),,,05Q22,,05Q27,한국투자더블라인미국듀얼가치증권자투자신탁UH(주식-재간접파생형)(C3),05Q03,05Q22,05Q27,X,X,X,05Q03,한국투자더블라인미국듀얼가치증권모투자신탁(주식-재간접파생형)
1104,05Q03,한국투자더블라인미국듀얼가치증권모투자신탁(주식-재간접파생형),,,05Q22,,05Q28,한국투자더블라인미국듀얼가치증권자투자신탁UH(주식-재간접파생형)(C4),05Q03,05Q22,05Q28,X,X,X,05Q03,한국투자더블라인미국듀얼가치증권모투자신탁(주식-재간접파생형)
1105,05Q03,한국투자더블라인미국듀얼가치증권모투자신탁(주식-재간접파생형),,,05Q22,,05Q29,한국투자더블라인미국듀얼가치증권자투자신탁UH(주식-재간접파생형)(C-e),05Q03,05Q22,05Q29,X,X,X,05Q03,한국투자더블라인미국듀얼가치증권모투자신탁(주식-재간접파생형)
1106,05Q03,한국투자더블라인미국듀얼가치증권모투자신탁(주식-재간접파생형),,,05Q22,,05Q30,한국투자더블라인미국듀얼가치증권자투자신탁UH(주식-재간접파생형)(C-F),05Q03,05Q22,05Q30,X,X,X,05Q03,한국투자더블라인미국듀얼가치증권모투자신탁(주식-재간접파생형)
1107,05Q03,한국투자더블라인미국듀얼가치증권모투자신탁(주식-재간접파생형),,,05Q22,,05Q31,한국투자더블라인미국듀얼가치증권자투자신탁UH(주식-재간접파생형)(C-P),05Q03,05Q22,05Q31,X,X,X,05Q03,한국투자더블라인미국듀얼가치증권모투자신탁(주식-재간접파생형)
1108,05Q03,한국투자더블라인미국듀얼가치증권모투자신탁(주식-재간접파생형),,,05Q22,,05Q32,한국투자더블라인미국듀얼가치증권자투자신탁UH(주식-재간접파생형)(C-Pe),05Q03,05Q22,05Q32,X,X,X,05Q03,한국투자더블라인미국듀얼가치증권모투자신탁(주식-재간접파생형)
1109,05Q03,한국투자더블라인미국듀얼가치증권모투자신탁(주식-재간접파생형),,,05Q22,,05Q34,한국투자더블라인미국듀얼가치증권자투자신탁UH(주식-재간접파생형)(S),05Q03,05Q22,05Q34,X,X,X,05Q03,한국투자더블라인미국듀얼가치증권모투자신탁(주식-재간접파생형)
1110,05Q03,한국투자더블라인미국듀얼가치증권모투자신탁(주식-재간접파생형),,,05Q22,,05Q35,한국투자더블라인미국듀얼가치증권자투자신탁UH(주식-재간접파생형)(S-P),05Q03,05Q22,05Q35,X,X,X,05Q03,한국투자더블라인미국듀얼가치증권모투자신탁(주식-재간접파생형)
1111,05V20,한국투자티로프라이스글로벌본드증권모투자신탁(채권-재간접형),공통,0,05V22,한국투자티로프라이스글로벌본드증권자투자신탁H(채권-재간접형)(모),05V23,한국투자티로프라이스글로벌본드증권자투자신탁H(채권-재간접형)(A),05V20,05V22,05V23,X,X,X,05V20,한국투자티로프라이스글로벌본드증권모투자신탁(채권-재간접형)
1112,05V20,한국투자티로프라이스글로벌본드증권모투자신탁(채권-재간접형),,,05V22,,05V24,한국투자티로프라이스글로벌본드증권자투자신탁H(채권-재간접형)(A-e),05V20,05V22,05V24,X,X,X,05V20,한국투자티로프라이스글로벌본드증권모투자신탁(채권-재간접형)
1113,05V20,한국투자티로프라이스글로벌본드증권모투자신탁(채권-재간접형),,,05V22,,05V26,한국투자티로프라이스글로벌본드증권자투자신탁H(채권-재간접형)(C),05V20,05V22,05V26,X,X,X,05V20,한국투자티로프라이스글로벌본드증권모투자신탁(채권-재간접형)
1114,05V20,한국투자티로프라이스글로벌본드증권모투자신탁(채권-재간접형),,,05V22,,05V27,한국투자티로프라이스글로벌본드증권자투자신탁H(채권-재간접형)(C-e),05V20,05V22,05V27,X,X,X,05V20,한국투자티로프라이스글로벌본드증권모투자신탁(채권-재간접형)
1115,05V20,한국투자티로프라이스글로벌본드증권모투자신탁(채권-재간접형),,,05V22,,05V28,한국투자티로프라이스글로벌본드증권자투자신탁H(채권-재간접형)(C-F),05V20,05V22,05V28,X,X,X,05V20,한국투자티로프라이스글로벌본드증권모투자신탁(채권-재간접형)
1116,05V20,한국투자티로프라이스글로벌본드증권모투자신탁(채권-재간접형),,,05V22,,05V30,한국투자티로프라이스글로벌본드증권자투자신탁H(채권-재간접형)(C-P),05V20,05V22,05V30,X,X,X,05V20,한국투자티로프라이스글로벌본드증권모투자신탁(채권-재간접형)
1117,05V20,한국투자티로프라이스글로벌본드증권모투자신탁(채권-재간접형),,,05V22,,05V31,한국투자티로프라이스글로벌본드증권자투자신탁H(채권-재간접형)(C-Pe),05V20,05V22,05V31,X,X,X,05V20,한국투자티로프라이스글로벌본드증권모투자신탁(채권-재간접형)
1118,05V20,한국투자티로프라이스글로벌본드증권모투자신탁(채권-재간접형),,,05V22,,05V32,한국투자티로프라이스글로벌본드증권자투자신탁H(채권-재간접형)(C-R),05V20,05V22,05V32,X,X,X,05V20,한국투자티로프라이스글로벌본드증권모투자신탁(채권-재간접형)
1119,05V20,한국투자티로프라이스글로벌본드증권모투자신탁(채권-재간접형),,,05V22,,05V33,한국투자티로프라이스글로벌본드증권자투자신탁H(채권-재간접형)(C-Re),05V20,05V22,05V33,X,X,X,05V20,한국투자티로프라이스글로벌본드증권모투자신탁(채권-재간접형)
1120,05V20,한국투자티로프라이스글로벌본드증권모투자신탁(채권-재간접형),,,05V38,한국투자티로프라이스글로벌본드증권자투자신탁UH(채권-재간접형)(모),05V39,한국투자티로프라이스글로벌본드증권자투자신탁UH(채권-재간접형)(A),05V20,05V38,05V39,X,X,X,05V20,한국투자티로프라이스글로벌본드증권모투자신탁(채권-재간접형)
1121,05V20,한국투자티로프라이스글로벌본드증권모투자신탁(채권-재간접형),,,05V38,,05V40,한국투자티로프라이스글로벌본드증권자투자신탁UH(채권-재간접형)(A-e),05V20,05V38,05V40,X,X,X,05V20,한국투자티로프라이스글로벌본드증권모투자신탁(채권-재간접형)
1122,05V20,한국투자티로프라이스글로벌본드증권모투자신탁(채권-재간접형),,,05V38,,05V42,한국투자티로프라이스글로벌본드증권자투자신탁UH(채권-재간접형)(C),05V20,05V38,05V42,X,X,X,05V20,한국투자티로프라이스글로벌본드증권모투자신탁(채권-재간접형)
1123,05V20,한국투자티로프라이스글로벌본드증권모투자신탁(채권-재간접형),,,05V38,,05V43,한국투자티로프라이스글로벌본드증권자투자신탁UH(채권-재간접형)(C-e),05V20,05V38,05V43,X,X,X,05V20,한국투자티로프라이스글로벌본드증권모투자신탁(채권-재간접형)
1124,05V20,한국투자티로프라이스글로벌본드증권모투자신탁(채권-재간접형),,,05V38,,05V44,한국투자티로프라이스글로벌본드증권자투자신탁UH(채권-재간접형)(C-F),05V20,05V38,05V44,X,X,X,05V20,한국투자티로프라이스글로벌본드증권모투자신탁(채권-재간접형)
1125,05V20,한국투자티로프라이스글로벌본드증권모투자신탁(채권-재간접형),,,05V38,,05V48,한국투자티로프라이스글로벌본드증권자투자신탁UH(채권-재간접형)(C-R),05V20,05V38,05V48,X,X,X,05V20,한국투자티로프라이스글로벌본드증권모투자신탁(채권-재간접형)
1126,05V20,한국투자티로프라이스글로벌본드증권모투자신탁(채권-재간접형),,,05V38,,05V49,한국투자티로프라이스글로벌본드증권자투자신탁UH(채권-재간접형)(C-Re),05V20,05V38,05V49,X,X,X,05V20,한국투자티로프라이스글로벌본드증권모투자신탁(채권-재간접형)
1127,05V92,한국투자리치웨이증권모투자신탁(주식),공통,44,05V94,한국투자리치웨이증권자투자신탁(채권혼합-재간접형)(모),05W01,한국투자리치웨이증권자투자신탁(채권혼합-재간접형)(C-F),05V92,05V94,05W01,X,X,X,05V92,한국투자리치웨이증권모투자신탁(주식)
1128,05W05,한국투자아시아플러스ex-China증권모투자신탁(채권),공통,60,05W07,한국투자아시아플러스증권자투자신탁(채권)(모),05W08,한국투자아시아플러스증권자투자신탁(채권)(A),05W05,05W07,05W08,X,X,X,05W05,한국투자아시아플러스ex-China증권모투자신탁(채권)
1129,05W05,한국투자아시아플러스ex-China증권모투자신탁(채권),,,05W07,,05W10,한국투자아시아플러스증권자투자신탁(채권)(A-e),05W05,05W07,05W10,X,X,X,05W05,한국투자아시아플러스ex-China증권모투자신탁(채권)
1130,05W05,한국투자아시아플러스ex-China증권모투자신탁(채권),,,05W07,,05W11,한국투자아시아플러스증권자투자신탁(채권)(C),05W05,05W07,05W11,X,X,X,05W05,한국투자아시아플러스ex-China증권모투자신탁(채권)
1131,05W05,한국투자아시아플러스ex-China증권모투자신탁(채권),,,05W07,,05W12,한국투자아시아플러스증권자투자신탁(채권)(C-F),05W05,05W07,05W12,X,X,X,05W05,한국투자아시아플러스ex-China증권모투자신탁(채권)
1132,05W05,한국투자아시아플러스ex-China증권모투자신탁(채권),,,05W07,,05W18,한국투자아시아플러스증권자투자신탁(채권)(C-W),05W05,05W07,05W18,X,X,X,05W05,한국투자아시아플러스ex-China증권모투자신탁(채권)
1133,05W05,한국투자아시아플러스ex-China증권모투자신탁(채권),,,05W07,,05W19,한국투자아시아플러스증권자투자신탁(채권)(C-e),05W05,05W07,05W19,X,X,X,05W05,한국투자아시아플러스ex-China증권모투자신탁(채권)
1134,05W22,한국투자적격TDF알아서2050증권모투자신탁(주식혼합-재간접형),공통,100,05W24,한국투자적격TDF알아서2050증권자투자신탁H(주식혼합-재간접형)(모),05W25,한국투자적격TDF알아서2050증권자투자신탁H(주식혼합-재간접형)(A),05W22,05W24,05W25,X,X,X,05W22,한국투자적격TDF알아서2050증권모투자신탁(주식혼합-재간접형)
1135,05W22,한국투자적격TDF알아서2050증권모투자신탁(주식혼합-재간접형),,,05W24,,05W26,한국투자적격TDF알아서2050증권자투자신탁H(주식혼합-재간접형)(A-e),05W22,05W24,05W26,X,X,X,05W22,한국투자적격TDF알아서2050증권모투자신탁(주식혼합-재간접형)
1136,05W22,한국투자적격TDF알아서2050증권모투자신탁(주식혼합-재간접형),,,05W24,,05W28,한국투자적격TDF알아서2050증권자투자신탁H(주식혼합-재간접형)(C),05W22,05W24,05W28,X,X,X,05W22,한국투자적격TDF알아서2050증권모투자신탁(주식혼합-재간접형)
1137,05W22,한국투자적격TDF알아서2050증권모투자신탁(주식혼합-재간접형),,,05W24,,05W29,한국투자적격TDF알아서2050증권자투자신탁H(주식혼합-재간접형)(C-e),05W22,05W24,05W29,X,X,X,05W22,한국투자적격TDF알아서2050증권모투자신탁(주식혼합-재간접형)
1138,05W22,한국투자적격TDF알아서2050증권모투자신탁(주식혼합-재간접형),,,05W24,,05W30,한국투자적격TDF알아서2050증권자투자신탁H(주식혼합-재간접형)(C-F),05W22,05W24,05W30,X,X,X,05W22,한국투자적격TDF알아서2050증권모투자신탁(주식혼합-재간접형)
1139,05W22,한국투자적격TDF알아서2050증권모투자신탁(주식혼합-재간접형),,,05W24,,05W32,한국투자적격TDF알아서2050증권자투자신탁H(주식혼합-재간접형)(C-P),05W22,05W24,05W32,X,X,X,05W22,한국투자적격TDF알아서2050증권모투자신탁(주식혼합-재간접형)
1140,05W22,한국투자적격TDF알아서2050증권모투자신탁(주식혼합-재간접형),,,05W24,,05W33,한국투자적격TDF알아서2050증권자투자신탁H(주식혼합-재간접형)(C-Pe),05W22,05W24,05W33,X,X,X,05W22,한국투자적격TDF알아서2050증권모투자신탁(주식혼합-재간접형)
1141,05W22,한국투자적격TDF알아서2050증권모투자신탁(주식혼합-재간접형),,,05W24,,05W34,한국투자적격TDF알아서2050증권자투자신탁H(주식혼합-재간접형)(C-R),05W22,05W24,05W34,X,X,X,05W22,한국투자적격TDF알아서2050증권모투자신탁(주식혼합-재간접형)
1142,05W22,한국투자적격TDF알아서2050증권모투자신탁(주식혼합-재간접형),,,05W24,,05W35,한국투자적격TDF알아서2050증권자투자신탁H(주식혼합-재간접형)(C-Re),05W22,05W24,05W35,X,X,X,05W22,한국투자적격TDF알아서2050증권모투자신탁(주식혼합-재간접형)
1143,05W22,한국투자적격TDF알아서2050증권모투자신탁(주식혼합-재간접형),,,05W24,,05Z04,한국투자적격TDF알아서2050증권자투자신탁H(주식혼합-재간접형)(S-R),05W22,05W24,05Z04,X,X,X,05W22,한국투자적격TDF알아서2050증권모투자신탁(주식혼합-재간접형)
1144,05W22,한국투자적격TDF알아서2050증권모투자신탁(주식혼합-재간접형),,,05W41,한국투자적격TDF알아서2050증권자투자신탁UH(주식혼합-재간접형)(모),05W42,한국투자적격TDF알아서2050증권자투자신탁UH(주식혼합-재간접형)(A),05W22,05W41,05W42,X,X,X,05W22,한국투자적격TDF알아서2050증권모투자신탁(주식혼합-재간접형)
1145,05W22,한국투자적격TDF알아서2050증권모투자신탁(주식혼합-재간접형),,,05W41,,05W43,한국투자적격TDF알아서2050증권자투자신탁UH(주식혼합-재간접형)(A-e),05W22,05W41,05W43,X,X,X,05W22,한국투자적격TDF알아서2050증권모투자신탁(주식혼합-재간접형)
1146,05W22,한국투자적격TDF알아서2050증권모투자신탁(주식혼합-재간접형),,,05W41,,05W45,한국투자적격TDF알아서2050증권자투자신탁UH(주식혼합-재간접형)(C),05W22,05W41,05W45,X,X,X,05W22,한국투자적격TDF알아서2050증권모투자신탁(주식혼합-재간접형)
1147,05W22,한국투자적격TDF알아서2050증권모투자신탁(주식혼합-재간접형),,,05W41,,05W46,한국투자적격TDF알아서2050증권자투자신탁UH(주식혼합-재간접형)(C-e),05W22,05W41,05W46,X,X,X,05W22,한국투자적격TDF알아서2050증권모투자신탁(주식혼합-재간접형)
1148,05W22,한국투자적격TDF알아서2050증권모투자신탁(주식혼합-재간접형),,,05W41,,05W47,한국투자적격TDF알아서2050증권자투자신탁UH(주식혼합-재간접형)(C-F),05W22,05W41,05W47,X,X,X,05W22,한국투자적격TDF알아서2050증권모투자신탁(주식혼합-재간접형)
1149,05W22,한국투자적격TDF알아서2050증권모투자신탁(주식혼합-재간접형),,,05W41,,05W49,한국투자적격TDF알아서2050증권자투자신탁UH(주식혼합-재간접형)(C-P),05W22,05W41,05W49,X,X,X,05W22,한국투자적격TDF알아서2050증권모투자신탁(주식혼합-재간접형)
1150,05W22,한국투자적격TDF알아서2050증권모투자신탁(주식혼합-재간접형),,,05W41,,05W50,한국투자적격TDF알아서2050증권자투자신탁UH(주식혼합-재간접형)(C-Pe),05W22,05W41,05W50,X,X,X,05W22,한국투자적격TDF알아서2050증권모투자신탁(주식혼합-재간접형)
1151,05W22,한국투자적격TDF알아서2050증권모투자신탁(주식혼합-재간접형),,,05W41,,05W51,한국투자적격TDF알아서2050증권자투자신탁UH(주식혼합-재간접형)(C-R),05W22,05W41,05W51,X,X,X,05W22,한국투자적격TDF알아서2050증권모투자신탁(주식혼합-재간접형)
1152,05W22,한국투자적격TDF알아서2050증권모투자신탁(주식혼합-재간접형),,,05W41,,05W52,한국투자적격TDF알아서2050증권자투자신탁UH(주식혼합-재간접형)(C-Re),05W22,05W41,05W52,X,X,X,05W22,한국투자적격TDF알아서2050증권모투자신탁(주식혼합-재간접형)
1153,05W22,한국투자적격TDF알아서2050증권모투자신탁(주식혼합-재간접형),,,05W41,,05Z05,한국투자적격TDF알아서2050증권자투자신탁UH(주식혼합-재간접형)(S-R),05W22,05W41,05Z05,X,X,X,05W22,한국투자적격TDF알아서2050증권모투자신탁(주식혼합-재간접형)
1154,05W22,한국투자적격TDF알아서2050증권모투자신탁(주식혼합-재간접형),,,05W41,,07J59,한국투자적격TDF알아서2050증권자투자신탁UH(주식혼합-재간접형)(O),05W22,05W41,07J59,X,X,X,05W22,한국투자적격TDF알아서2050증권모투자신탁(주식혼합-재간접형)
1155,05W22,한국투자적격TDF알아서2050증권모투자신탁(주식혼합-재간접형),,,07A77,한국투자신종개인연금적격TDF알아서2050증권전환형자투자신탁H(주식혼합-재간접형)(모),07A78,한국투자신종개인연금적격TDF알아서2050증권전환형자투자신탁H(주식혼합-재간접형)(C),05W22,07A77,07A78,X,X,X,05W22,한국투자적격TDF알아서2050증권모투자신탁(주식혼합-재간접형)
1156,05W22,한국투자적격TDF알아서2050증권모투자신탁(주식혼합-재간접형),,,07A77,,07A79,한국투자신종개인연금적격TDF알아서2050증권전환형자투자신탁H(주식혼합-재간접형)(C-e),05W22,07A77,07A79,X,X,X,05W22,한국투자적격TDF알아서2050증권모투자신탁(주식혼합-재간접형)
1157,05X02,한국투자레그메이슨미국중소형주증권모투자신탁(주식-재간접형),공통,100,04X94,한국투자레그메이슨미국중소형주증권자투자신탁H(주식-재간접형)(모),04X95,한국투자레그메이슨미국중소형주증권자투자신탁H(주식-재간접형)(A),05X02,04X94,04X95,X,X,X,05X02,한국투자레그메이슨미국중소형주증권모투자신탁(주식-재간접형)
1158,05X02,한국투자레그메이슨미국중소형주증권모투자신탁(주식-재간접형),,,04X94,,04X96,한국투자레그메이슨미국중소형주증권자투자신탁H(주식-재간접형)(C),05X02,04X94,04X96,X,X,X,05X02,한국투자레그메이슨미국중소형주증권모투자신탁(주식-재간접형)
1159,05X02,한국투자레그메이슨미국중소형주증권모투자신탁(주식-재간접형),,,04X94,,05H16,한국투자레그메이슨미국중소형주증권자투자신탁H(주식-재간접형)(A-e),05X02,04X94,05H16,X,X,X,05X02,한국투자레그메이슨미국중소형주증권모투자신탁(주식-재간접형)
1160,05X02,한국투자레그메이슨미국중소형주증권모투자신탁(주식-재간접형),,,04X94,,05X32,한국투자레그메이슨미국중소형주증권자투자신탁H(주식-재간접형)(C-e),05X02,04X94,05X32,X,X,X,05X02,한국투자레그메이슨미국중소형주증권모투자신탁(주식-재간접형)
1161,05X02,한국투자레그메이슨미국중소형주증권모투자신탁(주식-재간접형),,,04X94,,09D67,한국투자레그메이슨미국중소형주증권자투자신탁H(주식-재간접형)(S),05X02,04X94,09D67,X,X,X,05X02,한국투자레그메이슨미국중소형주증권모투자신탁(주식-재간접형)
1162,05X02,한국투자레그메이슨미국중소형주증권모투자신탁(주식-재간접형),,,05H13,한국투자신종개인연금레그메이슨미국중소형주증권전환형자투자신탁H(주식-재간접형),,,05X02,05H13,,X,X,X,05X02,한국투자레그메이슨미국중소형주증권모투자신탁(주식-재간접형)
1163,05X12,한국투자시니어론플러스특별자산모투자신탁(대출채권-재간접형),공통,100,05X14,한국투자시니어론플러스특별자산자투자신탁H(대출채권-재간접형)(모),05X15,한국투자시니어론플러스특별자산자투자신탁H(대출채권-재간접형)(A),05X12,05X14,05X15,X,X,X,05X12,한국투자시니어론플러스특별자산모투자신탁(대출채권-재간접형)
1164,05X70,한국투자베트남그로스증권모투자신탁(주식),공통,36,05A34,한국투자퇴직연금베트남그로스40증권자투자신탁(채권혼합)(모),05A36,한국투자퇴직연금베트남그로스40증권자투자신탁(채권혼합)(C),05X70,05A34,05A36,X,X,X,05X70,한국투자베트남그로스증권모투자신탁(주식)
1165,05X70,한국투자베트남그로스증권모투자신탁(주식),,,05A34,,05M31,한국투자퇴직연금베트남그로스40증권자투자신탁(채권혼합)(C-e),05X70,05A34,05M31,X,X,X,05X70,한국투자베트남그로스증권모투자신탁(주식)
1166,05X70,한국투자베트남그로스증권모투자신탁(주식),,,05A34,,05Z18,한국투자퇴직연금베트남그로스40증권자투자신탁(채권혼합)(S-R),05X70,05A34,05Z18,X,X,X,05X70,한국투자베트남그로스증권모투자신탁(주식)
1167,05X70,한국투자베트남그로스증권모투자신탁(주식),,98,05A39,한국투자연금베트남그로스증권자투자신탁(주식)(모),05A41,한국투자연금베트남그로스증권자투자신탁(주식)(C-R),05X70,05A39,05A41,X,X,X,05X70,한국투자베트남그로스증권모투자신탁(주식)
1168,05X70,한국투자베트남그로스증권모투자신탁(주식),,,05A39,,05B10,한국투자연금베트남그로스증권자투자신탁(주식)(C),05X70,05A39,05B10,X,X,X,05X70,한국투자베트남그로스증권모투자신탁(주식)
1169,05X70,한국투자베트남그로스증권모투자신탁(주식),,,05A39,,05B12,한국투자연금베트남그로스증권자투자신탁(주식)(C-e),05X70,05A39,05B12,X,X,X,05X70,한국투자베트남그로스증권모투자신탁(주식)
1170,05X70,한국투자베트남그로스증권모투자신탁(주식),,,05A39,,05B13,한국투자연금베트남그로스증권자투자신탁(주식)(S-P),05X70,05A39,05B13,X,X,X,05X70,한국투자베트남그로스증권모투자신탁(주식)
1171,05X70,한국투자베트남그로스증권모투자신탁(주식),,,05A39,,05K60,한국투자연금베트남그로스증권자투자신탁(주식)(C-Re),05X70,05A39,05K60,X,X,X,05X70,한국투자베트남그로스증권모투자신탁(주식)
1172,05X70,한국투자베트남그로스증권모투자신탁(주식),,,05A39,,05Z06,한국투자연금베트남그로스증권자투자신탁(주식)(S-R),05X70,05A39,05Z06,X,X,X,05X70,한국투자베트남그로스증권모투자신탁(주식)
1173,05X70,한국투자베트남그로스증권모투자신탁(주식),,100,05X72,한국투자베트남그로스증권자투자신탁(주식)(모),05B17,한국투자베트남그로스증권자투자신탁(주식)(C-I),05X70,05X72,05B17,X,X,X,05X70,한국투자베트남그로스증권모투자신탁(주식)
1174,05X70,한국투자베트남그로스증권모투자신탁(주식),,,05X72,,05G40,한국투자베트남그로스증권자투자신탁(주식)(A-G),05X70,05X72,05G40,X,X,X,05X70,한국투자베트남그로스증권모투자신탁(주식)
1175,05X70,한국투자베트남그로스증권모투자신탁(주식),,,05X72,,05G41,한국투자베트남그로스증권자투자신탁(주식)(C-G),05X70,05X72,05G41,X,X,X,05X70,한국투자베트남그로스증권모투자신탁(주식)
1176,05X70,한국투자베트남그로스증권모투자신탁(주식),,,05X72,,05X73,한국투자베트남그로스증권자투자신탁(주식)(A),05X70,05X72,05X73,X,X,X,05X70,한국투자베트남그로스증권모투자신탁(주식)
1177,05X70,한국투자베트남그로스증권모투자신탁(주식),,,05X72,,05X74,한국투자베트남그로스증권자투자신탁(주식)(A-e),05X70,05X72,05X74,X,X,X,05X70,한국투자베트남그로스증권모투자신탁(주식)
1178,05X70,한국투자베트남그로스증권모투자신탁(주식),,,05X72,,05X75,한국투자베트남그로스증권자투자신탁(주식)(C),05X70,05X72,05X75,X,X,X,05X70,한국투자베트남그로스증권모투자신탁(주식)
1179,05X70,한국투자베트남그로스증권모투자신탁(주식),,,05X72,,05X76,한국투자베트남그로스증권자투자신탁(주식)(C2),05X70,05X72,05X76,X,X,X,05X70,한국투자베트남그로스증권모투자신탁(주식)
1180,05X70,한국투자베트남그로스증권모투자신탁(주식),,,05X72,,05X77,한국투자베트남그로스증권자투자신탁(주식)(C3),05X70,05X72,05X77,X,X,X,05X70,한국투자베트남그로스증권모투자신탁(주식)
1181,05X70,한국투자베트남그로스증권모투자신탁(주식),,,05X72,,05X78,한국투자베트남그로스증권자투자신탁(주식)(C4),05X70,05X72,05X78,X,X,X,05X70,한국투자베트남그로스증권모투자신탁(주식)
1182,05X70,한국투자베트남그로스증권모투자신탁(주식),,,05X72,,05X79,한국투자베트남그로스증권자투자신탁(주식)(C-e),05X70,05X72,05X79,X,X,X,05X70,한국투자베트남그로스증권모투자신탁(주식)
1183,05X70,한국투자베트남그로스증권모투자신탁(주식),,,05X72,,05X80,한국투자베트남그로스증권자투자신탁(주식)(C-F),05X70,05X72,05X80,X,X,X,05X70,한국투자베트남그로스증권모투자신탁(주식)
1184,05X70,한국투자베트남그로스증권모투자신탁(주식),,,05X72,,05X81,한국투자베트남그로스증권자투자신탁(주식)(C-W),05X70,05X72,05X81,X,X,X,05X70,한국투자베트남그로스증권모투자신탁(주식)
1185,05X70,한국투자베트남그로스증권모투자신탁(주식),,,05X72,,05X82,한국투자베트남그로스증권자투자신탁(주식)(S),05X70,05X72,05X82,X,X,X,05X70,한국투자베트남그로스증권모투자신탁(주식)
1186,05X70,한국투자베트남그로스증권모투자신탁(주식),,,05X84,한국투자베트남그로스증권자투자신탁UH(주식)(모),05G42,한국투자베트남그로스증권자투자신탁UH(주식)(A-G),05X70,05X84,05G42,X,X,X,05X70,한국투자베트남그로스증권모투자신탁(주식)
1187,05X70,한국투자베트남그로스증권모투자신탁(주식),,,05X84,,05X85,한국투자베트남그로스증권자투자신탁UH(주식)(A),05X70,05X84,05X85,X,X,X,05X70,한국투자베트남그로스증권모투자신탁(주식)
1188,05X70,한국투자베트남그로스증권모투자신탁(주식),,,05X84,,05X86,한국투자베트남그로스증권자투자신탁UH(주식)(A-e),05X70,05X84,05X86,X,X,X,05X70,한국투자베트남그로스증권모투자신탁(주식)
1189,05X70,한국투자베트남그로스증권모투자신탁(주식),,,05X84,,05X87,한국투자베트남그로스증권자투자신탁UH(주식)(C),05X70,05X84,05X87,X,X,X,05X70,한국투자베트남그로스증권모투자신탁(주식)
1190,05X70,한국투자베트남그로스증권모투자신탁(주식),,,05X84,,05X88,한국투자베트남그로스증권자투자신탁UH(주식)(C2),05X70,05X84,05X88,X,X,X,05X70,한국투자베트남그로스증권모투자신탁(주식)
1191,05X70,한국투자베트남그로스증권모투자신탁(주식),,,05X84,,05X89,한국투자베트남그로스증권자투자신탁UH(주식)(C3),05X70,05X84,05X89,X,X,X,05X70,한국투자베트남그로스증권모투자신탁(주식)
1192,05X70,한국투자베트남그로스증권모투자신탁(주식),,,05X84,,05X90,한국투자베트남그로스증권자투자신탁UH(주식)(C4),05X70,05X84,05X90,X,X,X,05X70,한국투자베트남그로스증권모투자신탁(주식)
1193,05X70,한국투자베트남그로스증권모투자신탁(주식),,,05X84,,05X91,한국투자베트남그로스증권자투자신탁UH(주식)(C-e),05X70,05X84,05X91,X,X,X,05X70,한국투자베트남그로스증권모투자신탁(주식)
1194,05X70,한국투자베트남그로스증권모투자신탁(주식),,,05X84,,05X92,한국투자베트남그로스증권자투자신탁UH(주식)(C-F),05X70,05X84,05X92,X,X,X,05X70,한국투자베트남그로스증권모투자신탁(주식)
1195,05X70,한국투자베트남그로스증권모투자신탁(주식),,,05X84,,05X93,한국투자베트남그로스증권자투자신탁UH(주식)(C-W),05X70,05X84,05X93,X,X,X,05X70,한국투자베트남그로스증권모투자신탁(주식)
1196,05X70,한국투자베트남그로스증권모투자신탁(주식),,,05X84,,05X94,한국투자베트남그로스증권자투자신탁UH(주식)(S),05X70,05X84,05X94,X,X,X,05X70,한국투자베트남그로스증권모투자신탁(주식)
1197,05X70,한국투자베트남그로스증권모투자신탁(주식),,34,07W02,한국투자베트남주식35증권자투자신탁(채권혼합)(모),07W06,한국투자베트남주식35증권자투자신탁(채권혼합)(C-e),05X70,07W02,07W06,X,X,X,05X70,한국투자베트남그로스증권모투자신탁(주식)
1198,05X70,한국투자베트남그로스증권모투자신탁(주식),,,07W02,,07W09,한국투자베트남주식35증권자투자신탁(채권혼합)(C-W),05X70,07W02,07W09,X,X,X,05X70,한국투자베트남그로스증권모투자신탁(주식)
1199,05Z33,한국투자미국배당귀족증권모투자신탁(USD)(주식),공통,0,05Z35,한국투자미국배당귀족증권자투자신탁H(주식)(모),05Z36,한국투자미국배당귀족증권자투자신탁H(주식)(A),05Z33,05Z35,05Z36,X,X,X,05Z33,한국투자미국배당귀족증권모투자신탁(USD)(주식)
1200,05Z33,한국투자미국배당귀족증권모투자신탁(USD)(주식),,,05Z35,,05Z37,한국투자미국배당귀족증권자투자신탁H(주식)(A-e),05Z33,05Z35,05Z37,X,X,X,05Z33,한국투자미국배당귀족증권모투자신탁(USD)(주식)
1201,05Z33,한국투자미국배당귀족증권모투자신탁(USD)(주식),,,05Z35,,05Z39,한국투자미국배당귀족증권자투자신탁H(주식)(C),05Z33,05Z35,05Z39,X,X,X,05Z33,한국투자미국배당귀족증권모투자신탁(USD)(주식)
1202,05Z33,한국투자미국배당귀족증권모투자신탁(USD)(주식),,,05Z35,,05Z40,한국투자미국배당귀족증권자투자신탁H(주식)(C2),05Z33,05Z35,05Z40,X,X,X,05Z33,한국투자미국배당귀족증권모투자신탁(USD)(주식)
1203,05Z33,한국투자미국배당귀족증권모투자신탁(USD)(주식),,,05Z35,,05Z41,한국투자미국배당귀족증권자투자신탁H(주식)(C3),05Z33,05Z35,05Z41,X,X,X,05Z33,한국투자미국배당귀족증권모투자신탁(USD)(주식)
1204,05Z33,한국투자미국배당귀족증권모투자신탁(USD)(주식),,,05Z35,,05Z42,한국투자미국배당귀족증권자투자신탁H(주식)(C4),05Z33,05Z35,05Z42,X,X,X,05Z33,한국투자미국배당귀족증권모투자신탁(USD)(주식)
1205,05Z33,한국투자미국배당귀족증권모투자신탁(USD)(주식),,,05Z35,,05Z43,한국투자미국배당귀족증권자투자신탁H(주식)(C-e),05Z33,05Z35,05Z43,X,X,X,05Z33,한국투자미국배당귀족증권모투자신탁(USD)(주식)
1206,05Z33,한국투자미국배당귀족증권모투자신탁(USD)(주식),,,05Z35,,05Z44,한국투자미국배당귀족증권자투자신탁H(주식)(C-F),05Z33,05Z35,05Z44,X,X,X,05Z33,한국투자미국배당귀족증권모투자신탁(USD)(주식)
1207,05Z33,한국투자미국배당귀족증권모투자신탁(USD)(주식),,,05Z35,,05Z46,한국투자미국배당귀족증권자투자신탁H(주식)(C-P),05Z33,05Z35,05Z46,X,X,X,05Z33,한국투자미국배당귀족증권모투자신탁(USD)(주식)
1208,05Z33,한국투자미국배당귀족증권모투자신탁(USD)(주식),,,05Z35,,05Z47,한국투자미국배당귀족증권자투자신탁H(주식)(C-Pe),05Z33,05Z35,05Z47,X,X,X,05Z33,한국투자미국배당귀족증권모투자신탁(USD)(주식)
1209,05Z33,한국투자미국배당귀족증권모투자신탁(USD)(주식),,,05Z35,,05Z48,한국투자미국배당귀족증권자투자신탁H(주식)(C-R),05Z33,05Z35,05Z48,X,X,X,05Z33,한국투자미국배당귀족증권모투자신탁(USD)(주식)
1210,05Z33,한국투자미국배당귀족증권모투자신탁(USD)(주식),,,05Z35,,05Z49,한국투자미국배당귀족증권자투자신탁H(주식)(C-Re),05Z33,05Z35,05Z49,X,X,X,05Z33,한국투자미국배당귀족증권모투자신탁(USD)(주식)
1211,05Z33,한국투자미국배당귀족증권모투자신탁(USD)(주식),,,05Z35,,05Z50,한국투자미국배당귀족증권자투자신탁H(주식)(C-W),05Z33,05Z35,05Z50,X,X,X,05Z33,한국투자미국배당귀족증권모투자신탁(USD)(주식)
1212,05Z33,한국투자미국배당귀족증권모투자신탁(USD)(주식),,,05Z35,,05Z51,한국투자미국배당귀족증권자투자신탁H(주식)(S),05Z33,05Z35,05Z51,X,X,X,05Z33,한국투자미국배당귀족증권모투자신탁(USD)(주식)
1213,05Z33,한국투자미국배당귀족증권모투자신탁(USD)(주식),,,05Z35,,05Z52,한국투자미국배당귀족증권자투자신탁H(주식)(S-P),05Z33,05Z35,05Z52,X,X,X,05Z33,한국투자미국배당귀족증권모투자신탁(USD)(주식)
1214,05Z33,한국투자미국배당귀족증권모투자신탁(USD)(주식),,,05Z35,,05Z53,한국투자미국배당귀족증권자투자신탁H(주식)(S-R),05Z33,05Z35,05Z53,X,X,X,05Z33,한국투자미국배당귀족증권모투자신탁(USD)(주식)
1215,05Z33,한국투자미국배당귀족증권모투자신탁(USD)(주식),,,05Z55,한국투자미국배당귀족증권자투자신탁UH(주식)(모),05Z56,한국투자미국배당귀족증권자투자신탁UH(주식)(A),05Z33,05Z55,05Z56,X,X,X,05Z33,한국투자미국배당귀족증권모투자신탁(USD)(주식)
1216,05Z33,한국투자미국배당귀족증권모투자신탁(USD)(주식),,,05Z55,,05Z57,한국투자미국배당귀족증권자투자신탁UH(주식)(A-e),05Z33,05Z55,05Z57,X,X,X,05Z33,한국투자미국배당귀족증권모투자신탁(USD)(주식)
1217,05Z33,한국투자미국배당귀족증권모투자신탁(USD)(주식),,,05Z55,,05Z59,한국투자미국배당귀족증권자투자신탁UH(주식)(C),05Z33,05Z55,05Z59,X,X,X,05Z33,한국투자미국배당귀족증권모투자신탁(USD)(주식)
1218,05Z33,한국투자미국배당귀족증권모투자신탁(USD)(주식),,,05Z55,,05Z60,한국투자미국배당귀족증권자투자신탁UH(주식)(C2),05Z33,05Z55,05Z60,X,X,X,05Z33,한국투자미국배당귀족증권모투자신탁(USD)(주식)
1219,05Z33,한국투자미국배당귀족증권모투자신탁(USD)(주식),,,05Z55,,05Z61,한국투자미국배당귀족증권자투자신탁UH(주식)(C3),05Z33,05Z55,05Z61,X,X,X,05Z33,한국투자미국배당귀족증권모투자신탁(USD)(주식)
1220,05Z33,한국투자미국배당귀족증권모투자신탁(USD)(주식),,,05Z55,,05Z62,한국투자미국배당귀족증권자투자신탁UH(주식)(C4),05Z33,05Z55,05Z62,X,X,X,05Z33,한국투자미국배당귀족증권모투자신탁(USD)(주식)
1221,05Z33,한국투자미국배당귀족증권모투자신탁(USD)(주식),,,05Z55,,05Z63,한국투자미국배당귀족증권자투자신탁UH(주식)(C-e),05Z33,05Z55,05Z63,X,X,X,05Z33,한국투자미국배당귀족증권모투자신탁(USD)(주식)
1222,05Z33,한국투자미국배당귀족증권모투자신탁(USD)(주식),,,05Z55,,05Z64,한국투자미국배당귀족증권자투자신탁UH(주식)(C-F),05Z33,05Z55,05Z64,X,X,X,05Z33,한국투자미국배당귀족증권모투자신탁(USD)(주식)
1223,05Z33,한국투자미국배당귀족증권모투자신탁(USD)(주식),,,05Z55,,05Z66,한국투자미국배당귀족증권자투자신탁UH(주식)(C-P),05Z33,05Z55,05Z66,X,X,X,05Z33,한국투자미국배당귀족증권모투자신탁(USD)(주식)
1224,05Z33,한국투자미국배당귀족증권모투자신탁(USD)(주식),,,05Z55,,05Z67,한국투자미국배당귀족증권자투자신탁UH(주식)(C-Pe),05Z33,05Z55,05Z67,X,X,X,05Z33,한국투자미국배당귀족증권모투자신탁(USD)(주식)
1225,05Z33,한국투자미국배당귀족증권모투자신탁(USD)(주식),,,05Z55,,05Z68,한국투자미국배당귀족증권자투자신탁UH(주식)(C-R),05Z33,05Z55,05Z68,X,X,X,05Z33,한국투자미국배당귀족증권모투자신탁(USD)(주식)
1226,05Z33,한국투자미국배당귀족증권모투자신탁(USD)(주식),,,05Z55,,05Z69,한국투자미국배당귀족증권자투자신탁UH(주식)(C-Re),05Z33,05Z55,05Z69,X,X,X,05Z33,한국투자미국배당귀족증권모투자신탁(USD)(주식)
1227,05Z33,한국투자미국배당귀족증권모투자신탁(USD)(주식),,,05Z55,,05Z70,한국투자미국배당귀족증권자투자신탁UH(주식)(C-W),05Z33,05Z55,05Z70,X,X,X,05Z33,한국투자미국배당귀족증권모투자신탁(USD)(주식)
1228,05Z33,한국투자미국배당귀족증권모투자신탁(USD)(주식),,,05Z55,,05Z71,한국투자미국배당귀족증권자투자신탁UH(주식)(S),05Z33,05Z55,05Z71,X,X,X,05Z33,한국투자미국배당귀족증권모투자신탁(USD)(주식)
1229,05Z33,한국투자미국배당귀족증권모투자신탁(USD)(주식),,,05Z55,,05Z72,한국투자미국배당귀족증권자투자신탁UH(주식)(S-P),05Z33,05Z55,05Z72,X,X,X,05Z33,한국투자미국배당귀족증권모투자신탁(USD)(주식)
1230,05Z33,한국투자미국배당귀족증권모투자신탁(USD)(주식),,,05Z55,,05Z73,한국투자미국배당귀족증권자투자신탁UH(주식)(S-R),05Z33,05Z55,05Z73,X,X,X,05Z33,한국투자미국배당귀족증권모투자신탁(USD)(주식)
1231,05Z33,한국투자미국배당귀족증권모투자신탁(USD)(주식),,,05Z75,한국투자미국배당귀족증권자투자신탁(USD)(주식)(모),05Z76,한국투자미국배당귀족증권자투자신탁(USD)(주식)(A),05Z33,05Z75,05Z76,X,X,X,05Z33,한국투자미국배당귀족증권모투자신탁(USD)(주식)
1232,05Z33,한국투자미국배당귀족증권모투자신탁(USD)(주식),,,05Z75,,05Z77,한국투자미국배당귀족증권자투자신탁(USD)(주식)(A-e),05Z33,05Z75,05Z77,X,X,X,05Z33,한국투자미국배당귀족증권모투자신탁(USD)(주식)
1233,05Z33,한국투자미국배당귀족증권모투자신탁(USD)(주식),,,05Z75,,05Z79,한국투자미국배당귀족증권자투자신탁(USD)(주식)(C),05Z33,05Z75,05Z79,X,X,X,05Z33,한국투자미국배당귀족증권모투자신탁(USD)(주식)
1234,05Z33,한국투자미국배당귀족증권모투자신탁(USD)(주식),,,05Z75,,05Z80,한국투자미국배당귀족증권자투자신탁(USD)(주식)(C2),05Z33,05Z75,05Z80,X,X,X,05Z33,한국투자미국배당귀족증권모투자신탁(USD)(주식)
1235,05Z33,한국투자미국배당귀족증권모투자신탁(USD)(주식),,,05Z75,,05Z81,한국투자미국배당귀족증권자투자신탁(USD)(주식)(C3),05Z33,05Z75,05Z81,X,X,X,05Z33,한국투자미국배당귀족증권모투자신탁(USD)(주식)
1236,05Z33,한국투자미국배당귀족증권모투자신탁(USD)(주식),,,05Z75,,05Z82,한국투자미국배당귀족증권자투자신탁(USD)(주식)(C4),05Z33,05Z75,05Z82,X,X,X,05Z33,한국투자미국배당귀족증권모투자신탁(USD)(주식)
1237,05Z33,한국투자미국배당귀족증권모투자신탁(USD)(주식),,,05Z75,,05Z83,한국투자미국배당귀족증권자투자신탁(USD)(주식)(C-e),05Z33,05Z75,05Z83,X,X,X,05Z33,한국투자미국배당귀족증권모투자신탁(USD)(주식)
1238,05Z33,한국투자미국배당귀족증권모투자신탁(USD)(주식),,,07B50,한국투자미국배당귀족증권자투자신탁(채권혼합)(모),07B51,한국투자미국배당귀족증권자투자신탁(채권혼합)(A),05Z33,07B50,07B51,X,X,X,05Z33,한국투자미국배당귀족증권모투자신탁(USD)(주식)
1239,05Z33,한국투자미국배당귀족증권모투자신탁(USD)(주식),,,07B50,,07B52,한국투자미국배당귀족증권자투자신탁(채권혼합)(A-e),05Z33,07B50,07B52,X,X,X,05Z33,한국투자미국배당귀족증권모투자신탁(USD)(주식)
1240,05Z33,한국투자미국배당귀족증권모투자신탁(USD)(주식),,,07B50,,07B54,한국투자미국배당귀족증권자투자신탁(채권혼합)(C),05Z33,07B50,07B54,X,X,X,05Z33,한국투자미국배당귀족증권모투자신탁(USD)(주식)
1241,05Z33,한국투자미국배당귀족증권모투자신탁(USD)(주식),,,07B50,,07B55,한국투자미국배당귀족증권자투자신탁(채권혼합)(C-e),05Z33,07B50,07B55,X,X,X,05Z33,한국투자미국배당귀족증권모투자신탁(USD)(주식)
1242,05Z33,한국투자미국배당귀족증권모투자신탁(USD)(주식),,,07B50,,07B58,한국투자미국배당귀족증권자투자신탁(채권혼합)(C-P),05Z33,07B50,07B58,X,X,X,05Z33,한국투자미국배당귀족증권모투자신탁(USD)(주식)
1243,05Z33,한국투자미국배당귀족증권모투자신탁(USD)(주식),,,07B50,,07B59,한국투자미국배당귀족증권자투자신탁(채권혼합)(C-Pe),05Z33,07B50,07B59,X,X,X,05Z33,한국투자미국배당귀족증권모투자신탁(USD)(주식)
1244,05Z33,한국투자미국배당귀족증권모투자신탁(USD)(주식),,,07B50,,07B60,한국투자미국배당귀족증권자투자신탁(채권혼합)(C-R),05Z33,07B50,07B60,X,X,X,05Z33,한국투자미국배당귀족증권모투자신탁(USD)(주식)
1245,05Z33,한국투자미국배당귀족증권모투자신탁(USD)(주식),,,07B50,,07B61,한국투자미국배당귀족증권자투자신탁(채권혼합)(C-Re),05Z33,07B50,07B61,X,X,X,05Z33,한국투자미국배당귀족증권모투자신탁(USD)(주식)
1246,05Z33,한국투자미국배당귀족증권모투자신탁(USD)(주식),,,07B50,,07B62,한국투자미국배당귀족증권자투자신탁(채권혼합)(C-W),05Z33,07B50,07B62,X,X,X,05Z33,한국투자미국배당귀족증권모투자신탁(USD)(주식)
1247,05Z33,한국투자미국배당귀족증권모투자신탁(USD)(주식),,,07B67,한국투자미국배당귀족증권자투자신탁(주식혼합)(모),07B68,한국투자미국배당귀족증권자투자신탁(주식혼합)(A),05Z33,07B67,07B68,X,X,X,05Z33,한국투자미국배당귀족증권모투자신탁(USD)(주식)
1248,05Z33,한국투자미국배당귀족증권모투자신탁(USD)(주식),,,07B67,,07B69,한국투자미국배당귀족증권자투자신탁(주식혼합)(A-e),05Z33,07B67,07B69,X,X,X,05Z33,한국투자미국배당귀족증권모투자신탁(USD)(주식)
1249,05Z33,한국투자미국배당귀족증권모투자신탁(USD)(주식),,,07B67,,07B71,한국투자미국배당귀족증권자투자신탁(주식혼합)(C),05Z33,07B67,07B71,X,X,X,05Z33,한국투자미국배당귀족증권모투자신탁(USD)(주식)
1250,05Z33,한국투자미국배당귀족증권모투자신탁(USD)(주식),,,07B67,,07B72,한국투자미국배당귀족증권자투자신탁(주식혼합)(C-e),05Z33,07B67,07B72,X,X,X,05Z33,한국투자미국배당귀족증권모투자신탁(USD)(주식)
1251,05Z33,한국투자미국배당귀족증권모투자신탁(USD)(주식),,,07B67,,07B76,한국투자미국배당귀족증권자투자신탁(주식혼합)(C-Pe),05Z33,07B67,07B76,X,X,X,05Z33,한국투자미국배당귀족증권모투자신탁(USD)(주식)
1252,06G26,한국투자스마트코리아증권모투자신탁(채권),공통,100,02475,한국투자장기주택마련증권자투자신탁1호(채권),,,06G26,02475,,X,X,X,06G26,한국투자스마트코리아증권모투자신탁(채권)
1253,06G26,한국투자스마트코리아증권모투자신탁(채권),,,06G10,한국투자골드플랜연금증권전환형자투자신탁1호(채권)(모),03556,한국투자골드플랜연금증권전환형자투자신탁1호(채권)(C),06G26,06G10,03556,X,X,X,06G26,한국투자스마트코리아증권모투자신탁(채권)
1254,06G26,한국투자스마트코리아증권모투자신탁(채권),,,06G10,,05A94,한국투자골드플랜연금증권전환형자투자신탁1호(채권)(C-e),06G26,06G10,05A94,X,X,X,06G26,한국투자스마트코리아증권모투자신탁(채권)
1255,06G26,한국투자스마트코리아증권모투자신탁(채권),,,06G10,,06G12,한국투자골드플랜연금증권전환형자투자신탁1호(채권)(S-P),06G26,06G10,06G12,X,X,X,06G26,한국투자스마트코리아증권모투자신탁(채권)
1256,06G26,한국투자스마트코리아증권모투자신탁(채권),,,06G10,,06G32,한국투자골드플랜연금증권전환형자투자신탁1호(채권)(C-F),06G26,06G10,06G32,X,X,X,06G26,한국투자스마트코리아증권모투자신탁(채권)
1257,06G26,한국투자스마트코리아증권모투자신탁(채권),,,06G10,,06G33,한국투자골드플랜연금증권전환형자투자신탁1호(채권)(C-RJ),06G26,06G10,06G33,X,X,X,06G26,한국투자스마트코리아증권모투자신탁(채권)
1258,06G27,한국투자마스터증권모투자신탁(국공채),공통,100,02X59,한국투자마스터증권자투자신탁1호(국공채)(모),01778,한국투자마스터증권자투자신탁1호(국공채)(C),06G27,02X59,01778,X,X,X,06G27,한국투자마스터증권모투자신탁(국공채)
1259,06G27,한국투자마스터증권모투자신탁(국공채),,,02X59,,04D32,한국투자마스터증권자투자신탁1호(국공채)(C-F),06G27,02X59,04D32,X,X,X,06G27,한국투자마스터증권모투자신탁(국공채)
1260,06G27,한국투자마스터증권모투자신탁(국공채),,,02X59,,05B92,한국투자마스터증권자투자신탁1호(국공채)(C-W),06G27,02X59,05B92,X,X,X,06G27,한국투자마스터증권모투자신탁(국공채)
1261,06G27,한국투자마스터증권모투자신탁(국공채),,,02X59,,06G13,한국투자마스터증권자투자신탁1호(국공채)(S),06G27,02X59,06G13,X,X,X,06G27,한국투자마스터증권모투자신탁(국공채)
1262,06G27,한국투자마스터증권모투자신탁(국공채),,80.5,04N27,한국투자롱텀밸류20증권자투자신탁(채권혼합)(모),04N30,한국투자롱텀밸류20증권자투자신탁(채권혼합)(C),06G27,04N27,04N30,X,X,X,06G27,한국투자마스터증권모투자신탁(국공채)
1263,06G27,한국투자마스터증권모투자신탁(국공채),,10,05W74,한국투자중기우량채증권자투자신탁(채권)(모),05W75,한국투자중기우량채증권자투자신탁(채권)(A),06G27,05W74,05W75,X,X,X,06G27,한국투자마스터증권모투자신탁(국공채)
1264,06G27,한국투자마스터증권모투자신탁(국공채),,,05W74,,05W76,한국투자중기우량채증권자투자신탁(채권)(A-e),06G27,05W74,05W76,X,X,X,06G27,한국투자마스터증권모투자신탁(국공채)
1265,06G27,한국투자마스터증권모투자신탁(국공채),,,05W74,,05W78,한국투자중기우량채증권자투자신탁(채권)(C),06G27,05W74,05W78,X,X,X,06G27,한국투자마스터증권모투자신탁(국공채)
1266,06G27,한국투자마스터증권모투자신탁(국공채),,,05W74,,05W79,한국투자중기우량채증권자투자신탁(채권)(C-e),06G27,05W74,05W79,X,X,X,06G27,한국투자마스터증권모투자신탁(국공채)
1267,06G27,한국투자마스터증권모투자신탁(국공채),,,05W74,,05W80,한국투자중기우량채증권자투자신탁(채권)(C-F),06G27,05W74,05W80,X,X,X,06G27,한국투자마스터증권모투자신탁(국공채)
1268,06G27,한국투자마스터증권모투자신탁(국공채),,,05W74,,05W84,한국투자중기우량채증권자투자신탁(채권)(C-R),06G27,05W74,05W84,X,X,X,06G27,한국투자마스터증권모투자신탁(국공채)
1269,06G27,한국투자마스터증권모투자신탁(국공채),,,05W74,,05W85,한국투자중기우량채증권자투자신탁(채권)(C-Re),06G27,05W74,05W85,X,X,X,06G27,한국투자마스터증권모투자신탁(국공채)
1270,06G27,한국투자마스터증권모투자신탁(국공채),,,05W74,,05W87,한국투자중기우량채증권자투자신탁(채권)(S),06G27,05W74,05W87,X,X,X,06G27,한국투자마스터증권모투자신탁(국공채)
1271,06G27,한국투자마스터증권모투자신탁(국공채),,,05W74,,05W88,한국투자중기우량채증권자투자신탁(채권)(S-P),06G27,05W74,05W88,X,X,X,06G27,한국투자마스터증권모투자신탁(국공채)
1272,06G27,한국투자마스터증권모투자신탁(국공채),,100,06G41,한국투자퇴직연금마스터단기증권자투자신탁(국공채)(모),06G42,한국투자퇴직연금마스터단기증권자투자신탁(국공채)(C),06G27,06G41,06G42,X,X,X,06G27,한국투자마스터증권모투자신탁(국공채)
1273,06G27,한국투자마스터증권모투자신탁(국공채),,,10011,한국투자퇴직증권자투자신탁1호(채권),,,06G27,10011,,X,X,X,06G27,한국투자마스터증권모투자신탁(국공채)
1274,06G68,한국투자프라임글로벌일반사모증권모투자신탁3호(주식),공통,0,03W12,KPOST해외주식일반사모증권자투자신탁2호(주식),,,06G68,03W12,,X,X,X,06G68,한국투자프라임글로벌일반사모증권모투자신탁3호(주식)
1275,06G70,한국투자프라임유럽전문투자형사모증권모투자신탁3호(주식),공통,0,03W12,KPOST해외주식일반사모증권자투자신탁2호(주식),,,06G70,03W12,,X,X,X,06G70,한국투자프라임유럽전문투자형사모증권모투자신탁3호(주식)
1276,06K66,한국투자프라임유럽일반사모증권모투자신탁4호(주식),공통,0,03W12,KPOST해외주식일반사모증권자투자신탁2호(주식),,,06K66,03W12,,X,X,X,06K66,한국투자프라임유럽일반사모증권모투자신탁4호(주식)
1277,06K70,한국투자프라임글로벌멀티팩터전문투자형사모증권모투자신탁1호(주식),공통,0,03W12,KPOST해외주식일반사모증권자투자신탁2호(주식),,,06K70,03W12,,X,X,X,06K70,한국투자프라임글로벌멀티팩터전문투자형사모증권모투자신탁1호(주식)
1278,06K94,한국투자KTCUGTAA절대수익형일반사모모투자신탁1호(USD),공통,0,06K95,한국투자KTCUGTAA절대수익형일반사모자투자신탁1호(USD),,,06K94,06K95,,X,X,X,06K94,한국투자KTCUGTAA절대수익형일반사모모투자신탁1호(USD)
1279,06N34,한국투자P인덱스증권모투자신탁(주식),공통,0,04B72,한국투자퇴직연금KOSPI200인덱스40증권자투자신탁3호(채권혼합),,,06N34,04B72,,X,X,X,06N34,한국투자P인덱스증권모투자신탁(주식)
1280,06N34,한국투자P인덱스증권모투자신탁(주식),,,04B83,한국투자퇴직연금LCF2015증권자투자신탁2호(채권혼합),,,06N34,04B83,,X,X,X,06N34,한국투자P인덱스증권모투자신탁(주식)
1281,06N34,한국투자P인덱스증권모투자신탁(주식),,,04B84,한국투자퇴직연금LCF2025증권자투자신탁2호(채권혼합),,,06N34,04B84,,X,X,X,06N34,한국투자P인덱스증권모투자신탁(주식)
1282,06N34,한국투자P인덱스증권모투자신탁(주식),,,04B97,한국투자퇴직연금LCF2040증권자투자신탁1호(채권혼합),,,06N34,04B97,,X,X,X,06N34,한국투자P인덱스증권모투자신탁(주식)
1283,06N34,한국투자P인덱스증권모투자신탁(주식),,,04Y39,한국투자퇴직연금KOSPI200인덱스증권자투자신탁1호(주식)(모),03Z37,한국투자퇴직연금KOSPI200인덱스증권자투자신탁1호(주식)(C),06N34,04Y39,03Z37,X,X,X,06N34,한국투자P인덱스증권모투자신탁(주식)
1284,06N34,한국투자P인덱스증권모투자신탁(주식),,,04Y39,,04Y40,한국투자퇴직연금KOSPI200인덱스증권자투자신탁1호(주식)(C-F),06N34,04Y39,04Y40,X,X,X,06N34,한국투자P인덱스증권모투자신탁(주식)
1285,06N34,한국투자P인덱스증권모투자신탁(주식),,,04Y39,,04Y41,한국투자퇴직연금KOSPI200인덱스증권자투자신탁1호(주식)(C-J),06N34,04Y39,04Y41,X,X,X,06N34,한국투자P인덱스증권모투자신탁(주식)
1286,06N34,한국투자P인덱스증권모투자신탁(주식),,,04Y39,,05M29,한국투자퇴직연금KOSPI200인덱스증권자투자신탁1호(주식)(C-e),06N34,04Y39,05M29,X,X,X,06N34,한국투자P인덱스증권모투자신탁(주식)
1287,06N34,한국투자P인덱스증권모투자신탁(주식),,,05K08,한국투자퇴직연금KOSPI200인덱스40증권자투자신탁1호(채권혼합)(모),04Z79,한국투자퇴직연금KOSPI200인덱스40증권자투자신탁1호(채권혼합)(C),06N34,05K08,04Z79,X,X,X,06N34,한국투자P인덱스증권모투자신탁(주식)
1288,06N34,한국투자P인덱스증권모투자신탁(주식),,,05K08,,05K09,한국투자퇴직연금KOSPI200인덱스40증권자투자신탁1호(채권혼합)(C-e),06N34,05K08,05K09,X,X,X,06N34,한국투자P인덱스증권모투자신탁(주식)
1289,06N34,한국투자P인덱스증권모투자신탁(주식),,,05M14,한국투자퇴직연금KOSPI200인덱스40증권자투자신탁2호(채권혼합)(모),04A11,한국투자퇴직연금KOSPI200인덱스40증권자투자신탁2호(채권혼합)(C),06N34,05M14,04A11,X,X,X,06N34,한국투자P인덱스증권모투자신탁(주식)
1290,06N34,한국투자P인덱스증권모투자신탁(주식),,,06A88,한국투자코스피200인덱스증권자투자신탁(주식)(모),04181,한국투자코스피200인덱스증권자투자신탁(주식)(A),06N34,06A88,04181,X,X,X,06N34,한국투자P인덱스증권모투자신탁(주식)
1291,06N34,한국투자P인덱스증권모투자신탁(주식),,,06A88,,07G81,한국투자코스피200인덱스증권자투자신탁(주식)(C-F),06N34,06A88,07G81,X,X,X,06N34,한국투자P인덱스증권모투자신탁(주식)
1292,06N34,한국투자P인덱스증권모투자신탁(주식),,,06A88,,50031,한국투자코스피200인덱스증권자투자신탁(주식)(A-e),06N34,06A88,50031,X,X,X,06N34,한국투자P인덱스증권모투자신탁(주식)
1293,06N34,한국투자P인덱스증권모투자신탁(주식),,,06A88,,50033,한국투자코스피200인덱스증권자투자신탁(주식)(C-e),06N34,06A88,50033,X,X,X,06N34,한국투자P인덱스증권모투자신탁(주식)
1294,06N34,한국투자P인덱스증권모투자신탁(주식),,,20104,한국투자퇴직연금엄브렐러LCF인덱스10증권전환형자투자신탁1호(채권혼합),,,06N34,20104,,X,X,X,06N34,한국투자P인덱스증권모투자신탁(주식)
1295,06N34,한국투자P인덱스증권모투자신탁(주식),,,20105,한국투자퇴직연금엄브렐러LCF인덱스20증권전환형자투자신탁1호(채권혼합),,,06N34,20105,,X,X,X,06N34,한국투자P인덱스증권모투자신탁(주식)
1296,06N34,한국투자P인덱스증권모투자신탁(주식),,,20106,한국투자퇴직연금엄브렐러LCF인덱스30증권전환형자투자신탁1호(채권혼합),,,06N34,20106,,X,X,X,06N34,한국투자P인덱스증권모투자신탁(주식)
1297,06N34,한국투자P인덱스증권모투자신탁(주식),,,20107,한국투자퇴직연금엄브렐러LCF인덱스40증권전환형자투자신탁1호(채권혼합),,,06N34,20107,,X,X,X,06N34,한국투자P인덱스증권모투자신탁(주식)
1298,06W25,한국투자노블클래스미국일반사모증권모투자신탁2호(주식),공통,0,06W26,한국투자노블클래스미국일반사모증권자투자신탁2호(주식),,,06W25,06W26,,X,X,X,06W25,한국투자노블클래스미국일반사모증권모투자신탁2호(주식)
1299,06W27,한국투자HLGLOBALPRIVATEASSET일반사모모투자신탁(재간접형)(USD),공통,0,06W28,한국투자HLGLOBALPRIVATEASSET일반사모자투자신탁(재간접형)(USD)(모),06W29,한국투자HLGLOBALPRIVATEASSET일반사모자투자신탁(재간접형)(USD)(A),06W27,06W28,06W29,X,X,X,06W27,한국투자HLGLOBALPRIVATEASSET일반사모모투자신탁(재간접형)(USD)
1300,06W27,한국투자HLGLOBALPRIVATEASSET일반사모모투자신탁(재간접형)(USD),,,06W28,,06W30,한국투자HLGLOBALPRIVATEASSET일반사모자투자신탁(재간접형)(USD)(A-I),06W27,06W28,06W30,X,X,X,06W27,한국투자HLGLOBALPRIVATEASSET일반사모모투자신탁(재간접형)(USD)
1301,06W27,한국투자HLGLOBALPRIVATEASSET일반사모모투자신탁(재간접형)(USD),,,06W32,한국투자HLGLOBALPRIVATEASSET일반사모자투자신탁UH(재간접형)(모),06W33,한국투자HLGLOBALPRIVATEASSET일반사모자투자신탁UH(재간접형)(A),06W27,06W32,06W33,X,X,X,06W27,한국투자HLGLOBALPRIVATEASSET일반사모모투자신탁(재간접형)(USD)
1302,06W27,한국투자HLGLOBALPRIVATEASSET일반사모모투자신탁(재간접형)(USD),,,06W32,,06W35,한국투자HLGLOBALPRIVATEASSET일반사모자투자신탁UH(재간접형)(C-W),06W27,06W32,06W35,X,X,X,06W27,한국투자HLGLOBALPRIVATEASSET일반사모모투자신탁(재간접형)(USD)
1303,06W39,한국투자SEMAGTAAAR일반사모모투자신탁1호(USD)(파생형),공통,100,06W40,한국투자SEMAGTAAAR일반사모자투자신탁1호(파생형),,,06W39,06W40,,X,X,X,06W39,한국투자SEMAGTAAAR일반사모모투자신탁1호(USD)(파생형)
1304,06W60,한국투자노블클래스이머징일반사모모투자신탁1호,공통,100,06W61,한국투자노블클래스이머징일반사모자투자신탁1호,,,06W60,06W61,,X,X,X,06W60,한국투자노블클래스이머징일반사모모투자신탁1호
1305,06W62,한국투자HLGLOBALPRIVATEASSET일반사모모투자신탁2호(재간접형)(USD),공통,0,06W63,한국투자HLGLOBALPRIVATEASSET일반사모자투자신탁2호(재간접형)(USD)(모),06W64,한국투자HLGLOBALPRIVATEASSET일반사모자투자신탁2호(재간접형)(USD)(A),06W62,06W63,06W64,X,X,X,06W62,한국투자HLGLOBALPRIVATEASSET일반사모모투자신탁2호(재간접형)(USD)
1306,06W62,한국투자HLGLOBALPRIVATEASSET일반사모모투자신탁2호(재간접형)(USD),,,06W63,,06W65,한국투자HLGLOBALPRIVATEASSET일반사모자투자신탁2호(재간접형)(USD)(A-I),06W62,06W63,06W65,X,X,X,06W62,한국투자HLGLOBALPRIVATEASSET일반사모모투자신탁2호(재간접형)(USD)
1307,06W62,한국투자HLGLOBALPRIVATEASSET일반사모모투자신탁2호(재간접형)(USD),,,06W67,한국투자HLGLOBALPRIVATEASSET일반사모자투자신탁2호UH(재간접형)(모),06W68,한국투자HLGLOBALPRIVATEASSET일반사모자투자신탁2호UH(재간접형)(A),06W62,06W67,06W68,X,X,X,06W62,한국투자HLGLOBALPRIVATEASSET일반사모모투자신탁2호(재간접형)(USD)
1308,06W62,한국투자HLGLOBALPRIVATEASSET일반사모모투자신탁2호(재간접형)(USD),,,06W67,,06W70,한국투자HLGLOBALPRIVATEASSET일반사모자투자신탁2호UH(재간접형)(C-W),06W62,06W67,06W70,X,X,X,06W62,한국투자HLGLOBALPRIVATEASSET일반사모모투자신탁2호(재간접형)(USD)
1309,06X10,한국투자HLGLOBALPRIVATEASSET일반사모모투자신탁3호(재간접형)(USD),공통,0,06X11,한국투자HLGLOBALPRIVATEASSET일반사모자투자신탁3호(재간접형)(USD)(모),06X12,한국투자HLGLOBALPRIVATEASSET일반사모자투자신탁3호(재간접형)(USD)(A),06X10,06X11,06X12,X,X,X,06X10,한국투자HLGLOBALPRIVATEASSET일반사모모투자신탁3호(재간접형)(USD)
1310,06X10,한국투자HLGLOBALPRIVATEASSET일반사모모투자신탁3호(재간접형)(USD),,,06X11,,06X13,한국투자HLGLOBALPRIVATEASSET일반사모자투자신탁3호(재간접형)(USD)(A-I),06X10,06X11,06X13,X,X,X,06X10,한국투자HLGLOBALPRIVATEASSET일반사모모투자신탁3호(재간접형)(USD)
1311,06X10,한국투자HLGLOBALPRIVATEASSET일반사모모투자신탁3호(재간접형)(USD),,,06X11,,06X14,한국투자HLGLOBALPRIVATEASSET일반사모자투자신탁3호(재간접형)(USD)(C-W),06X10,06X11,06X14,X,X,X,06X10,한국투자HLGLOBALPRIVATEASSET일반사모모투자신탁3호(재간접형)(USD)
1312,06X10,한국투자HLGLOBALPRIVATEASSET일반사모모투자신탁3호(재간접형)(USD),,,06X15,한국투자HLGLOBALPRIVATEASSET일반사모자투자신탁3호UH(재간접형)(모),06X16,한국투자HLGLOBALPRIVATEASSET일반사모자투자신탁3호UH(재간접형)(A),06X10,06X15,06X16,X,X,X,06X10,한국투자HLGLOBALPRIVATEASSET일반사모모투자신탁3호(재간접형)(USD)
1313,06X10,한국투자HLGLOBALPRIVATEASSET일반사모모투자신탁3호(재간접형)(USD),,,06X15,,06X17,한국투자HLGLOBALPRIVATEASSET일반사모자투자신탁3호UH(재간접형)(A-I),06X10,06X15,06X17,X,X,X,06X10,한국투자HLGLOBALPRIVATEASSET일반사모모투자신탁3호(재간접형)(USD)
1314,06X10,한국투자HLGLOBALPRIVATEASSET일반사모모투자신탁3호(재간접형)(USD),,,06X15,,06X18,한국투자HLGLOBALPRIVATEASSET일반사모자투자신탁3호UH(재간접형)(C-W),06X10,06X15,06X18,X,X,X,06X10,한국투자HLGLOBALPRIVATEASSET일반사모모투자신탁3호(재간접형)(USD)
1315,06X87,한국투자HLGLOBALPRIVATEASSET일반사모모투자신탁4호(재간접형)(USD),공통,0,06X92,한국투자HLGLOBALPRIVATEASSET일반사모자투자신탁4호H(재간접형)(모),06X93,한국투자HLGLOBALPRIVATEASSET일반사모자투자신탁4호H(재간접형)(A),06X87,06X92,06X93,X,X,X,06X87,한국투자HLGLOBALPRIVATEASSET일반사모모투자신탁4호(재간접형)(USD)
1316,06X87,한국투자HLGLOBALPRIVATEASSET일반사모모투자신탁4호(재간접형)(USD),,,06X92,,06X94,한국투자HLGLOBALPRIVATEASSET일반사모자투자신탁4호H(재간접형)(A-I),06X87,06X92,06X94,X,X,X,06X87,한국투자HLGLOBALPRIVATEASSET일반사모모투자신탁4호(재간접형)(USD)
1317,06X87,한국투자HLGLOBALPRIVATEASSET일반사모모투자신탁4호(재간접형)(USD),,,06X92,,06X95,한국투자HLGLOBALPRIVATEASSET일반사모자투자신탁4호H(재간접형)(C-W),06X87,06X92,06X95,X,X,X,06X87,한국투자HLGLOBALPRIVATEASSET일반사모모투자신탁4호(재간접형)(USD)
1318,06Y08,한국투자HLGLOBALPRIVATEASSET일반사모모투자신탁5호(재간접형)(USD),공통,0,06Y09,한국투자HLGLOBALPRIVATEASSET일반사모자투자신탁5호(재간접형)(USD)(모),06Y10,한국투자HLGLOBALPRIVATEASSET일반사모자투자신탁5호(재간접형)(USD)(A),06Y08,06Y09,06Y10,X,X,X,06Y08,한국투자HLGLOBALPRIVATEASSET일반사모모투자신탁5호(재간접형)(USD)
1319,06Y08,한국투자HLGLOBALPRIVATEASSET일반사모모투자신탁5호(재간접형)(USD),,,06Y09,,06Y11,한국투자HLGLOBALPRIVATEASSET일반사모자투자신탁5호(재간접형)(USD)(A-I),06Y08,06Y09,06Y11,X,X,X,06Y08,한국투자HLGLOBALPRIVATEASSET일반사모모투자신탁5호(재간접형)(USD)
1320,06Y08,한국투자HLGLOBALPRIVATEASSET일반사모모투자신탁5호(재간접형)(USD),,,06Y09,,06Y12,한국투자HLGLOBALPRIVATEASSET일반사모자투자신탁5호(재간접형)(USD)(C-W),06Y08,06Y09,06Y12,X,X,X,06Y08,한국투자HLGLOBALPRIVATEASSET일반사모모투자신탁5호(재간접형)(USD)
1321,06Y08,한국투자HLGLOBALPRIVATEASSET일반사모모투자신탁5호(재간접형)(USD),,,06Y13,한국투자HLGLOBALPRIVATEASSET일반사모자투자신탁5호H(재간접형)(모),06Y14,한국투자HLGLOBALPRIVATEASSET일반사모자투자신탁5호H(재간접형)(A),06Y08,06Y13,06Y14,X,X,X,06Y08,한국투자HLGLOBALPRIVATEASSET일반사모모투자신탁5호(재간접형)(USD)
1322,06Y08,한국투자HLGLOBALPRIVATEASSET일반사모모투자신탁5호(재간접형)(USD),,,06Y13,,06Y15,한국투자HLGLOBALPRIVATEASSET일반사모자투자신탁5호H(재간접형)(A-I),06Y08,06Y13,06Y15,X,X,X,06Y08,한국투자HLGLOBALPRIVATEASSET일반사모모투자신탁5호(재간접형)(USD)
1323,06Y08,한국투자HLGLOBALPRIVATEASSET일반사모모투자신탁5호(재간접형)(USD),,,06Y13,,06Y16,한국투자HLGLOBALPRIVATEASSET일반사모자투자신탁5호H(재간접형)(C-W),06Y08,06Y13,06Y16,X,X,X,06Y08,한국투자HLGLOBALPRIVATEASSET일반사모모투자신탁5호(재간접형)(USD)
1324,06Y38,한국투자아폴로AAA일반사모모투자신탁(USD),공통,0,06Y39,한국투자아폴로AAA일반사모자투자신탁H(모),06Y40,한국투자아폴로AAA일반사모자투자신탁H(A),06Y38,06Y39,06Y40,X,X,X,06Y38,한국투자아폴로AAA일반사모모투자신탁(USD)
1325,06Y38,한국투자아폴로AAA일반사모모투자신탁(USD),,,06Y39,,06Y42,한국투자아폴로AAA일반사모자투자신탁H(C-W),06Y38,06Y39,06Y42,X,X,X,06Y38,한국투자아폴로AAA일반사모모투자신탁(USD)
1326,06Y38,한국투자아폴로AAA일반사모모투자신탁(USD),,,06Y43,한국투자아폴로AAA일반사모자투자신탁(USD)(모),06Y44,한국투자아폴로AAA일반사모자투자신탁(USD)(A),06Y38,06Y43,06Y44,X,X,X,06Y38,한국투자아폴로AAA일반사모모투자신탁(USD)
1327,06Y83,한국투자칼라일CLO일반사모모투자신탁(USD),공통,0,06Y84,한국투자칼라일CLO일반사모자투자신탁(USD),,,06Y83,06Y84,,X,X,X,06Y83,한국투자칼라일CLO일반사모모투자신탁(USD)
1328,06Y86,한국투자HamiltonLaneSCOPE일반사모모투자신탁(USD),공통,0,06Y87,한국투자HamiltonLaneSCOPE일반사모자투자신탁(USD)(모),06Y88,한국투자HamiltonLaneSCOPE일반사모자투자신탁(USD)(A),06Y86,06Y87,06Y88,X,X,X,06Y86,한국투자HamiltonLaneSCOPE일반사모모투자신탁(USD)
1329,06Y86,한국투자HamiltonLaneSCOPE일반사모모투자신탁(USD),,,06Z07,한국투자HamiltonLaneSCOPE일반사모자투자신탁H(모),06Z08,한국투자HamiltonLaneSCOPE일반사모자투자신탁H(A),06Y86,06Z07,06Z08,X,X,X,06Y86,한국투자HamiltonLaneSCOPE일반사모모투자신탁(USD)
1330,06Y86,한국투자HamiltonLaneSCOPE일반사모모투자신탁(USD),,,06Z07,,06Z10,한국투자HamiltonLaneSCOPE일반사모자투자신탁H(C-W),06Y86,06Z07,06Z10,X,X,X,06Y86,한국투자HamiltonLaneSCOPE일반사모모투자신탁(USD)
1331,06Y95,한국투자글로벌해밀턴레인GPA일반사모모투자신탁(USD),공통,0,06Y96,한국투자글로벌해밀턴레인GPA일반사모자투자신탁(USD),,,06Y95,06Y96,,X,X,X,06Y95,한국투자글로벌해밀턴레인GPA일반사모모투자신탁(USD)
1332,06Y95,한국투자글로벌해밀턴레인GPA일반사모모투자신탁(USD),,,06Y97,한국투자글로벌해밀턴레인GPA일반사모자투자신탁H,,,06Y95,06Y97,,X,X,X,06Y95,한국투자글로벌해밀턴레인GPA일반사모모투자신탁(USD)
1333,06Z01,한국투자글로벌월지급식아폴로ADS일반사모모투자신탁(USD),공통,0,06Z02,한국투자글로벌월지급식아폴로ADS일반사모자투자신탁(USD),,,06Z01,06Z02,,X,X,X,06Z01,한국투자글로벌월지급식아폴로ADS일반사모모투자신탁(USD)
1334,06Z01,한국투자글로벌월지급식아폴로ADS일반사모모투자신탁(USD),,,06Z03,한국투자글로벌월지급식아폴로ADS일반사모자투자신탁(H),,,06Z01,06Z03,,X,X,X,06Z01,한국투자글로벌월지급식아폴로ADS일반사모모투자신탁(USD)
1335,06Z17,한국투자칼라일CLO일반사모모투자신탁2호(USD),공통,0,06Z18,한국투자칼라일CLO일반사모자투자신탁2호(USD),,,06Z17,06Z18,,X,X,X,06Z17,한국투자칼라일CLO일반사모모투자신탁2호(USD)
1336,06Z53,한국투자칼라일CLO일반사모모투자신탁3호(USD),공통,0,06Z54,한국투자칼라일CLO일반사모자투자신탁3호(USD),,,06Z53,06Z54,,X,X,X,06Z53,한국투자칼라일CLO일반사모모투자신탁3호(USD)
1337,06Z53,한국투자칼라일CLO일반사모모투자신탁3호(USD),,,06Z55,한국투자칼라일CLO일반사모자투자신탁3호H,,,06Z53,06Z55,,X,X,X,06Z53,한국투자칼라일CLO일반사모모투자신탁3호(USD)
1338,06Z79,한국투자노블클래스글로벌일반사모증권모투자신탁4호(주식),공통,0,06Z80,한국투자노블클래스글로벌일반사모증권자투자신탁4호(주식-파생형),,,06Z79,06Z80,,X,X,X,06Z79,한국투자노블클래스글로벌일반사모증권모투자신탁4호(주식)
1339,07128,D특별주식모6호,공통,0,07521,D석류세금주식9,,,07128,07521,,X,X,X,07128,D특별주식모6호
1340,07128,D특별주식모6호,,,07807,D대표장기주식A31,,,07128,07807,,X,X,X,07128,D특별주식모6호
1341,07201,가계장기 채권 혼합 모신탁,공통,0,03603,가계장기공사채3호투자신탁,,,07201,03603,,X,X,X,07201,가계장기 채권 혼합 모신탁
1342,07201,가계장기 채권 혼합 모신탁,,,03607,가계장기공사채4호투자신탁,,,07201,03607,,X,X,X,07201,가계장기 채권 혼합 모신탁
1343,07201,가계장기 채권 혼합 모신탁,,,03609,가계장기공사채5호투자신탁,,,07201,03609,,X,X,X,07201,가계장기 채권 혼합 모신탁
1344,07201,가계장기 채권 혼합 모신탁,,,09281,SE가계장기공사채투자신탁1호,,,07201,09281,,X,X,X,07201,가계장기 채권 혼합 모신탁
1345,07201,가계장기 채권 혼합 모신탁,,,09282,SE가계장기공사채투자신탁2호,,,07201,09282,,X,X,X,07201,가계장기 채권 혼합 모신탁
1346,07203,개인연금채권혼합모신탁,공통,100,00151,개인연금1호공사채투자신탁,,,07203,00151,,X,X,X,07203,개인연금채권혼합모신탁
1347,07203,개인연금채권혼합모신탁,,,00152,개인연금2호공사채투자신탁,,,07203,00152,,X,X,X,07203,개인연금채권혼합모신탁
1348,07203,개인연금채권혼합모신탁,,,00153,개인연금3호공사채투자신탁,,,07203,00153,,X,X,X,07203,개인연금채권혼합모신탁
1349,07203,개인연금채권혼합모신탁,,,00154,개인연금4호공사채투자신탁,,,07203,00154,,X,X,X,07203,개인연금채권혼합모신탁
1350,07203,개인연금채권혼합모신탁,,,00155,개인연금5호공사채투자신탁,,,07203,00155,,X,X,X,07203,개인연금채권혼합모신탁
1351,07203,개인연금채권혼합모신탁,,,00156,개인연금6호공사채투자신탁,,,07203,00156,,X,X,X,07203,개인연금채권혼합모신탁
1352,07203,개인연금채권혼합모신탁,,,09261,SE개인연금공사채투자신탁1호,,,07203,09261,,X,X,X,07203,개인연금채권혼합모신탁
1353,07204,개인연금주식혼합모신탁,공통,100,00541,개인연금1호주식투자신탁,,,07204,00541,,X,X,X,07204,개인연금주식혼합모신탁
1354,07204,개인연금주식혼합모신탁,,,00542,개인연금2호주식투자신탁,,,07204,00542,,X,X,X,07204,개인연금주식혼합모신탁
1355,07204,개인연금주식혼합모신탁,,,00543,개인연금3호주식투자신탁,,,07204,00543,,X,X,X,07204,개인연금주식혼합모신탁
1356,07204,개인연금주식혼합모신탁,,,00544,개인연금4호주식투자신탁,,,07204,00544,,X,X,X,07204,개인연금주식혼합모신탁
1357,07204,개인연금주식혼합모신탁,,,00545,개인연금5호주식투자신탁,,,07204,00545,,X,X,X,07204,개인연금주식혼합모신탁
1358,07204,개인연금주식혼합모신탁,,,09471,SE개인연금주식투자신탁,,,07204,09471,,X,X,X,07204,개인연금주식혼합모신탁
1359,07205,근로자우대 채권 혼합 모신탁,공통,0,00340,근로자우대공사채투자신탁,,,07205,00340,,X,X,X,07205,근로자우대 채권 혼합 모신탁
1360,07206,근로자우대 주식 혼합 모신탁,공통,0,00862,근로자우대주식투자신탁,,,07206,00862,,X,X,X,07206,근로자우대 주식 혼합 모신탁
1361,07207,근로자장기 채권 혼합 모신탁,공통,0,00022,근로자장기저축공사채투자신탁,,,07207,00022,,X,X,X,07207,근로자장기 채권 혼합 모신탁
1362,07207,근로자장기 채권 혼합 모신탁,,,00023,석류근로자장기저축공사채투자신탁1,,,07207,00023,,X,X,X,07207,근로자장기 채권 혼합 모신탁
1363,07207,근로자장기 채권 혼합 모신탁,,,00024,신석류근로자장기공사채투자신탁,,,07207,00024,,X,X,X,07207,근로자장기 채권 혼합 모신탁
1364,07208,근로자장기 주식 혼합 모신탁,설정,99.5,00443,근로자장기저축주식투자신탁,,,07208,00443,,X,X,X,07208,근로자장기 주식 혼합 모신탁
1365,07208,근로자장기 주식 혼합 모신탁,해지,100,00443,근로자장기저축주식투자신탁,,,07208,00443,,X,X,X,07208,근로자장기 주식 혼합 모신탁
1366,07209,노후연금채권 모신탁,공통,0,00061,노후생활1호연금투자신탁,,,07209,00061,,X,X,X,07209,노후연금채권 모신탁
1367,07209,노후연금채권 모신탁,,,00066,노후생활6호연금투자신탁,,,07209,00066,,X,X,X,07209,노후연금채권 모신탁
1368,07209,노후연금채권 모신탁,,,03106,신노후연금공사채3호,,,07209,03106,,X,X,X,07209,노후연금채권 모신탁
1369,07209,노후연금채권 모신탁,,,03120,노후연금공사채투자신탁A-9,,,07209,03120,,X,X,X,07209,노후연금채권 모신탁
1370,07210,노후연금 채권혼합 모신탁,공통,0,00491,노후생활주식투자신탁,,,07210,00491,,X,X,X,07210,노후연금 채권혼합 모신탁
1371,07211,세금우대 채권 모신탁,공통,0,00018,석류세금우대10호공사채투자신탁,,,07211,00018,,X,X,X,07211,세금우대 채권 모신탁
1372,07211,세금우대 채권 모신탁,,,00051,세금우대공사채투자신탁,,,07211,00051,,X,X,X,07211,세금우대 채권 모신탁
1373,07211,세금우대 채권 모신탁,,,00052,석류세금우대1호공사채투자신탁,,,07211,00052,,X,X,X,07211,세금우대 채권 모신탁
1374,07211,세금우대 채권 모신탁,,,00053,석류세금우대2호공사채투자신탁,,,07211,00053,,X,X,X,07211,세금우대 채권 모신탁
1375,07211,세금우대 채권 모신탁,,,00054,석류세금우대3호공사채투자신탁,,,07211,00054,,X,X,X,07211,세금우대 채권 모신탁
1376,07211,세금우대 채권 모신탁,,,00055,석류세금우대4호공사채투자신탁,,,07211,00055,,X,X,X,07211,세금우대 채권 모신탁
1377,07211,세금우대 채권 모신탁,,,00056,석류세금우대5호공사채투자신탁,,,07211,00056,,X,X,X,07211,세금우대 채권 모신탁
1378,07211,세금우대 채권 모신탁,,,00057,신석류세금우대공사채투자신탁,,,07211,00057,,X,X,X,07211,세금우대 채권 모신탁
1379,07211,세금우대 채권 모신탁,,,00060,석류세금우대9호공사채투자신탁,,,07211,00060,,X,X,X,07211,세금우대 채권 모신탁
1380,07211,세금우대 채권 모신탁,,,00161,신석류세금우대공사채투자신탁3호,,,07211,00161,,X,X,X,07211,세금우대 채권 모신탁
1381,07211,세금우대 채권 모신탁,,,02101,신세금우대공사채1-1,,,07211,02101,,X,X,X,07211,세금우대 채권 모신탁
1382,07211,세금우대 채권 모신탁,,,02102,신세금우대1공사채D-1호,,,07211,02102,,X,X,X,07211,세금우대 채권 모신탁
1383,07211,세금우대 채권 모신탁,,,02107,신세금우대1공사채A-1호,,,07211,02107,,X,X,X,07211,세금우대 채권 모신탁
1384,07211,세금우대 채권 모신탁,,,02110,신세금우대1공사채A-3호,,,07211,02110,,X,X,X,07211,세금우대 채권 모신탁
1385,07211,세금우대 채권 모신탁,,,02113,세금우대공사채투자신탁A-1,,,07211,02113,,X,X,X,07211,세금우대 채권 모신탁
1386,07211,세금우대 채권 모신탁,,,02116,세금우대공사채투자신탁A-3,,,07211,02116,,X,X,X,07211,세금우대 채권 모신탁
1387,07211,세금우대 채권 모신탁,,,02123,세금우대공사채투자신탁A-8,,,07211,02123,,X,X,X,07211,세금우대 채권 모신탁
1388,07211,세금우대 채권 모신탁,,,02126,세금우대공사채투자신탁A-10,,,07211,02126,,X,X,X,07211,세금우대 채권 모신탁
1389,07211,세금우대 채권 모신탁,,,02127,세금우대공사채투자신탁A-11,,,07211,02127,,X,X,X,07211,세금우대 채권 모신탁
1390,07211,세금우대 채권 모신탁,,,02128,세금우대공사채투자신탁A-12,,,07211,02128,,X,X,X,07211,세금우대 채권 모신탁
1391,07211,세금우대 채권 모신탁,,,02129,세금우대공사채투자신탁A-13,,,07211,02129,,X,X,X,07211,세금우대 채권 모신탁
1392,07211,세금우대 채권 모신탁,,,02133,세금우대공사채투자신탁A-17,,,07211,02133,,X,X,X,07211,세금우대 채권 모신탁
1393,07211,세금우대 채권 모신탁,,,02137,세금우대공사채투자신탁A-21,,,07211,02137,,X,X,X,07211,세금우대 채권 모신탁
1394,07211,세금우대 채권 모신탁,,,02138,세금우대공사채투자신탁A-22,,,07211,02138,,X,X,X,07211,세금우대 채권 모신탁
1395,07211,세금우대 채권 모신탁,,,03103,신세금우대2공사채D-1,,,07211,03103,,X,X,X,07211,세금우대 채권 모신탁
1396,07211,세금우대 채권 모신탁,,,03601,신세금우대공사채3-1,,,07211,03601,,X,X,X,07211,세금우대 채권 모신탁
1397,07211,세금우대 채권 모신탁,,,03602,신세금우대3공사채D-1,,,07211,03602,,X,X,X,07211,세금우대 채권 모신탁
1398,07211,세금우대 채권 모신탁,,,03604,신세금우대3공사채D-2,,,07211,03604,,X,X,X,07211,세금우대 채권 모신탁
1399,07211,세금우대 채권 모신탁,,,03605,신세금우대3공사채D-3,,,07211,03605,,X,X,X,07211,세금우대 채권 모신탁
1400,07211,세금우대 채권 모신탁,,,03606,신세금우대3공사채D-4,,,07211,03606,,X,X,X,07211,세금우대 채권 모신탁
1401,07211,세금우대 채권 모신탁,,,07521,D석류세금주식9,,,07211,07521,,X,X,X,07211,세금우대 채권 모신탁
1402,07211,세금우대 채권 모신탁,,,07745,D세금주식A11,,,07211,07745,,X,X,X,07211,세금우대 채권 모신탁
1403,07211,세금우대 채권 모신탁,,,07755,D세금주식A21,,,07211,07755,,X,X,X,07211,세금우대 채권 모신탁
1404,07211,세금우대 채권 모신탁,,,07840,D신세금2주식1,,,07211,07840,,X,X,X,07211,세금우대 채권 모신탁
1405,07211,세금우대 채권 모신탁,,,09130,SE세금우대공사채투자신탁,,,07211,09130,,X,X,X,07211,세금우대 채권 모신탁
1406,07211,세금우대 채권 모신탁,,,09131,SE신세기세금우대공사채1호,,,07211,09131,,X,X,X,07211,세금우대 채권 모신탁
1407,07211,세금우대 채권 모신탁,,,09132,SE신세기세금우대공사채2호,,,07211,09132,,X,X,X,07211,세금우대 채권 모신탁
1408,07211,세금우대 채권 모신탁,,,09133,SE신세기세금우대공사채3호,,,07211,09133,,X,X,X,07211,세금우대 채권 모신탁
1409,07212,세금우대 채권 혼합 모신탁,공통,0,00471,세금우대주식투자신탁,,,07212,00471,,X,X,X,07212,세금우대 채권 혼합 모신탁
1410,07212,세금우대 채권 혼합 모신탁,,,07521,D석류세금주식9,,,07212,07521,,X,X,X,07212,세금우대 채권 혼합 모신탁
1411,07213,일반적립식채권모신탁,공통,0,07342,W개인연금주식2호,,,07213,07342,,X,X,X,07213,일반적립식채권모신탁
1412,07213,일반적립식채권모신탁,,,07343,W개인연금주식3호,,,07213,07343,,X,X,X,07213,일반적립식채권모신탁
1413,07213,일반적립식채권모신탁,,100,07344,W개인연금주식4호,,,07213,07344,,X,X,X,07213,일반적립식채권모신탁
1414,07213,일반적립식채권모신탁,,,07527,D개인연금주식1,,,07213,07527,,X,X,X,07213,일반적립식채권모신탁
1415,07213,일반적립식채권모신탁,,,07528,D개인연금주식2,,,07213,07528,,X,X,X,07213,일반적립식채권모신탁
1416,07213,일반적립식채권모신탁,,,07529,D개인연금주식3,,,07213,07529,,X,X,X,07213,일반적립식채권모신탁
1417,07213,일반적립식채권모신탁,,,07530,D개인연금주식4,,,07213,07530,,X,X,X,07213,일반적립식채권모신탁
1418,07213,일반적립식채권모신탁,,,07531,D개인연금주식5,,,07213,07531,,X,X,X,07213,일반적립식채권모신탁
1419,07213,일반적립식채권모신탁,,,07532,D개인연금주식6,,,07213,07532,,X,X,X,07213,일반적립식채권모신탁
1420,07213,일반적립식채권모신탁,,0,07545,D근로자우대주식,,,07213,07545,,X,X,X,07213,일반적립식채권모신탁
1421,07213,일반적립식채권모신탁,,,07857,D노후연금주식A9,,,07213,07857,,X,X,X,07213,일반적립식채권모신탁
1422,07213,일반적립식채권모신탁,,,07877,D신세금3주식D1,,,07213,07877,,X,X,X,07213,일반적립식채권모신탁
1423,07213,일반적립식채권모신탁,,100,07885,D21개인연금주식1,,,07213,07885,,X,X,X,07213,일반적립식채권모신탁
1424,07214,일반적립식 주식 혼합 모신탁,공통,0,07341,W개인연금주식1호,,,07214,07341,,X,X,X,07214,일반적립식 주식 혼합 모신탁
1425,07214,일반적립식 주식 혼합 모신탁,,,07857,D노후연금주식A9,,,07214,07857,,X,X,X,07214,일반적립식 주식 혼합 모신탁
1426,07A42,한국투자중국공모주투자증권모투자신탁(채권),공통,100,07A43,한국투자중국공모주투자증권자투자신탁1호(채권)(모),07A44,한국투자중국공모주투자증권자투자신탁1호(채권)(A),07A42,07A43,07A44,X,X,X,07A42,한국투자중국공모주투자증권모투자신탁(채권)
1427,07A42,한국투자중국공모주투자증권모투자신탁(채권),,,07A43,,07A45,한국투자중국공모주투자증권자투자신탁1호(채권)(A-e),07A42,07A43,07A45,X,X,X,07A42,한국투자중국공모주투자증권모투자신탁(채권)
1428,07A42,한국투자중국공모주투자증권모투자신탁(채권),,,07A43,,07A46,한국투자중국공모주투자증권자투자신탁1호(채권)(C),07A42,07A43,07A46,X,X,X,07A42,한국투자중국공모주투자증권모투자신탁(채권)
1429,07A42,한국투자중국공모주투자증권모투자신탁(채권),,,07A43,,07A47,한국투자중국공모주투자증권자투자신탁1호(채권)(C-e),07A42,07A43,07A47,X,X,X,07A42,한국투자중국공모주투자증권모투자신탁(채권)
1430,07A42,한국투자중국공모주투자증권모투자신탁(채권),,,07A43,,07A48,한국투자중국공모주투자증권자투자신탁1호(채권)(C-F),07A42,07A43,07A48,X,X,X,07A42,한국투자중국공모주투자증권모투자신탁(채권)
1431,07A42,한국투자중국공모주투자증권모투자신탁(채권),,,07A43,,07A49,한국투자중국공모주투자증권자투자신탁1호(채권)(C-W),07A42,07A43,07A49,X,X,X,07A42,한국투자중국공모주투자증권모투자신탁(채권)
1432,07A42,한국투자중국공모주투자증권모투자신탁(채권),,,07A43,,07A50,한국투자중국공모주투자증권자투자신탁1호(채권)(S),07A42,07A43,07A50,X,X,X,07A42,한국투자중국공모주투자증권모투자신탁(채권)
1433,07A42,한국투자중국공모주투자증권모투자신탁(채권),,,07A51,한국투자중국공모주투자증권자투자신탁2호(채권)(모),07A52,한국투자중국공모주투자증권자투자신탁2호(채권)(A),07A42,07A51,07A52,X,X,X,07A42,한국투자중국공모주투자증권모투자신탁(채권)
1434,07A42,한국투자중국공모주투자증권모투자신탁(채권),,,07A51,,07A53,한국투자중국공모주투자증권자투자신탁2호(채권)(A-e),07A42,07A51,07A53,X,X,X,07A42,한국투자중국공모주투자증권모투자신탁(채권)
1435,07A42,한국투자중국공모주투자증권모투자신탁(채권),,,07A51,,07A54,한국투자중국공모주투자증권자투자신탁2호(채권)(C),07A42,07A51,07A54,X,X,X,07A42,한국투자중국공모주투자증권모투자신탁(채권)
1436,07A42,한국투자중국공모주투자증권모투자신탁(채권),,,07A51,,07A55,한국투자중국공모주투자증권자투자신탁2호(채권)(C-e),07A42,07A51,07A55,X,X,X,07A42,한국투자중국공모주투자증권모투자신탁(채권)
1437,07A42,한국투자중국공모주투자증권모투자신탁(채권),,,07A51,,07A56,한국투자중국공모주투자증권자투자신탁2호(채권)(C-F),07A42,07A51,07A56,X,X,X,07A42,한국투자중국공모주투자증권모투자신탁(채권)
1438,07A42,한국투자중국공모주투자증권모투자신탁(채권),,,07A51,,07A57,한국투자중국공모주투자증권자투자신탁2호(채권)(C-W),07A42,07A51,07A57,X,X,X,07A42,한국투자중국공모주투자증권모투자신탁(채권)
1439,07A42,한국투자중국공모주투자증권모투자신탁(채권),,,07A51,,07A58,한국투자중국공모주투자증권자투자신탁2호(채권)(S),07A42,07A51,07A58,X,X,X,07A42,한국투자중국공모주투자증권모투자신탁(채권)
1440,07A59,한국투자중국공모주투자증권모투자신탁2호(채권),공통,100,07A60,한국투자중국공모주투자증권자투자신탁3호(채권)(모),07A61,한국투자중국공모주투자증권자투자신탁3호(채권)(A),07A59,07A60,07A61,X,X,X,07A59,한국투자중국공모주투자증권모투자신탁2호(채권)
1441,07A59,한국투자중국공모주투자증권모투자신탁2호(채권),,,07A60,,07A62,한국투자중국공모주투자증권자투자신탁3호(채권)(A-e),07A59,07A60,07A62,X,X,X,07A59,한국투자중국공모주투자증권모투자신탁2호(채권)
1442,07A59,한국투자중국공모주투자증권모투자신탁2호(채권),,,07A60,,07A63,한국투자중국공모주투자증권자투자신탁3호(채권)(C),07A59,07A60,07A63,X,X,X,07A59,한국투자중국공모주투자증권모투자신탁2호(채권)
1443,07A59,한국투자중국공모주투자증권모투자신탁2호(채권),,,07A60,,07A64,한국투자중국공모주투자증권자투자신탁3호(채권)(C-e),07A59,07A60,07A64,X,X,X,07A59,한국투자중국공모주투자증권모투자신탁2호(채권)
1444,07A59,한국투자중국공모주투자증권모투자신탁2호(채권),,,07A60,,07A65,한국투자중국공모주투자증권자투자신탁3호(채권)(C-F),07A59,07A60,07A65,X,X,X,07A59,한국투자중국공모주투자증권모투자신탁2호(채권)
1445,07A59,한국투자중국공모주투자증권모투자신탁2호(채권),,,07A60,,07A66,한국투자중국공모주투자증권자투자신탁3호(채권)(C-W),07A59,07A60,07A66,X,X,X,07A59,한국투자중국공모주투자증권모투자신탁2호(채권)
1446,07A59,한국투자중국공모주투자증권모투자신탁2호(채권),,,07A68,한국투자중국공모주투자증권자투자신탁4호(채권)(모),07A69,한국투자중국공모주투자증권자투자신탁4호(채권)(A),07A59,07A68,07A69,X,X,X,07A59,한국투자중국공모주투자증권모투자신탁2호(채권)
1447,07A59,한국투자중국공모주투자증권모투자신탁2호(채권),,,07A68,,07A70,한국투자중국공모주투자증권자투자신탁4호(채권)(A-e),07A59,07A68,07A70,X,X,X,07A59,한국투자중국공모주투자증권모투자신탁2호(채권)
1448,07A59,한국투자중국공모주투자증권모투자신탁2호(채권),,,07A68,,07A71,한국투자중국공모주투자증권자투자신탁4호(채권)(C),07A59,07A68,07A71,X,X,X,07A59,한국투자중국공모주투자증권모투자신탁2호(채권)
1449,07A59,한국투자중국공모주투자증권모투자신탁2호(채권),,,07A68,,07A72,한국투자중국공모주투자증권자투자신탁4호(채권)(C-e),07A59,07A68,07A72,X,X,X,07A59,한국투자중국공모주투자증권모투자신탁2호(채권)
1450,07A59,한국투자중국공모주투자증권모투자신탁2호(채권),,,07A68,,07A73,한국투자중국공모주투자증권자투자신탁4호(채권)(C-F),07A59,07A68,07A73,X,X,X,07A59,한국투자중국공모주투자증권모투자신탁2호(채권)
1451,07A59,한국투자중국공모주투자증권모투자신탁2호(채권),,,07A68,,07A74,한국투자중국공모주투자증권자투자신탁4호(채권)(C-W),07A59,07A68,07A74,X,X,X,07A59,한국투자중국공모주투자증권모투자신탁2호(채권)
1452,07B10,한국투자아시아그로스이니셔티브증권모투자신탁(주식),공통,100,07B11,한국투자아시아그로스이니셔티브증권자투자신탁H(주식)(모),07B13,한국투자아시아그로스이니셔티브증권자투자신탁H(주식)(A-e),07B10,07B11,07B13,X,X,X,07B10,한국투자아시아그로스이니셔티브증권모투자신탁(주식)
1453,07B10,한국투자아시아그로스이니셔티브증권모투자신탁(주식),,,07B11,,07B19,한국투자아시아그로스이니셔티브증권자투자신탁H(주식)(C-e),07B10,07B11,07B19,X,X,X,07B10,한국투자아시아그로스이니셔티브증권모투자신탁(주식)
1454,07B10,한국투자아시아그로스이니셔티브증권모투자신탁(주식),,,07B11,,07B20,한국투자아시아그로스이니셔티브증권자투자신탁H(주식)(C-F),07B10,07B11,07B20,X,X,X,07B10,한국투자아시아그로스이니셔티브증권모투자신탁(주식)
1455,07B10,한국투자아시아그로스이니셔티브증권모투자신탁(주식),,,07B11,,07B23,한국투자아시아그로스이니셔티브증권자투자신탁H(주식)(C-Pe),07B10,07B11,07B23,X,X,X,07B10,한국투자아시아그로스이니셔티브증권모투자신탁(주식)
1456,07B10,한국투자아시아그로스이니셔티브증권모투자신탁(주식),,,07B11,,07B25,한국투자아시아그로스이니셔티브증권자투자신탁H(주식)(C-Re),07B10,07B11,07B25,X,X,X,07B10,한국투자아시아그로스이니셔티브증권모투자신탁(주식)
1457,07B10,한국투자아시아그로스이니셔티브증권모투자신탁(주식),,95,07B30,한국투자아시아그로스이니셔티브증권자투자신탁UH(주식)(모),07B39,한국투자아시아그로스이니셔티브증권자투자신탁UH(주식)(C-F),07B10,07B30,07B39,X,X,X,07B10,한국투자아시아그로스이니셔티브증권모투자신탁(주식)
1458,07B10,한국투자아시아그로스이니셔티브증권모투자신탁(주식),,,07B30,,07B44,한국투자아시아그로스이니셔티브증권자투자신탁UH(주식)(C-Re),07B10,07B30,07B44,X,X,X,07B10,한국투자아시아그로스이니셔티브증권모투자신탁(주식)
1459,07B10,한국투자아시아그로스이니셔티브증권모투자신탁(주식),,,07B30,,07B45,한국투자아시아그로스이니셔티브증권자투자신탁UH(주식)(C-W),07B10,07B30,07B45,X,X,X,07B10,한국투자아시아그로스이니셔티브증권모투자신탁(주식)
1460,07B83,한국투자글로벌플렉스증권모투자신탁(USD)(채권혼합-재간접형),공통,0,07A25,한국투자글로벌플렉스증권자투자신탁(채권혼합-재간접형)(모),07A26,한국투자글로벌플렉스증권자투자신탁(채권혼합-재간접형)(A),07B83,07A25,07A26,X,X,X,07B83,한국투자글로벌플렉스증권모투자신탁(USD)(채권혼합-재간접형)
1461,07B83,한국투자글로벌플렉스증권모투자신탁(USD)(채권혼합-재간접형),,,07A25,,07A27,한국투자글로벌플렉스증권자투자신탁(채권혼합-재간접형)(A-e),07B83,07A25,07A27,X,X,X,07B83,한국투자글로벌플렉스증권모투자신탁(USD)(채권혼합-재간접형)
1462,07B83,한국투자글로벌플렉스증권모투자신탁(USD)(채권혼합-재간접형),,,07A25,,07A28,한국투자글로벌플렉스증권자투자신탁(채권혼합-재간접형)(C),07B83,07A25,07A28,X,X,X,07B83,한국투자글로벌플렉스증권모투자신탁(USD)(채권혼합-재간접형)
1463,07B83,한국투자글로벌플렉스증권모투자신탁(USD)(채권혼합-재간접형),,,07A25,,07A29,한국투자글로벌플렉스증권자투자신탁(채권혼합-재간접형)(C-e),07B83,07A25,07A29,X,X,X,07B83,한국투자글로벌플렉스증권모투자신탁(USD)(채권혼합-재간접형)
1464,07B83,한국투자글로벌플렉스증권모투자신탁(USD)(채권혼합-재간접형),,,07A25,,07A31,한국투자글로벌플렉스증권자투자신탁(채권혼합-재간접형)(C-P),07B83,07A25,07A31,X,X,X,07B83,한국투자글로벌플렉스증권모투자신탁(USD)(채권혼합-재간접형)
1465,07B83,한국투자글로벌플렉스증권모투자신탁(USD)(채권혼합-재간접형),,,07A25,,07A32,한국투자글로벌플렉스증권자투자신탁(채권혼합-재간접형)(C-Pe),07B83,07A25,07A32,X,X,X,07B83,한국투자글로벌플렉스증권모투자신탁(USD)(채권혼합-재간접형)
1466,07B83,한국투자글로벌플렉스증권모투자신탁(USD)(채권혼합-재간접형),,,07A25,,07A33,한국투자글로벌플렉스증권자투자신탁(채권혼합-재간접형)(C-W),07B83,07A25,07A33,X,X,X,07B83,한국투자글로벌플렉스증권모투자신탁(USD)(채권혼합-재간접형)
1467,07B83,한국투자글로벌플렉스증권모투자신탁(USD)(채권혼합-재간접형),,,07A25,,07A34,한국투자글로벌플렉스증권자투자신탁(채권혼합-재간접형)(S),07B83,07A25,07A34,X,X,X,07B83,한국투자글로벌플렉스증권모투자신탁(USD)(채권혼합-재간접형)
1468,07B83,한국투자글로벌플렉스증권모투자신탁(USD)(채권혼합-재간접형),,,07A25,,07A35,한국투자글로벌플렉스증권자투자신탁(채권혼합-재간접형)(S-P),07B83,07A25,07A35,X,X,X,07B83,한국투자글로벌플렉스증권모투자신탁(USD)(채권혼합-재간접형)
1469,07B83,한국투자글로벌플렉스증권모투자신탁(USD)(채권혼합-재간접형),,,07A25,,07A38,한국투자글로벌플렉스증권자투자신탁(채권혼합-재간접형)(C-R),07B83,07A25,07A38,X,X,X,07B83,한국투자글로벌플렉스증권모투자신탁(USD)(채권혼합-재간접형)
1470,07B83,한국투자글로벌플렉스증권모투자신탁(USD)(채권혼합-재간접형),,,07A25,,07A39,한국투자글로벌플렉스증권자투자신탁(채권혼합-재간접형)(C-Re),07B83,07A25,07A39,X,X,X,07B83,한국투자글로벌플렉스증권모투자신탁(USD)(채권혼합-재간접형)
1471,07B83,한국투자글로벌플렉스증권모투자신탁(USD)(채권혼합-재간접형),,,07A25,,07A40,한국투자글로벌플렉스증권자투자신탁(채권혼합-재간접형)(S-R),07B83,07A25,07A40,X,X,X,07B83,한국투자글로벌플렉스증권모투자신탁(USD)(채권혼합-재간접형)
1472,07G02,한국투자인컴추구증권모투자신탁(채권혼합-재간접형),공통,50,07G04,한국투자OCIO알아서증권자투자신탁(채권혼합-재간접형)(모),07G05,한국투자OCIO알아서증권자투자신탁(채권혼합-재간접형)(C-R),07G02,07G04,07G05,X,X,X,07G02,한국투자인컴추구증권모투자신탁(채권혼합-재간접형)
1473,07G02,한국투자인컴추구증권모투자신탁(채권혼합-재간접형),,,07G04,,07G06,한국투자OCIO알아서증권자투자신탁(채권혼합-재간접형)(C-Re),07G02,07G04,07G06,X,X,X,07G02,한국투자인컴추구증권모투자신탁(채권혼합-재간접형)
1474,07G02,한국투자인컴추구증권모투자신탁(채권혼합-재간접형),,,07G04,,07G07,한국투자OCIO알아서증권자투자신탁(채권혼합-재간접형)(C-F),07G02,07G04,07G07,X,X,X,07G02,한국투자인컴추구증권모투자신탁(채권혼합-재간접형)
1475,07G02,한국투자인컴추구증권모투자신탁(채권혼합-재간접형),,,07G04,,07G08,한국투자OCIO알아서증권자투자신탁(채권혼합-재간접형)(C-R2),07G02,07G04,07G08,X,X,X,07G02,한국투자인컴추구증권모투자신탁(채권혼합-재간접형)
1476,07G02,한국투자인컴추구증권모투자신탁(채권혼합-재간접형),,,07G04,,07J03,한국투자OCIO알아서증권자투자신탁(채권혼합-재간접형)(C-R2e),07G02,07G04,07J03,X,X,X,07G02,한국투자인컴추구증권모투자신탁(채권혼합-재간접형)
1477,07G02,한국투자인컴추구증권모투자신탁(채권혼합-재간접형),,100,07J27,한국투자OCIO알아서인컴형증권자투자신탁(채권혼합-재간접형)(모),07J31,한국투자OCIO알아서인컴형증권자투자신탁(채권혼합-재간접형)(C-Re),07G02,07J27,07J31,X,X,X,07G02,한국투자인컴추구증권모투자신탁(채권혼합-재간접형)
1478,07G02,한국투자인컴추구증권모투자신탁(채권혼합-재간접형),,,07J27,,07J32,한국투자OCIO알아서인컴형증권자투자신탁(채권혼합-재간접형)(C-R),07G02,07J27,07J32,X,X,X,07G02,한국투자인컴추구증권모투자신탁(채권혼합-재간접형)
1479,07G03,한국투자수익추구증권모투자신탁(혼합-재간접형),공통,50,07G04,한국투자OCIO알아서증권자투자신탁(채권혼합-재간접형)(모),07G05,한국투자OCIO알아서증권자투자신탁(채권혼합-재간접형)(C-R),07G03,07G04,07G05,X,X,X,07G03,한국투자수익추구증권모투자신탁(혼합-재간접형)
1480,07G03,한국투자수익추구증권모투자신탁(혼합-재간접형),,,07G04,,07G06,한국투자OCIO알아서증권자투자신탁(채권혼합-재간접형)(C-Re),07G03,07G04,07G06,X,X,X,07G03,한국투자수익추구증권모투자신탁(혼합-재간접형)
1481,07G03,한국투자수익추구증권모투자신탁(혼합-재간접형),,,07G04,,07G07,한국투자OCIO알아서증권자투자신탁(채권혼합-재간접형)(C-F),07G03,07G04,07G07,X,X,X,07G03,한국투자수익추구증권모투자신탁(혼합-재간접형)
1482,07G03,한국투자수익추구증권모투자신탁(혼합-재간접형),,,07G04,,07G08,한국투자OCIO알아서증권자투자신탁(채권혼합-재간접형)(C-R2),07G03,07G04,07G08,X,X,X,07G03,한국투자수익추구증권모투자신탁(혼합-재간접형)
1483,07G03,한국투자수익추구증권모투자신탁(혼합-재간접형),,,07G04,,07J03,한국투자OCIO알아서증권자투자신탁(채권혼합-재간접형)(C-R2e),07G03,07G04,07J03,X,X,X,07G03,한국투자수익추구증권모투자신탁(혼합-재간접형)
1484,07G03,한국투자수익추구증권모투자신탁(혼합-재간접형),,100,07J20,한국투자OCIO알아서수익형증권자투자신탁(혼합-재간접형)(모),07J23,한국투자OCIO알아서수익형증권자투자신탁(혼합-재간접형)(C-R2),07G03,07J20,07J23,X,X,X,07G03,한국투자수익추구증권모투자신탁(혼합-재간접형)
1485,07G03,한국투자수익추구증권모투자신탁(혼합-재간접형),,,07J20,,07J24,한국투자OCIO알아서수익형증권자투자신탁(혼합-재간접형)(C-Re),07G03,07J20,07J24,X,X,X,07G03,한국투자수익추구증권모투자신탁(혼합-재간접형)
1486,07G22,한국투자웰링턴글로벌이노베이션증권모투자신탁(USD)(주식-재간접형),공통,100,07G23,한국투자웰링턴글로벌이노베이션증권자투자신탁(USD)(주식-재간접형)(모),07G27,한국투자웰링턴글로벌이노베이션증권자투자신탁(USD)(주식-재간접형)(C),07G22,07G23,07G27,X,X,X,07G22,한국투자웰링턴글로벌이노베이션증권모투자신탁(USD)(주식-재간접형)
1487,07G22,한국투자웰링턴글로벌이노베이션증권모투자신탁(USD)(주식-재간접형),,,07G42,한국투자웰링턴글로벌이노베이션증권자투자신탁H(주식-재간접형)(모),07G43,한국투자웰링턴글로벌이노베이션증권자투자신탁H(주식-재간접형)(A),07G22,07G42,07G43,X,X,X,07G22,한국투자웰링턴글로벌이노베이션증권모투자신탁(USD)(주식-재간접형)
1488,07G22,한국투자웰링턴글로벌이노베이션증권모투자신탁(USD)(주식-재간접형),,,07G42,,07G44,한국투자웰링턴글로벌이노베이션증권자투자신탁H(주식-재간접형)(A-e),07G22,07G42,07G44,X,X,X,07G22,한국투자웰링턴글로벌이노베이션증권모투자신탁(USD)(주식-재간접형)
1489,07G22,한국투자웰링턴글로벌이노베이션증권모투자신탁(USD)(주식-재간접형),,,07G42,,07G50,한국투자웰링턴글로벌이노베이션증권자투자신탁H(주식-재간접형)(C-e),07G22,07G42,07G50,X,X,X,07G22,한국투자웰링턴글로벌이노베이션증권모투자신탁(USD)(주식-재간접형)
1490,07G22,한국투자웰링턴글로벌이노베이션증권모투자신탁(USD)(주식-재간접형),,,07G42,,07G51,한국투자웰링턴글로벌이노베이션증권자투자신탁H(주식-재간접형)(C-F),07G22,07G42,07G51,X,X,X,07G22,한국투자웰링턴글로벌이노베이션증권모투자신탁(USD)(주식-재간접형)
1491,07G22,한국투자웰링턴글로벌이노베이션증권모투자신탁(USD)(주식-재간접형),,,07G61,한국투자웰링턴글로벌이노베이션증권자투자신탁UH(주식-재간접형)(모),07G69,한국투자웰링턴글로벌이노베이션증권자투자신탁UH(주식-재간접형)(C-e),07G22,07G61,07G69,X,X,X,07G22,한국투자웰링턴글로벌이노베이션증권모투자신탁(USD)(주식-재간접형)
1492,07G22,한국투자웰링턴글로벌이노베이션증권모투자신탁(USD)(주식-재간접형),,,07G61,,07G70,한국투자웰링턴글로벌이노베이션증권자투자신탁UH(주식-재간접형)(C-F),07G22,07G61,07G70,X,X,X,07G22,한국투자웰링턴글로벌이노베이션증권모투자신탁(USD)(주식-재간접형)
1493,07G22,한국투자웰링턴글로벌이노베이션증권모투자신탁(USD)(주식-재간접형),,,07G61,,07G73,한국투자웰링턴글로벌이노베이션증권자투자신탁UH(주식-재간접형)(C-Pe),07G22,07G61,07G73,X,X,X,07G22,한국투자웰링턴글로벌이노베이션증권모투자신탁(USD)(주식-재간접형)
1494,07G82,한국투자지속가능미국와이드모트증권모투자신탁(USD)(주식),공통,0,07G83,한국투자지속가능미국와이드모트증권자투자신탁(USD)(주식)(모),07G84,한국투자지속가능미국와이드모트증권자투자신탁(USD)(주식)(A),07G82,07G83,07G84,X,X,X,07G82,한국투자지속가능미국와이드모트증권모투자신탁(USD)(주식)
1495,07G82,한국투자지속가능미국와이드모트증권모투자신탁(USD)(주식),,,07G83,,07G86,한국투자지속가능미국와이드모트증권자투자신탁(USD)(주식)(A-e),07G82,07G83,07G86,X,X,X,07G82,한국투자지속가능미국와이드모트증권모투자신탁(USD)(주식)
1496,07G82,한국투자지속가능미국와이드모트증권모투자신탁(USD)(주식),,,07G83,,07G87,한국투자지속가능미국와이드모트증권자투자신탁(USD)(주식)(C),07G82,07G83,07G87,X,X,X,07G82,한국투자지속가능미국와이드모트증권모투자신탁(USD)(주식)
1497,07G82,한국투자지속가능미국와이드모트증권모투자신탁(USD)(주식),,,07G83,,07G95,한국투자지속가능미국와이드모트증권자투자신탁(USD)(주식)(C-e),07G82,07G83,07G95,X,X,X,07G82,한국투자지속가능미국와이드모트증권모투자신탁(USD)(주식)
1498,07G82,한국투자지속가능미국와이드모트증권모투자신탁(USD)(주식),,,07G99,한국투자지속가능미국와이드모트증권자투자신탁H(주식)(모),07H01,한국투자지속가능미국와이드모트증권자투자신탁H(주식)(A),07G82,07G99,07H01,X,X,X,07G82,한국투자지속가능미국와이드모트증권모투자신탁(USD)(주식)
1499,07G82,한국투자지속가능미국와이드모트증권모투자신탁(USD)(주식),,,07G99,,07H03,한국투자지속가능미국와이드모트증권자투자신탁H(주식)(A-e),07G82,07G99,07H03,X,X,X,07G82,한국투자지속가능미국와이드모트증권모투자신탁(USD)(주식)
1500,07G82,한국투자지속가능미국와이드모트증권모투자신탁(USD)(주식),,,07G99,,07H04,한국투자지속가능미국와이드모트증권자투자신탁H(주식)(C),07G82,07G99,07H04,X,X,X,07G82,한국투자지속가능미국와이드모트증권모투자신탁(USD)(주식)
1501,07G82,한국투자지속가능미국와이드모트증권모투자신탁(USD)(주식),,,07G99,,07H05,한국투자지속가능미국와이드모트증권자투자신탁H(주식)(C-F),07G82,07G99,07H05,X,X,X,07G82,한국투자지속가능미국와이드모트증권모투자신탁(USD)(주식)
1502,07G82,한국투자지속가능미국와이드모트증권모투자신탁(USD)(주식),,,07G99,,07H07,한국투자지속가능미국와이드모트증권자투자신탁H(주식)(C-P),07G82,07G99,07H07,X,X,X,07G82,한국투자지속가능미국와이드모트증권모투자신탁(USD)(주식)
1503,07G82,한국투자지속가능미국와이드모트증권모투자신탁(USD)(주식),,,07G99,,07H08,한국투자지속가능미국와이드모트증권자투자신탁H(주식)(C-Pe),07G82,07G99,07H08,X,X,X,07G82,한국투자지속가능미국와이드모트증권모투자신탁(USD)(주식)
1504,07G82,한국투자지속가능미국와이드모트증권모투자신탁(USD)(주식),,,07G99,,07H09,한국투자지속가능미국와이드모트증권자투자신탁H(주식)(C-R),07G82,07G99,07H09,X,X,X,07G82,한국투자지속가능미국와이드모트증권모투자신탁(USD)(주식)
1505,07G82,한국투자지속가능미국와이드모트증권모투자신탁(USD)(주식),,,07G99,,07H10,한국투자지속가능미국와이드모트증권자투자신탁H(주식)(C-Re),07G82,07G99,07H10,X,X,X,07G82,한국투자지속가능미국와이드모트증권모투자신탁(USD)(주식)
1506,07G82,한국투자지속가능미국와이드모트증권모투자신탁(USD)(주식),,,07G99,,07H11,한국투자지속가능미국와이드모트증권자투자신탁H(주식)(C-W),07G82,07G99,07H11,X,X,X,07G82,한국투자지속가능미국와이드모트증권모투자신탁(USD)(주식)
1507,07G82,한국투자지속가능미국와이드모트증권모투자신탁(USD)(주식),,,07G99,,07H12,한국투자지속가능미국와이드모트증권자투자신탁H(주식)(C-e),07G82,07G99,07H12,X,X,X,07G82,한국투자지속가능미국와이드모트증권모투자신탁(USD)(주식)
1508,07G82,한국투자지속가능미국와이드모트증권모투자신탁(USD)(주식),,,07H16,한국투자지속가능미국와이드모트증권자투자신탁UH(주식)(모),07H17,한국투자지속가능미국와이드모트증권자투자신탁UH(주식)(A),07G82,07H16,07H17,X,X,X,07G82,한국투자지속가능미국와이드모트증권모투자신탁(USD)(주식)
1509,07G82,한국투자지속가능미국와이드모트증권모투자신탁(USD)(주식),,,07H16,,07H19,한국투자지속가능미국와이드모트증권자투자신탁UH(주식)(A-e),07G82,07H16,07H19,X,X,X,07G82,한국투자지속가능미국와이드모트증권모투자신탁(USD)(주식)
1510,07G82,한국투자지속가능미국와이드모트증권모투자신탁(USD)(주식),,,07H16,,07H20,한국투자지속가능미국와이드모트증권자투자신탁UH(주식)(C),07G82,07H16,07H20,X,X,X,07G82,한국투자지속가능미국와이드모트증권모투자신탁(USD)(주식)
1511,07G82,한국투자지속가능미국와이드모트증권모투자신탁(USD)(주식),,,07H16,,07H24,한국투자지속가능미국와이드모트증권자투자신탁UH(주식)(C-Pe),07G82,07H16,07H24,X,X,X,07G82,한국투자지속가능미국와이드모트증권모투자신탁(USD)(주식)
1512,07G82,한국투자지속가능미국와이드모트증권모투자신탁(USD)(주식),,,07H16,,07H26,한국투자지속가능미국와이드모트증권자투자신탁UH(주식)(C-Re),07G82,07H16,07H26,X,X,X,07G82,한국투자지속가능미국와이드모트증권모투자신탁(USD)(주식)
1513,07G82,한국투자지속가능미국와이드모트증권모투자신탁(USD)(주식),,,07H16,,07H28,한국투자지속가능미국와이드모트증권자투자신탁UH(주식)(C-e),07G82,07H16,07H28,X,X,X,07G82,한국투자지속가능미국와이드모트증권모투자신탁(USD)(주식)
1514,07H32,한국투자적격TDF알아서2055증권모투자신탁(주식혼합-재간접형),공통,100,07H33,한국투자적격TDF알아서2055증권자투자신탁H(주식혼합-재간접형)(모),07H36,한국투자적격TDF알아서2055증권자투자신탁H(주식혼합-재간접형)(A-e),07H32,07H33,07H36,X,X,X,07H32,한국투자적격TDF알아서2055증권모투자신탁(주식혼합-재간접형)
1515,07H32,한국투자적격TDF알아서2055증권모투자신탁(주식혼합-재간접형),,,07H33,,07H38,한국투자적격TDF알아서2055증권자투자신탁H(주식혼합-재간접형)(C-F),07H32,07H33,07H38,X,X,X,07H32,한국투자적격TDF알아서2055증권모투자신탁(주식혼합-재간접형)
1516,07H32,한국투자적격TDF알아서2055증권모투자신탁(주식혼합-재간접형),,,07H33,,07H41,한국투자적격TDF알아서2055증권자투자신탁H(주식혼합-재간접형)(C-Pe),07H32,07H33,07H41,X,X,X,07H32,한국투자적격TDF알아서2055증권모투자신탁(주식혼합-재간접형)
1517,07H32,한국투자적격TDF알아서2055증권모투자신탁(주식혼합-재간접형),,,07H33,,07H42,한국투자적격TDF알아서2055증권자투자신탁H(주식혼합-재간접형)(C-R),07H32,07H33,07H42,X,X,X,07H32,한국투자적격TDF알아서2055증권모투자신탁(주식혼합-재간접형)
1518,07H32,한국투자적격TDF알아서2055증권모투자신탁(주식혼합-재간접형),,,07H33,,07H44,한국투자적격TDF알아서2055증권자투자신탁H(주식혼합-재간접형)(C-Re),07H32,07H33,07H44,X,X,X,07H32,한국투자적격TDF알아서2055증권모투자신탁(주식혼합-재간접형)
1519,07H32,한국투자적격TDF알아서2055증권모투자신탁(주식혼합-재간접형),,,07H33,,07H46,한국투자적격TDF알아서2055증권자투자신탁H(주식혼합-재간접형)(C-e),07H32,07H33,07H46,X,X,X,07H32,한국투자적격TDF알아서2055증권모투자신탁(주식혼합-재간접형)
1520,07H32,한국투자적격TDF알아서2055증권모투자신탁(주식혼합-재간접형),,,07H33,,07H47,한국투자적격TDF알아서2055증권자투자신탁H(주식혼합-재간접형)(S),07H32,07H33,07H47,X,X,X,07H32,한국투자적격TDF알아서2055증권모투자신탁(주식혼합-재간접형)
1521,07H32,한국투자적격TDF알아서2055증권모투자신탁(주식혼합-재간접형),,,07H33,,07H48,한국투자적격TDF알아서2055증권자투자신탁H(주식혼합-재간접형)(S-P),07H32,07H33,07H48,X,X,X,07H32,한국투자적격TDF알아서2055증권모투자신탁(주식혼합-재간접형)
1522,07H32,한국투자적격TDF알아서2055증권모투자신탁(주식혼합-재간접형),,,07H33,,07H49,한국투자적격TDF알아서2055증권자투자신탁H(주식혼합-재간접형)(S-R),07H32,07H33,07H49,X,X,X,07H32,한국투자적격TDF알아서2055증권모투자신탁(주식혼합-재간접형)
1523,07H32,한국투자적격TDF알아서2055증권모투자신탁(주식혼합-재간접형),설정,100,07H50,한국투자적격TDF알아서2055증권자투자신탁UH(주식혼합-재간접형)(모),07H53,한국투자적격TDF알아서2055증권자투자신탁UH(주식혼합-재간접형)(A-e),07H32,07H50,07H53,X,X,X,07H32,한국투자적격TDF알아서2055증권모투자신탁(주식혼합-재간접형)
1524,07H32,한국투자적격TDF알아서2055증권모투자신탁(주식혼합-재간접형),,,07H50,,07H55,한국투자적격TDF알아서2055증권자투자신탁UH(주식혼합-재간접형)(C-F),07H32,07H50,07H55,X,X,X,07H32,한국투자적격TDF알아서2055증권모투자신탁(주식혼합-재간접형)
1525,07H32,한국투자적격TDF알아서2055증권모투자신탁(주식혼합-재간접형),,,07H50,,07H57,한국투자적격TDF알아서2055증권자투자신탁UH(주식혼합-재간접형)(C-P),07H32,07H50,07H57,X,X,X,07H32,한국투자적격TDF알아서2055증권모투자신탁(주식혼합-재간접형)
1526,07H32,한국투자적격TDF알아서2055증권모투자신탁(주식혼합-재간접형),,,07H50,,07H58,한국투자적격TDF알아서2055증권자투자신탁UH(주식혼합-재간접형)(C-Pe),07H32,07H50,07H58,X,X,X,07H32,한국투자적격TDF알아서2055증권모투자신탁(주식혼합-재간접형)
1527,07H32,한국투자적격TDF알아서2055증권모투자신탁(주식혼합-재간접형),,,07H50,,07H59,한국투자적격TDF알아서2055증권자투자신탁UH(주식혼합-재간접형)(C-R),07H32,07H50,07H59,X,X,X,07H32,한국투자적격TDF알아서2055증권모투자신탁(주식혼합-재간접형)
1528,07H32,한국투자적격TDF알아서2055증권모투자신탁(주식혼합-재간접형),,,07H50,,07H61,한국투자적격TDF알아서2055증권자투자신탁UH(주식혼합-재간접형)(C-Re),07H32,07H50,07H61,X,X,X,07H32,한국투자적격TDF알아서2055증권모투자신탁(주식혼합-재간접형)
1529,07H32,한국투자적격TDF알아서2055증권모투자신탁(주식혼합-재간접형),,,07H50,,07H63,한국투자적격TDF알아서2055증권자투자신탁UH(주식혼합-재간접형)(C-e),07H32,07H50,07H63,X,X,X,07H32,한국투자적격TDF알아서2055증권모투자신탁(주식혼합-재간접형)
1530,07H32,한국투자적격TDF알아서2055증권모투자신탁(주식혼합-재간접형),,,07H50,,07H64,한국투자적격TDF알아서2055증권자투자신탁UH(주식혼합-재간접형)(S),07H32,07H50,07H64,X,X,X,07H32,한국투자적격TDF알아서2055증권모투자신탁(주식혼합-재간접형)
1531,07H32,한국투자적격TDF알아서2055증권모투자신탁(주식혼합-재간접형),,,07H50,,07H65,한국투자적격TDF알아서2055증권자투자신탁UH(주식혼합-재간접형)(S-P),07H32,07H50,07H65,X,X,X,07H32,한국투자적격TDF알아서2055증권모투자신탁(주식혼합-재간접형)
1532,07H32,한국투자적격TDF알아서2055증권모투자신탁(주식혼합-재간접형),,,07H50,,07H66,한국투자적격TDF알아서2055증권자투자신탁UH(주식혼합-재간접형)(S-R),07H32,07H50,07H66,X,X,X,07H32,한국투자적격TDF알아서2055증권모투자신탁(주식혼합-재간접형)
1533,07H32,한국투자적격TDF알아서2055증권모투자신탁(주식혼합-재간접형),,,07H50,,07J54,한국투자적격TDF알아서2055증권자투자신탁UH(주식혼합-재간접형)(O),07H32,07H50,07J54,X,X,X,07H32,한국투자적격TDF알아서2055증권모투자신탁(주식혼합-재간접형)
1534,07H32,한국투자적격TDF알아서2055증권모투자신탁(주식혼합-재간접형),해지,100,07H50,한국투자적격TDF알아서2055증권자투자신탁UH(주식혼합-재간접형)(모),07H53,한국투자적격TDF알아서2055증권자투자신탁UH(주식혼합-재간접형)(A-e),07H32,07H50,07H53,X,X,X,07H32,한국투자적격TDF알아서2055증권모투자신탁(주식혼합-재간접형)
1535,07H32,한국투자적격TDF알아서2055증권모투자신탁(주식혼합-재간접형),,,07H50,,07H55,한국투자적격TDF알아서2055증권자투자신탁UH(주식혼합-재간접형)(C-F),07H32,07H50,07H55,X,X,X,07H32,한국투자적격TDF알아서2055증권모투자신탁(주식혼합-재간접형)
1536,07H32,한국투자적격TDF알아서2055증권모투자신탁(주식혼합-재간접형),,,07H50,,07H57,한국투자적격TDF알아서2055증권자투자신탁UH(주식혼합-재간접형)(C-P),07H32,07H50,07H57,X,X,X,07H32,한국투자적격TDF알아서2055증권모투자신탁(주식혼합-재간접형)
1537,07H32,한국투자적격TDF알아서2055증권모투자신탁(주식혼합-재간접형),,,07H50,,07H58,한국투자적격TDF알아서2055증권자투자신탁UH(주식혼합-재간접형)(C-Pe),07H32,07H50,07H58,X,X,X,07H32,한국투자적격TDF알아서2055증권모투자신탁(주식혼합-재간접형)
1538,07H32,한국투자적격TDF알아서2055증권모투자신탁(주식혼합-재간접형),,,07H50,,07H59,한국투자적격TDF알아서2055증권자투자신탁UH(주식혼합-재간접형)(C-R),07H32,07H50,07H59,X,X,X,07H32,한국투자적격TDF알아서2055증권모투자신탁(주식혼합-재간접형)
1539,07H32,한국투자적격TDF알아서2055증권모투자신탁(주식혼합-재간접형),,,07H50,,07H61,한국투자적격TDF알아서2055증권자투자신탁UH(주식혼합-재간접형)(C-Re),07H32,07H50,07H61,X,X,X,07H32,한국투자적격TDF알아서2055증권모투자신탁(주식혼합-재간접형)
1540,07H32,한국투자적격TDF알아서2055증권모투자신탁(주식혼합-재간접형),,,07H50,,07H63,한국투자적격TDF알아서2055증권자투자신탁UH(주식혼합-재간접형)(C-e),07H32,07H50,07H63,X,X,X,07H32,한국투자적격TDF알아서2055증권모투자신탁(주식혼합-재간접형)
1541,07H32,한국투자적격TDF알아서2055증권모투자신탁(주식혼합-재간접형),,,07H50,,07H64,한국투자적격TDF알아서2055증권자투자신탁UH(주식혼합-재간접형)(S),07H32,07H50,07H64,X,X,X,07H32,한국투자적격TDF알아서2055증권모투자신탁(주식혼합-재간접형)
1542,07H32,한국투자적격TDF알아서2055증권모투자신탁(주식혼합-재간접형),,,07H50,,07H65,한국투자적격TDF알아서2055증권자투자신탁UH(주식혼합-재간접형)(S-P),07H32,07H50,07H65,X,X,X,07H32,한국투자적격TDF알아서2055증권모투자신탁(주식혼합-재간접형)
1543,07H32,한국투자적격TDF알아서2055증권모투자신탁(주식혼합-재간접형),,,07H50,,07H66,한국투자적격TDF알아서2055증권자투자신탁UH(주식혼합-재간접형)(S-R),07H32,07H50,07H66,X,X,X,07H32,한국투자적격TDF알아서2055증권모투자신탁(주식혼합-재간접형)
1544,07H32,한국투자적격TDF알아서2055증권모투자신탁(주식혼합-재간접형),,,07H50,,07J54,한국투자적격TDF알아서2055증권자투자신탁UH(주식혼합-재간접형)(O),07H32,07H50,07J54,X,X,X,07H32,한국투자적격TDF알아서2055증권모투자신탁(주식혼합-재간접형)
1545,07H67,한국투자적격TDF알아서2060증권모투자신탁(주식혼합-재간접형),공통,100,07H68,한국투자적격TDF알아서2060증권자투자신탁H(주식혼합-재간접형)(모),07H71,한국투자적격TDF알아서2060증권자투자신탁H(주식혼합-재간접형)(A-e),07H67,07H68,07H71,X,X,X,07H67,한국투자적격TDF알아서2060증권모투자신탁(주식혼합-재간접형)
1546,07H67,한국투자적격TDF알아서2060증권모투자신탁(주식혼합-재간접형),,,07H68,,07H73,한국투자적격TDF알아서2060증권자투자신탁H(주식혼합-재간접형)(C-F),07H67,07H68,07H73,X,X,X,07H67,한국투자적격TDF알아서2060증권모투자신탁(주식혼합-재간접형)
1547,07H67,한국투자적격TDF알아서2060증권모투자신탁(주식혼합-재간접형),,,07H68,,07H75,한국투자적격TDF알아서2060증권자투자신탁H(주식혼합-재간접형)(C-P),07H67,07H68,07H75,X,X,X,07H67,한국투자적격TDF알아서2060증권모투자신탁(주식혼합-재간접형)
1548,07H67,한국투자적격TDF알아서2060증권모투자신탁(주식혼합-재간접형),,,07H68,,07H76,한국투자적격TDF알아서2060증권자투자신탁H(주식혼합-재간접형)(C-Pe),07H67,07H68,07H76,X,X,X,07H67,한국투자적격TDF알아서2060증권모투자신탁(주식혼합-재간접형)
1549,07H67,한국투자적격TDF알아서2060증권모투자신탁(주식혼합-재간접형),,,07H68,,07H77,한국투자적격TDF알아서2060증권자투자신탁H(주식혼합-재간접형)(C-R),07H67,07H68,07H77,X,X,X,07H67,한국투자적격TDF알아서2060증권모투자신탁(주식혼합-재간접형)
1550,07H67,한국투자적격TDF알아서2060증권모투자신탁(주식혼합-재간접형),,,07H68,,07H79,한국투자적격TDF알아서2060증권자투자신탁H(주식혼합-재간접형)(C-Re),07H67,07H68,07H79,X,X,X,07H67,한국투자적격TDF알아서2060증권모투자신탁(주식혼합-재간접형)
1551,07H67,한국투자적격TDF알아서2060증권모투자신탁(주식혼합-재간접형),,,07H68,,07H81,한국투자적격TDF알아서2060증권자투자신탁H(주식혼합-재간접형)(C-e),07H67,07H68,07H81,X,X,X,07H67,한국투자적격TDF알아서2060증권모투자신탁(주식혼합-재간접형)
1552,07H67,한국투자적격TDF알아서2060증권모투자신탁(주식혼합-재간접형),,,07H68,,07H82,한국투자적격TDF알아서2060증권자투자신탁H(주식혼합-재간접형)(S),07H67,07H68,07H82,X,X,X,07H67,한국투자적격TDF알아서2060증권모투자신탁(주식혼합-재간접형)
1553,07H67,한국투자적격TDF알아서2060증권모투자신탁(주식혼합-재간접형),,,07H68,,07H83,한국투자적격TDF알아서2060증권자투자신탁H(주식혼합-재간접형)(S-P),07H67,07H68,07H83,X,X,X,07H67,한국투자적격TDF알아서2060증권모투자신탁(주식혼합-재간접형)
1554,07H67,한국투자적격TDF알아서2060증권모투자신탁(주식혼합-재간접형),,,07H68,,07H84,한국투자적격TDF알아서2060증권자투자신탁H(주식혼합-재간접형)(S-R),07H67,07H68,07H84,X,X,X,07H67,한국투자적격TDF알아서2060증권모투자신탁(주식혼합-재간접형)
1555,07H67,한국투자적격TDF알아서2060증권모투자신탁(주식혼합-재간접형),설정,100,07H85,한국투자적격TDF알아서2060증권자투자신탁UH(주식혼합-재간접형)(모),07H88,한국투자적격TDF알아서2060증권자투자신탁UH(주식혼합-재간접형)(A-e),07H67,07H85,07H88,X,X,X,07H67,한국투자적격TDF알아서2060증권모투자신탁(주식혼합-재간접형)
1556,07H67,한국투자적격TDF알아서2060증권모투자신탁(주식혼합-재간접형),,,07H85,,07H90,한국투자적격TDF알아서2060증권자투자신탁UH(주식혼합-재간접형)(C-F),07H67,07H85,07H90,X,X,X,07H67,한국투자적격TDF알아서2060증권모투자신탁(주식혼합-재간접형)
1557,07H67,한국투자적격TDF알아서2060증권모투자신탁(주식혼합-재간접형),,,07H85,,07H92,한국투자적격TDF알아서2060증권자투자신탁UH(주식혼합-재간접형)(C-P),07H67,07H85,07H92,X,X,X,07H67,한국투자적격TDF알아서2060증권모투자신탁(주식혼합-재간접형)
1558,07H67,한국투자적격TDF알아서2060증권모투자신탁(주식혼합-재간접형),,,07H85,,07H93,한국투자적격TDF알아서2060증권자투자신탁UH(주식혼합-재간접형)(C-Pe),07H67,07H85,07H93,X,X,X,07H67,한국투자적격TDF알아서2060증권모투자신탁(주식혼합-재간접형)
1559,07H67,한국투자적격TDF알아서2060증권모투자신탁(주식혼합-재간접형),,,07H85,,07H94,한국투자적격TDF알아서2060증권자투자신탁UH(주식혼합-재간접형)(C-R),07H67,07H85,07H94,X,X,X,07H67,한국투자적격TDF알아서2060증권모투자신탁(주식혼합-재간접형)
1560,07H67,한국투자적격TDF알아서2060증권모투자신탁(주식혼합-재간접형),,,07H85,,07H96,한국투자적격TDF알아서2060증권자투자신탁UH(주식혼합-재간접형)(C-Re),07H67,07H85,07H96,X,X,X,07H67,한국투자적격TDF알아서2060증권모투자신탁(주식혼합-재간접형)
1561,07H67,한국투자적격TDF알아서2060증권모투자신탁(주식혼합-재간접형),,,07H85,,07H98,한국투자적격TDF알아서2060증권자투자신탁UH(주식혼합-재간접형)(C-e),07H67,07H85,07H98,X,X,X,07H67,한국투자적격TDF알아서2060증권모투자신탁(주식혼합-재간접형)
1562,07H67,한국투자적격TDF알아서2060증권모투자신탁(주식혼합-재간접형),,,07H85,,07H99,한국투자적격TDF알아서2060증권자투자신탁UH(주식혼합-재간접형)(S),07H67,07H85,07H99,X,X,X,07H67,한국투자적격TDF알아서2060증권모투자신탁(주식혼합-재간접형)
1563,07H67,한국투자적격TDF알아서2060증권모투자신탁(주식혼합-재간접형),,,07H85,,07J01,한국투자적격TDF알아서2060증권자투자신탁UH(주식혼합-재간접형)(S-P),07H67,07H85,07J01,X,X,X,07H67,한국투자적격TDF알아서2060증권모투자신탁(주식혼합-재간접형)
1564,07H67,한국투자적격TDF알아서2060증권모투자신탁(주식혼합-재간접형),,,07H85,,07J02,한국투자적격TDF알아서2060증권자투자신탁UH(주식혼합-재간접형)(S-R),07H67,07H85,07J02,X,X,X,07H67,한국투자적격TDF알아서2060증권모투자신탁(주식혼합-재간접형)
1565,07H67,한국투자적격TDF알아서2060증권모투자신탁(주식혼합-재간접형),해지,100,07H85,한국투자적격TDF알아서2060증권자투자신탁UH(주식혼합-재간접형)(모),07H88,한국투자적격TDF알아서2060증권자투자신탁UH(주식혼합-재간접형)(A-e),07H67,07H85,07H88,X,X,X,07H67,한국투자적격TDF알아서2060증권모투자신탁(주식혼합-재간접형)
1566,07H67,한국투자적격TDF알아서2060증권모투자신탁(주식혼합-재간접형),,,07H85,,07H90,한국투자적격TDF알아서2060증권자투자신탁UH(주식혼합-재간접형)(C-F),07H67,07H85,07H90,X,X,X,07H67,한국투자적격TDF알아서2060증권모투자신탁(주식혼합-재간접형)
1567,07H67,한국투자적격TDF알아서2060증권모투자신탁(주식혼합-재간접형),,,07H85,,07H92,한국투자적격TDF알아서2060증권자투자신탁UH(주식혼합-재간접형)(C-P),07H67,07H85,07H92,X,X,X,07H67,한국투자적격TDF알아서2060증권모투자신탁(주식혼합-재간접형)
1568,07H67,한국투자적격TDF알아서2060증권모투자신탁(주식혼합-재간접형),,,07H85,,07H93,한국투자적격TDF알아서2060증권자투자신탁UH(주식혼합-재간접형)(C-Pe),07H67,07H85,07H93,X,X,X,07H67,한국투자적격TDF알아서2060증권모투자신탁(주식혼합-재간접형)
1569,07H67,한국투자적격TDF알아서2060증권모투자신탁(주식혼합-재간접형),,,07H85,,07H94,한국투자적격TDF알아서2060증권자투자신탁UH(주식혼합-재간접형)(C-R),07H67,07H85,07H94,X,X,X,07H67,한국투자적격TDF알아서2060증권모투자신탁(주식혼합-재간접형)
1570,07H67,한국투자적격TDF알아서2060증권모투자신탁(주식혼합-재간접형),,,07H85,,07H96,한국투자적격TDF알아서2060증권자투자신탁UH(주식혼합-재간접형)(C-Re),07H67,07H85,07H96,X,X,X,07H67,한국투자적격TDF알아서2060증권모투자신탁(주식혼합-재간접형)
1571,07H67,한국투자적격TDF알아서2060증권모투자신탁(주식혼합-재간접형),,,07H85,,07H98,한국투자적격TDF알아서2060증권자투자신탁UH(주식혼합-재간접형)(C-e),07H67,07H85,07H98,X,X,X,07H67,한국투자적격TDF알아서2060증권모투자신탁(주식혼합-재간접형)
1572,07H67,한국투자적격TDF알아서2060증권모투자신탁(주식혼합-재간접형),,,07H85,,07H99,한국투자적격TDF알아서2060증권자투자신탁UH(주식혼합-재간접형)(S),07H67,07H85,07H99,X,X,X,07H67,한국투자적격TDF알아서2060증권모투자신탁(주식혼합-재간접형)
1573,07H67,한국투자적격TDF알아서2060증권모투자신탁(주식혼합-재간접형),,,07H85,,07J01,한국투자적격TDF알아서2060증권자투자신탁UH(주식혼합-재간접형)(S-P),07H67,07H85,07J01,X,X,X,07H67,한국투자적격TDF알아서2060증권모투자신탁(주식혼합-재간접형)
1574,07H67,한국투자적격TDF알아서2060증권모투자신탁(주식혼합-재간접형),,,07H85,,07J02,한국투자적격TDF알아서2060증권자투자신탁UH(주식혼합-재간접형)(S-R),07H67,07H85,07J02,X,X,X,07H67,한국투자적격TDF알아서2060증권모투자신탁(주식혼합-재간접형)
1575,07J48,한국투자MySuper수익추구증권모투자신탁(혼합-재간접형),공통,80,07J34,한국투자MySuper알아서성장형증권자투자신탁(혼합-재간접형)(모),07J35,한국투자MySuper알아서성장형증권자투자신탁(혼합-재간접형)(C-F),07J48,07J34,07J35,X,X,X,07J48,한국투자MySuper수익추구증권모투자신탁(혼합-재간접형)
1576,07J48,한국투자MySuper수익추구증권모투자신탁(혼합-재간접형),,,07J34,,07J36,한국투자MySuper알아서성장형증권자투자신탁(혼합-재간접형)(C-R),07J48,07J34,07J36,X,X,X,07J48,한국투자MySuper수익추구증권모투자신탁(혼합-재간접형)
1577,07J48,한국투자MySuper수익추구증권모투자신탁(혼합-재간접형),,,07J34,,07J37,한국투자MySuper알아서성장형증권자투자신탁(혼합-재간접형)(C-Re),07J48,07J34,07J37,X,X,X,07J48,한국투자MySuper수익추구증권모투자신탁(혼합-재간접형)
1578,07J48,한국투자MySuper수익추구증권모투자신탁(혼합-재간접형),,,07J34,,07J65,한국투자MySuper알아서성장형증권자투자신탁(혼합-재간접형)(O),07J48,07J34,07J65,X,X,X,07J48,한국투자MySuper수익추구증권모투자신탁(혼합-재간접형)
1579,07J48,한국투자MySuper수익추구증권모투자신탁(혼합-재간접형),,,07J34,,07Q78,한국투자MySuper알아서성장형증권자투자신탁(혼합-재간접형)(C-Pe),07J48,07J34,07Q78,X,X,X,07J48,한국투자MySuper수익추구증권모투자신탁(혼합-재간접형)
1580,07J48,한국투자MySuper수익추구증권모투자신탁(혼합-재간접형),,,07J34,,07Q79,한국투자MySuper알아서성장형증권자투자신탁(혼합-재간접형)(C-P),07J48,07J34,07Q79,X,X,X,07J48,한국투자MySuper수익추구증권모투자신탁(혼합-재간접형)
1581,07J48,한국투자MySuper수익추구증권모투자신탁(혼합-재간접형),,,07J34,,09C91,한국투자MySuper알아서성장형증권자투자신탁(혼합-재간접형)(A),07J48,07J34,09C91,X,X,X,07J48,한국투자MySuper수익추구증권모투자신탁(혼합-재간접형)
1582,07J48,한국투자MySuper수익추구증권모투자신탁(혼합-재간접형),,,07J34,,09C92,한국투자MySuper알아서성장형증권자투자신탁(혼합-재간접형)(A-e),07J48,07J34,09C92,X,X,X,07J48,한국투자MySuper수익추구증권모투자신탁(혼합-재간접형)
1583,07J48,한국투자MySuper수익추구증권모투자신탁(혼합-재간접형),,,07J34,,09C93,한국투자MySuper알아서성장형증권자투자신탁(혼합-재간접형)(C),07J48,07J34,09C93,X,X,X,07J48,한국투자MySuper수익추구증권모투자신탁(혼합-재간접형)
1584,07J48,한국투자MySuper수익추구증권모투자신탁(혼합-재간접형),,,07J34,,09C94,한국투자MySuper알아서성장형증권자투자신탁(혼합-재간접형)(C-e),07J48,07J34,09C94,X,X,X,07J48,한국투자MySuper수익추구증권모투자신탁(혼합-재간접형)
1585,07J48,한국투자MySuper수익추구증권모투자신탁(혼합-재간접형),,,07J34,,09P45,한국투자MySuper알아서성장형증권자투자신탁(혼합-재간접형)(A1-e),07J48,07J34,09P45,X,X,X,07J48,한국투자MySuper수익추구증권모투자신탁(혼합-재간접형)
1586,07J48,한국투자MySuper수익추구증권모투자신탁(혼합-재간접형),,,07J34,,09P46,한국투자MySuper알아서성장형증권자투자신탁(혼합-재간접형)(A1),07J48,07J34,09P46,X,X,X,07J48,한국투자MySuper수익추구증권모투자신탁(혼합-재간접형)
1587,07J48,한국투자MySuper수익추구증권모투자신탁(혼합-재간접형),,20,07J41,한국투자MySuper알아서안정형증권자투자신탁(채권혼합-재간접형)(모),07J42,한국투자MySuper알아서안정형증권자투자신탁(채권혼합-재간접형)(C-F),07J48,07J41,07J42,X,X,X,07J48,한국투자MySuper수익추구증권모투자신탁(혼합-재간접형)
1588,07J48,한국투자MySuper수익추구증권모투자신탁(혼합-재간접형),,,07J41,,07J43,한국투자MySuper알아서안정형증권자투자신탁(채권혼합-재간접형)(C-R),07J48,07J41,07J43,X,X,X,07J48,한국투자MySuper수익추구증권모투자신탁(혼합-재간접형)
1589,07J48,한국투자MySuper수익추구증권모투자신탁(혼합-재간접형),,,07J41,,07J44,한국투자MySuper알아서안정형증권자투자신탁(채권혼합-재간접형)(C-Re),07J48,07J41,07J44,X,X,X,07J48,한국투자MySuper수익추구증권모투자신탁(혼합-재간접형)
1590,07J48,한국투자MySuper수익추구증권모투자신탁(혼합-재간접형),,,07J41,,07J64,한국투자MySuper알아서안정형증권자투자신탁(채권혼합-재간접형)(O),07J48,07J41,07J64,X,X,X,07J48,한국투자MySuper수익추구증권모투자신탁(혼합-재간접형)
1591,07J48,한국투자MySuper수익추구증권모투자신탁(혼합-재간접형),,,07J41,,07Q76,한국투자MySuper알아서안정형증권자투자신탁(채권혼합-재간접형)(C-P),07J48,07J41,07Q76,X,X,X,07J48,한국투자MySuper수익추구증권모투자신탁(혼합-재간접형)
1592,07J48,한국투자MySuper수익추구증권모투자신탁(혼합-재간접형),,,07J41,,07Q77,한국투자MySuper알아서안정형증권자투자신탁(채권혼합-재간접형)(C-Pe),07J48,07J41,07Q77,X,X,X,07J48,한국투자MySuper수익추구증권모투자신탁(혼합-재간접형)
1593,07J48,한국투자MySuper수익추구증권모투자신탁(혼합-재간접형),,,07J41,,09C87,한국투자MySuper알아서안정형증권자투자신탁(채권혼합-재간접형)(A),07J48,07J41,09C87,X,X,X,07J48,한국투자MySuper수익추구증권모투자신탁(혼합-재간접형)
1594,07J48,한국투자MySuper수익추구증권모투자신탁(혼합-재간접형),,,07J41,,09C88,한국투자MySuper알아서안정형증권자투자신탁(채권혼합-재간접형)(A-e),07J48,07J41,09C88,X,X,X,07J48,한국투자MySuper수익추구증권모투자신탁(혼합-재간접형)
1595,07J48,한국투자MySuper수익추구증권모투자신탁(혼합-재간접형),,,07J41,,09C89,한국투자MySuper알아서안정형증권자투자신탁(채권혼합-재간접형)(C),07J48,07J41,09C89,X,X,X,07J48,한국투자MySuper수익추구증권모투자신탁(혼합-재간접형)
1596,07J48,한국투자MySuper수익추구증권모투자신탁(혼합-재간접형),,,07J41,,09C90,한국투자MySuper알아서안정형증권자투자신탁(채권혼합-재간접형)(C-e),07J48,07J41,09C90,X,X,X,07J48,한국투자MySuper수익추구증권모투자신탁(혼합-재간접형)
1597,07J48,한국투자MySuper수익추구증권모투자신탁(혼합-재간접형),,,07J41,,09P43,한국투자MySuper알아서안정형증권자투자신탁(채권혼합-재간접형)(A1-e),07J48,07J41,09P43,X,X,X,07J48,한국투자MySuper수익추구증권모투자신탁(혼합-재간접형)
1598,07J48,한국투자MySuper수익추구증권모투자신탁(혼합-재간접형),,45,07W15,한국투자디딤CPI+증권자투자신탁(채권혼합-재간접형)(모),07W17,한국투자디딤CPI+증권자투자신탁(채권혼합-재간접형)(A-e),07J48,07W15,07W17,X,X,X,07J48,한국투자MySuper수익추구증권모투자신탁(혼합-재간접형)
1599,07J48,한국투자MySuper수익추구증권모투자신탁(혼합-재간접형),,,07W15,,07W21,한국투자디딤CPI+증권자투자신탁(채권혼합-재간접형)(C-Pe),07J48,07W15,07W21,X,X,X,07J48,한국투자MySuper수익추구증권모투자신탁(혼합-재간접형)
1600,07J48,한국투자MySuper수익추구증권모투자신탁(혼합-재간접형),,,07W15,,07W23,한국투자디딤CPI+증권자투자신탁(채권혼합-재간접형)(C-Re),07J48,07W15,07W23,X,X,X,07J48,한국투자MySuper수익추구증권모투자신탁(혼합-재간접형)
1601,07J48,한국투자MySuper수익추구증권모투자신탁(혼합-재간접형),,,07W15,,09G13,한국투자디딤CPI+증권자투자신탁(채권혼합-재간접형)(C-W),07J48,07W15,09G13,X,X,X,07J48,한국투자MySuper수익추구증권모투자신탁(혼합-재간접형)
1602,07J48,한국투자MySuper수익추구증권모투자신탁(혼합-재간접형),,80,09P47,한국투자MySuper알아서성장형월지급식증권자투자신탁(혼합-재간접형)(모),09P48,한국투자MySuper알아서성장형월지급식증권자투자신탁(혼합-재간접형)(A),07J48,09P47,09P48,X,X,X,07J48,한국투자MySuper수익추구증권모투자신탁(혼합-재간접형)
1603,07J48,한국투자MySuper수익추구증권모투자신탁(혼합-재간접형),,,09P47,,09P49,한국투자MySuper알아서성장형월지급식증권자투자신탁(혼합-재간접형)(A-e),07J48,09P47,09P49,X,X,X,07J48,한국투자MySuper수익추구증권모투자신탁(혼합-재간접형)
1604,07J48,한국투자MySuper수익추구증권모투자신탁(혼합-재간접형),,,09P47,,09P50,한국투자MySuper알아서성장형월지급식증권자투자신탁(혼합-재간접형)(C),07J48,09P47,09P50,X,X,X,07J48,한국투자MySuper수익추구증권모투자신탁(혼합-재간접형)
1605,07J48,한국투자MySuper수익추구증권모투자신탁(혼합-재간접형),,,09P47,,09P51,한국투자MySuper알아서성장형월지급식증권자투자신탁(혼합-재간접형)(C-e),07J48,09P47,09P51,X,X,X,07J48,한국투자MySuper수익추구증권모투자신탁(혼합-재간접형)
1606,07J48,한국투자MySuper수익추구증권모투자신탁(혼합-재간접형),,,09P47,,09P53,한국투자MySuper알아서성장형월지급식증권자투자신탁(혼합-재간접형)(C-P),07J48,09P47,09P53,X,X,X,07J48,한국투자MySuper수익추구증권모투자신탁(혼합-재간접형)
1607,07J48,한국투자MySuper수익추구증권모투자신탁(혼합-재간접형),,,09P47,,09P54,한국투자MySuper알아서성장형월지급식증권자투자신탁(혼합-재간접형)(C-Pe),07J48,09P47,09P54,X,X,X,07J48,한국투자MySuper수익추구증권모투자신탁(혼합-재간접형)
1608,07J48,한국투자MySuper수익추구증권모투자신탁(혼합-재간접형),,,09P47,,09P55,한국투자MySuper알아서성장형월지급식증권자투자신탁(혼합-재간접형)(C-R),07J48,09P47,09P55,X,X,X,07J48,한국투자MySuper수익추구증권모투자신탁(혼합-재간접형)
1609,07J48,한국투자MySuper수익추구증권모투자신탁(혼합-재간접형),,,09P47,,09P57,한국투자MySuper알아서성장형월지급식증권자투자신탁(혼합-재간접형)(C-Re),07J48,09P47,09P57,X,X,X,07J48,한국투자MySuper수익추구증권모투자신탁(혼합-재간접형)
1610,07J48,한국투자MySuper수익추구증권모투자신탁(혼합-재간접형),,,09P47,,09P61,한국투자MySuper알아서성장형월지급식증권자투자신탁(혼합-재간접형)(A1),07J48,09P47,09P61,X,X,X,07J48,한국투자MySuper수익추구증권모투자신탁(혼합-재간접형)
1611,07J48,한국투자MySuper수익추구증권모투자신탁(혼합-재간접형),,,09P47,,09P62,한국투자MySuper알아서성장형월지급식증권자투자신탁(혼합-재간접형)(A1-e),07J48,09P47,09P62,X,X,X,07J48,한국투자MySuper수익추구증권모투자신탁(혼합-재간접형)
1612,07J48,한국투자MySuper수익추구증권모투자신탁(혼합-재간접형),,20,09P65,한국투자MySuper알아서안정형월지급식증권자투자신탁(채권혼합-재간접형)(모),09P66,한국투자MySuper알아서안정형월지급식증권자투자신탁(채권혼합-재간접형)(A),07J48,09P65,09P66,X,X,X,07J48,한국투자MySuper수익추구증권모투자신탁(혼합-재간접형)
1613,07J48,한국투자MySuper수익추구증권모투자신탁(혼합-재간접형),,,09P65,,09P67,한국투자MySuper알아서안정형월지급식증권자투자신탁(채권혼합-재간접형)(A-e),07J48,09P65,09P67,X,X,X,07J48,한국투자MySuper수익추구증권모투자신탁(혼합-재간접형)
1614,07J48,한국투자MySuper수익추구증권모투자신탁(혼합-재간접형),,,09P65,,09P68,한국투자MySuper알아서안정형월지급식증권자투자신탁(채권혼합-재간접형)(C),07J48,09P65,09P68,X,X,X,07J48,한국투자MySuper수익추구증권모투자신탁(혼합-재간접형)
1615,07J48,한국투자MySuper수익추구증권모투자신탁(혼합-재간접형),,,09P65,,09P69,한국투자MySuper알아서안정형월지급식증권자투자신탁(채권혼합-재간접형)(C-e),07J48,09P65,09P69,X,X,X,07J48,한국투자MySuper수익추구증권모투자신탁(혼합-재간접형)
1616,07J48,한국투자MySuper수익추구증권모투자신탁(혼합-재간접형),,,09P65,,09P71,한국투자MySuper알아서안정형월지급식증권자투자신탁(채권혼합-재간접형)(C-P),07J48,09P65,09P71,X,X,X,07J48,한국투자MySuper수익추구증권모투자신탁(혼합-재간접형)
1617,07J48,한국투자MySuper수익추구증권모투자신탁(혼합-재간접형),,,09P65,,09P72,한국투자MySuper알아서안정형월지급식증권자투자신탁(채권혼합-재간접형)(C-Pe),07J48,09P65,09P72,X,X,X,07J48,한국투자MySuper수익추구증권모투자신탁(혼합-재간접형)
1618,07J48,한국투자MySuper수익추구증권모투자신탁(혼합-재간접형),,,09P65,,09P73,한국투자MySuper알아서안정형월지급식증권자투자신탁(채권혼합-재간접형)(C-R),07J48,09P65,09P73,X,X,X,07J48,한국투자MySuper수익추구증권모투자신탁(혼합-재간접형)
1619,07J48,한국투자MySuper수익추구증권모투자신탁(혼합-재간접형),,,09P65,,09P75,한국투자MySuper알아서안정형월지급식증권자투자신탁(채권혼합-재간접형)(C-Re),07J48,09P65,09P75,X,X,X,07J48,한국투자MySuper수익추구증권모투자신탁(혼합-재간접형)
1620,07J48,한국투자MySuper수익추구증권모투자신탁(혼합-재간접형),,,09P65,,09P79,한국투자MySuper알아서안정형월지급식증권자투자신탁(채권혼합-재간접형)(A1),07J48,09P65,09P79,X,X,X,07J48,한국투자MySuper수익추구증권모투자신탁(혼합-재간접형)
1621,07J48,한국투자MySuper수익추구증권모투자신탁(혼합-재간접형),,,09P65,,09P80,한국투자MySuper알아서안정형월지급식증권자투자신탁(채권혼합-재간접형)(A1-e),07J48,09P65,09P80,X,X,X,07J48,한국투자MySuper수익추구증권모투자신탁(혼합-재간접형)
1622,07J49,한국투자MySuper인컴추구증권모투자신탁(채권혼합-재간접형),공통,20,07J34,한국투자MySuper알아서성장형증권자투자신탁(혼합-재간접형)(모),07J35,한국투자MySuper알아서성장형증권자투자신탁(혼합-재간접형)(C-F),07J49,07J34,07J35,X,X,X,07J49,한국투자MySuper인컴추구증권모투자신탁(채권혼합-재간접형)
1623,07J49,한국투자MySuper인컴추구증권모투자신탁(채권혼합-재간접형),,,07J34,,07J36,한국투자MySuper알아서성장형증권자투자신탁(혼합-재간접형)(C-R),07J49,07J34,07J36,X,X,X,07J49,한국투자MySuper인컴추구증권모투자신탁(채권혼합-재간접형)
1624,07J49,한국투자MySuper인컴추구증권모투자신탁(채권혼합-재간접형),,,07J34,,07J37,한국투자MySuper알아서성장형증권자투자신탁(혼합-재간접형)(C-Re),07J49,07J34,07J37,X,X,X,07J49,한국투자MySuper인컴추구증권모투자신탁(채권혼합-재간접형)
1625,07J49,한국투자MySuper인컴추구증권모투자신탁(채권혼합-재간접형),,,07J34,,07J65,한국투자MySuper알아서성장형증권자투자신탁(혼합-재간접형)(O),07J49,07J34,07J65,X,X,X,07J49,한국투자MySuper인컴추구증권모투자신탁(채권혼합-재간접형)
1626,07J49,한국투자MySuper인컴추구증권모투자신탁(채권혼합-재간접형),,,07J34,,07Q78,한국투자MySuper알아서성장형증권자투자신탁(혼합-재간접형)(C-Pe),07J49,07J34,07Q78,X,X,X,07J49,한국투자MySuper인컴추구증권모투자신탁(채권혼합-재간접형)
1627,07J49,한국투자MySuper인컴추구증권모투자신탁(채권혼합-재간접형),,,07J34,,07Q79,한국투자MySuper알아서성장형증권자투자신탁(혼합-재간접형)(C-P),07J49,07J34,07Q79,X,X,X,07J49,한국투자MySuper인컴추구증권모투자신탁(채권혼합-재간접형)
1628,07J49,한국투자MySuper인컴추구증권모투자신탁(채권혼합-재간접형),,,07J34,,09C91,한국투자MySuper알아서성장형증권자투자신탁(혼합-재간접형)(A),07J49,07J34,09C91,X,X,X,07J49,한국투자MySuper인컴추구증권모투자신탁(채권혼합-재간접형)
1629,07J49,한국투자MySuper인컴추구증권모투자신탁(채권혼합-재간접형),,,07J34,,09C92,한국투자MySuper알아서성장형증권자투자신탁(혼합-재간접형)(A-e),07J49,07J34,09C92,X,X,X,07J49,한국투자MySuper인컴추구증권모투자신탁(채권혼합-재간접형)
1630,07J49,한국투자MySuper인컴추구증권모투자신탁(채권혼합-재간접형),,,07J34,,09C93,한국투자MySuper알아서성장형증권자투자신탁(혼합-재간접형)(C),07J49,07J34,09C93,X,X,X,07J49,한국투자MySuper인컴추구증권모투자신탁(채권혼합-재간접형)
1631,07J49,한국투자MySuper인컴추구증권모투자신탁(채권혼합-재간접형),,,07J34,,09C94,한국투자MySuper알아서성장형증권자투자신탁(혼합-재간접형)(C-e),07J49,07J34,09C94,X,X,X,07J49,한국투자MySuper인컴추구증권모투자신탁(채권혼합-재간접형)
1632,07J49,한국투자MySuper인컴추구증권모투자신탁(채권혼합-재간접형),,,07J34,,09P45,한국투자MySuper알아서성장형증권자투자신탁(혼합-재간접형)(A1-e),07J49,07J34,09P45,X,X,X,07J49,한국투자MySuper인컴추구증권모투자신탁(채권혼합-재간접형)
1633,07J49,한국투자MySuper인컴추구증권모투자신탁(채권혼합-재간접형),,,07J34,,09P46,한국투자MySuper알아서성장형증권자투자신탁(혼합-재간접형)(A1),07J49,07J34,09P46,X,X,X,07J49,한국투자MySuper인컴추구증권모투자신탁(채권혼합-재간접형)
1634,07J49,한국투자MySuper인컴추구증권모투자신탁(채권혼합-재간접형),,80,07J41,한국투자MySuper알아서안정형증권자투자신탁(채권혼합-재간접형)(모),07J42,한국투자MySuper알아서안정형증권자투자신탁(채권혼합-재간접형)(C-F),07J49,07J41,07J42,X,X,X,07J49,한국투자MySuper인컴추구증권모투자신탁(채권혼합-재간접형)
1635,07J49,한국투자MySuper인컴추구증권모투자신탁(채권혼합-재간접형),,,07J41,,07J43,한국투자MySuper알아서안정형증권자투자신탁(채권혼합-재간접형)(C-R),07J49,07J41,07J43,X,X,X,07J49,한국투자MySuper인컴추구증권모투자신탁(채권혼합-재간접형)
1636,07J49,한국투자MySuper인컴추구증권모투자신탁(채권혼합-재간접형),,,07J41,,07J44,한국투자MySuper알아서안정형증권자투자신탁(채권혼합-재간접형)(C-Re),07J49,07J41,07J44,X,X,X,07J49,한국투자MySuper인컴추구증권모투자신탁(채권혼합-재간접형)
1637,07J49,한국투자MySuper인컴추구증권모투자신탁(채권혼합-재간접형),,,07J41,,07J64,한국투자MySuper알아서안정형증권자투자신탁(채권혼합-재간접형)(O),07J49,07J41,07J64,X,X,X,07J49,한국투자MySuper인컴추구증권모투자신탁(채권혼합-재간접형)
1638,07J49,한국투자MySuper인컴추구증권모투자신탁(채권혼합-재간접형),,,07J41,,07Q76,한국투자MySuper알아서안정형증권자투자신탁(채권혼합-재간접형)(C-P),07J49,07J41,07Q76,X,X,X,07J49,한국투자MySuper인컴추구증권모투자신탁(채권혼합-재간접형)
1639,07J49,한국투자MySuper인컴추구증권모투자신탁(채권혼합-재간접형),,,07J41,,07Q77,한국투자MySuper알아서안정형증권자투자신탁(채권혼합-재간접형)(C-Pe),07J49,07J41,07Q77,X,X,X,07J49,한국투자MySuper인컴추구증권모투자신탁(채권혼합-재간접형)
1640,07J49,한국투자MySuper인컴추구증권모투자신탁(채권혼합-재간접형),,,07J41,,09C87,한국투자MySuper알아서안정형증권자투자신탁(채권혼합-재간접형)(A),07J49,07J41,09C87,X,X,X,07J49,한국투자MySuper인컴추구증권모투자신탁(채권혼합-재간접형)
1641,07J49,한국투자MySuper인컴추구증권모투자신탁(채권혼합-재간접형),,,07J41,,09C88,한국투자MySuper알아서안정형증권자투자신탁(채권혼합-재간접형)(A-e),07J49,07J41,09C88,X,X,X,07J49,한국투자MySuper인컴추구증권모투자신탁(채권혼합-재간접형)
1642,07J49,한국투자MySuper인컴추구증권모투자신탁(채권혼합-재간접형),,,07J41,,09C89,한국투자MySuper알아서안정형증권자투자신탁(채권혼합-재간접형)(C),07J49,07J41,09C89,X,X,X,07J49,한국투자MySuper인컴추구증권모투자신탁(채권혼합-재간접형)
1643,07J49,한국투자MySuper인컴추구증권모투자신탁(채권혼합-재간접형),,,07J41,,09C90,한국투자MySuper알아서안정형증권자투자신탁(채권혼합-재간접형)(C-e),07J49,07J41,09C90,X,X,X,07J49,한국투자MySuper인컴추구증권모투자신탁(채권혼합-재간접형)
1644,07J49,한국투자MySuper인컴추구증권모투자신탁(채권혼합-재간접형),,,07J41,,09P43,한국투자MySuper알아서안정형증권자투자신탁(채권혼합-재간접형)(A1-e),07J49,07J41,09P43,X,X,X,07J49,한국투자MySuper인컴추구증권모투자신탁(채권혼합-재간접형)
1645,07J49,한국투자MySuper인컴추구증권모투자신탁(채권혼합-재간접형),,55,07W15,한국투자디딤CPI+증권자투자신탁(채권혼합-재간접형)(모),07W17,한국투자디딤CPI+증권자투자신탁(채권혼합-재간접형)(A-e),07J49,07W15,07W17,X,X,X,07J49,한국투자MySuper인컴추구증권모투자신탁(채권혼합-재간접형)
1646,07J49,한국투자MySuper인컴추구증권모투자신탁(채권혼합-재간접형),,,07W15,,07W21,한국투자디딤CPI+증권자투자신탁(채권혼합-재간접형)(C-Pe),07J49,07W15,07W21,X,X,X,07J49,한국투자MySuper인컴추구증권모투자신탁(채권혼합-재간접형)
1647,07J49,한국투자MySuper인컴추구증권모투자신탁(채권혼합-재간접형),,,07W15,,07W23,한국투자디딤CPI+증권자투자신탁(채권혼합-재간접형)(C-Re),07J49,07W15,07W23,X,X,X,07J49,한국투자MySuper인컴추구증권모투자신탁(채권혼합-재간접형)
1648,07J49,한국투자MySuper인컴추구증권모투자신탁(채권혼합-재간접형),,,07W15,,09G13,한국투자디딤CPI+증권자투자신탁(채권혼합-재간접형)(C-W),07J49,07W15,09G13,X,X,X,07J49,한국투자MySuper인컴추구증권모투자신탁(채권혼합-재간접형)
1649,07J49,한국투자MySuper인컴추구증권모투자신탁(채권혼합-재간접형),,100,09L94,한국투자MySuper알아서인컴추구형증권자투자신탁(채권혼합-재간접형)(모),09M05,한국투자MySuper알아서인컴추구형증권자투자신탁(채권혼합-재간접형)(C-R),07J49,09L94,09M05,X,X,X,07J49,한국투자MySuper인컴추구증권모투자신탁(채권혼합-재간접형)
1650,07J49,한국투자MySuper인컴추구증권모투자신탁(채권혼합-재간접형),,,09L94,,09M06,한국투자MySuper알아서인컴추구형증권자투자신탁(채권혼합-재간접형)(C-Re),07J49,09L94,09M06,X,X,X,07J49,한국투자MySuper인컴추구증권모투자신탁(채권혼합-재간접형)
1651,07J49,한국투자MySuper인컴추구증권모투자신탁(채권혼합-재간접형),,,09L94,,09M07,한국투자MySuper알아서인컴추구형증권자투자신탁(채권혼합-재간접형)(C-R2),07J49,09L94,09M07,X,X,X,07J49,한국투자MySuper인컴추구증권모투자신탁(채권혼합-재간접형)
1652,07J49,한국투자MySuper인컴추구증권모투자신탁(채권혼합-재간접형),,20,09P47,한국투자MySuper알아서성장형월지급식증권자투자신탁(혼합-재간접형)(모),09P48,한국투자MySuper알아서성장형월지급식증권자투자신탁(혼합-재간접형)(A),07J49,09P47,09P48,X,X,X,07J49,한국투자MySuper인컴추구증권모투자신탁(채권혼합-재간접형)
1653,07J49,한국투자MySuper인컴추구증권모투자신탁(채권혼합-재간접형),,,09P47,,09P49,한국투자MySuper알아서성장형월지급식증권자투자신탁(혼합-재간접형)(A-e),07J49,09P47,09P49,X,X,X,07J49,한국투자MySuper인컴추구증권모투자신탁(채권혼합-재간접형)
1654,07J49,한국투자MySuper인컴추구증권모투자신탁(채권혼합-재간접형),,,09P47,,09P50,한국투자MySuper알아서성장형월지급식증권자투자신탁(혼합-재간접형)(C),07J49,09P47,09P50,X,X,X,07J49,한국투자MySuper인컴추구증권모투자신탁(채권혼합-재간접형)
1655,07J49,한국투자MySuper인컴추구증권모투자신탁(채권혼합-재간접형),,,09P47,,09P51,한국투자MySuper알아서성장형월지급식증권자투자신탁(혼합-재간접형)(C-e),07J49,09P47,09P51,X,X,X,07J49,한국투자MySuper인컴추구증권모투자신탁(채권혼합-재간접형)
1656,07J49,한국투자MySuper인컴추구증권모투자신탁(채권혼합-재간접형),,,09P47,,09P53,한국투자MySuper알아서성장형월지급식증권자투자신탁(혼합-재간접형)(C-P),07J49,09P47,09P53,X,X,X,07J49,한국투자MySuper인컴추구증권모투자신탁(채권혼합-재간접형)
1657,07J49,한국투자MySuper인컴추구증권모투자신탁(채권혼합-재간접형),,,09P47,,09P54,한국투자MySuper알아서성장형월지급식증권자투자신탁(혼합-재간접형)(C-Pe),07J49,09P47,09P54,X,X,X,07J49,한국투자MySuper인컴추구증권모투자신탁(채권혼합-재간접형)
1658,07J49,한국투자MySuper인컴추구증권모투자신탁(채권혼합-재간접형),,,09P47,,09P55,한국투자MySuper알아서성장형월지급식증권자투자신탁(혼합-재간접형)(C-R),07J49,09P47,09P55,X,X,X,07J49,한국투자MySuper인컴추구증권모투자신탁(채권혼합-재간접형)
1659,07J49,한국투자MySuper인컴추구증권모투자신탁(채권혼합-재간접형),,,09P47,,09P57,한국투자MySuper알아서성장형월지급식증권자투자신탁(혼합-재간접형)(C-Re),07J49,09P47,09P57,X,X,X,07J49,한국투자MySuper인컴추구증권모투자신탁(채권혼합-재간접형)
1660,07J49,한국투자MySuper인컴추구증권모투자신탁(채권혼합-재간접형),,,09P47,,09P61,한국투자MySuper알아서성장형월지급식증권자투자신탁(혼합-재간접형)(A1),07J49,09P47,09P61,X,X,X,07J49,한국투자MySuper인컴추구증권모투자신탁(채권혼합-재간접형)
1661,07J49,한국투자MySuper인컴추구증권모투자신탁(채권혼합-재간접형),,,09P47,,09P62,한국투자MySuper알아서성장형월지급식증권자투자신탁(혼합-재간접형)(A1-e),07J49,09P47,09P62,X,X,X,07J49,한국투자MySuper인컴추구증권모투자신탁(채권혼합-재간접형)
1662,07J49,한국투자MySuper인컴추구증권모투자신탁(채권혼합-재간접형),,80,09P65,한국투자MySuper알아서안정형월지급식증권자투자신탁(채권혼합-재간접형)(모),09P66,한국투자MySuper알아서안정형월지급식증권자투자신탁(채권혼합-재간접형)(A),07J49,09P65,09P66,X,X,X,07J49,한국투자MySuper인컴추구증권모투자신탁(채권혼합-재간접형)
1663,07J49,한국투자MySuper인컴추구증권모투자신탁(채권혼합-재간접형),,,09P65,,09P67,한국투자MySuper알아서안정형월지급식증권자투자신탁(채권혼합-재간접형)(A-e),07J49,09P65,09P67,X,X,X,07J49,한국투자MySuper인컴추구증권모투자신탁(채권혼합-재간접형)
1664,07J49,한국투자MySuper인컴추구증권모투자신탁(채권혼합-재간접형),,,09P65,,09P68,한국투자MySuper알아서안정형월지급식증권자투자신탁(채권혼합-재간접형)(C),07J49,09P65,09P68,X,X,X,07J49,한국투자MySuper인컴추구증권모투자신탁(채권혼합-재간접형)
1665,07J49,한국투자MySuper인컴추구증권모투자신탁(채권혼합-재간접형),,,09P65,,09P69,한국투자MySuper알아서안정형월지급식증권자투자신탁(채권혼합-재간접형)(C-e),07J49,09P65,09P69,X,X,X,07J49,한국투자MySuper인컴추구증권모투자신탁(채권혼합-재간접형)
1666,07J49,한국투자MySuper인컴추구증권모투자신탁(채권혼합-재간접형),,,09P65,,09P71,한국투자MySuper알아서안정형월지급식증권자투자신탁(채권혼합-재간접형)(C-P),07J49,09P65,09P71,X,X,X,07J49,한국투자MySuper인컴추구증권모투자신탁(채권혼합-재간접형)
1667,07J49,한국투자MySuper인컴추구증권모투자신탁(채권혼합-재간접형),,,09P65,,09P72,한국투자MySuper알아서안정형월지급식증권자투자신탁(채권혼합-재간접형)(C-Pe),07J49,09P65,09P72,X,X,X,07J49,한국투자MySuper인컴추구증권모투자신탁(채권혼합-재간접형)
1668,07J49,한국투자MySuper인컴추구증권모투자신탁(채권혼합-재간접형),,,09P65,,09P73,한국투자MySuper알아서안정형월지급식증권자투자신탁(채권혼합-재간접형)(C-R),07J49,09P65,09P73,X,X,X,07J49,한국투자MySuper인컴추구증권모투자신탁(채권혼합-재간접형)
1669,07J49,한국투자MySuper인컴추구증권모투자신탁(채권혼합-재간접형),,,09P65,,09P75,한국투자MySuper알아서안정형월지급식증권자투자신탁(채권혼합-재간접형)(C-Re),07J49,09P65,09P75,X,X,X,07J49,한국투자MySuper인컴추구증권모투자신탁(채권혼합-재간접형)
1670,07J49,한국투자MySuper인컴추구증권모투자신탁(채권혼합-재간접형),,,09P65,,09P79,한국투자MySuper알아서안정형월지급식증권자투자신탁(채권혼합-재간접형)(A1),07J49,09P65,09P79,X,X,X,07J49,한국투자MySuper인컴추구증권모투자신탁(채권혼합-재간접형)
1671,07J49,한국투자MySuper인컴추구증권모투자신탁(채권혼합-재간접형),,,09P65,,09P80,한국투자MySuper알아서안정형월지급식증권자투자신탁(채권혼합-재간접형)(A1-e),07J49,09P65,09P80,X,X,X,07J49,한국투자MySuper인컴추구증권모투자신탁(채권혼합-재간접형)
1672,07M66,한국투자글로벌AI&반도체TOP10증권모투자신탁(USD)(주식),공통,0,07M67,한국투자글로벌AI&반도체TOP10증권자투자신탁H(주식)(모),07M68,한국투자글로벌AI&반도체TOP10증권자투자신탁H(주식)(A),07M66,07M67,07M68,X,X,X,07M66,한국투자글로벌AI&반도체TOP10증권모투자신탁(USD)(주식)
1673,07M66,한국투자글로벌AI&반도체TOP10증권모투자신탁(USD)(주식),,,07M67,,07M69,한국투자글로벌AI&반도체TOP10증권자투자신탁H(주식)(A-e),07M66,07M67,07M69,X,X,X,07M66,한국투자글로벌AI&반도체TOP10증권모투자신탁(USD)(주식)
1674,07M66,한국투자글로벌AI&반도체TOP10증권모투자신탁(USD)(주식),,,07M67,,07M71,한국투자글로벌AI&반도체TOP10증권자투자신탁H(주식)(C),07M66,07M67,07M71,X,X,X,07M66,한국투자글로벌AI&반도체TOP10증권모투자신탁(USD)(주식)
1675,07M66,한국투자글로벌AI&반도체TOP10증권모투자신탁(USD)(주식),,,07M67,,07M72,한국투자글로벌AI&반도체TOP10증권자투자신탁H(주식)(C-e),07M66,07M67,07M72,X,X,X,07M66,한국투자글로벌AI&반도체TOP10증권모투자신탁(USD)(주식)
1676,07M66,한국투자글로벌AI&반도체TOP10증권모투자신탁(USD)(주식),,,07M67,,07M73,한국투자글로벌AI&반도체TOP10증권자투자신탁H(주식)(C-F),07M66,07M67,07M73,X,X,X,07M66,한국투자글로벌AI&반도체TOP10증권모투자신탁(USD)(주식)
1677,07M66,한국투자글로벌AI&반도체TOP10증권모투자신탁(USD)(주식),,,07M67,,07M75,한국투자글로벌AI&반도체TOP10증권자투자신탁H(주식)(C-P),07M66,07M67,07M75,X,X,X,07M66,한국투자글로벌AI&반도체TOP10증권모투자신탁(USD)(주식)
1678,07M66,한국투자글로벌AI&반도체TOP10증권모투자신탁(USD)(주식),,,07M67,,07M76,한국투자글로벌AI&반도체TOP10증권자투자신탁H(주식)(C-Pe),07M66,07M67,07M76,X,X,X,07M66,한국투자글로벌AI&반도체TOP10증권모투자신탁(USD)(주식)
1679,07M66,한국투자글로벌AI&반도체TOP10증권모투자신탁(USD)(주식),,,07M67,,07M77,한국투자글로벌AI&반도체TOP10증권자투자신탁H(주식)(C-R),07M66,07M67,07M77,X,X,X,07M66,한국투자글로벌AI&반도체TOP10증권모투자신탁(USD)(주식)
1680,07M66,한국투자글로벌AI&반도체TOP10증권모투자신탁(USD)(주식),,,07M67,,07M78,한국투자글로벌AI&반도체TOP10증권자투자신탁H(주식)(C-Re),07M66,07M67,07M78,X,X,X,07M66,한국투자글로벌AI&반도체TOP10증권모투자신탁(USD)(주식)
1681,07M66,한국투자글로벌AI&반도체TOP10증권모투자신탁(USD)(주식),,,07M67,,07M79,한국투자글로벌AI&반도체TOP10증권자투자신탁H(주식)(C-W),07M66,07M67,07M79,X,X,X,07M66,한국투자글로벌AI&반도체TOP10증권모투자신탁(USD)(주식)
1682,07M66,한국투자글로벌AI&반도체TOP10증권모투자신탁(USD)(주식),,,07M67,,07M80,한국투자글로벌AI&반도체TOP10증권자투자신탁H(주식)(S),07M66,07M67,07M80,X,X,X,07M66,한국투자글로벌AI&반도체TOP10증권모투자신탁(USD)(주식)
1683,07M66,한국투자글로벌AI&반도체TOP10증권모투자신탁(USD)(주식),,,07M67,,07M81,한국투자글로벌AI&반도체TOP10증권자투자신탁H(주식)(S-P),07M66,07M67,07M81,X,X,X,07M66,한국투자글로벌AI&반도체TOP10증권모투자신탁(USD)(주식)
1684,07M66,한국투자글로벌AI&반도체TOP10증권모투자신탁(USD)(주식),,,07M67,,07M82,한국투자글로벌AI&반도체TOP10증권자투자신탁H(주식)(S-R),07M66,07M67,07M82,X,X,X,07M66,한국투자글로벌AI&반도체TOP10증권모투자신탁(USD)(주식)
1685,07M66,한국투자글로벌AI&반도체TOP10증권모투자신탁(USD)(주식),,,07M83,한국투자글로벌AI&반도체TOP10증권자투자신탁UH(주식)(모),07M84,한국투자글로벌AI&반도체TOP10증권자투자신탁UH(주식)(A),07M66,07M83,07M84,X,X,X,07M66,한국투자글로벌AI&반도체TOP10증권모투자신탁(USD)(주식)
1686,07M66,한국투자글로벌AI&반도체TOP10증권모투자신탁(USD)(주식),,,07M83,,07M85,한국투자글로벌AI&반도체TOP10증권자투자신탁UH(주식)(A-e),07M66,07M83,07M85,X,X,X,07M66,한국투자글로벌AI&반도체TOP10증권모투자신탁(USD)(주식)
1687,07M66,한국투자글로벌AI&반도체TOP10증권모투자신탁(USD)(주식),,,07M83,,07M86,한국투자글로벌AI&반도체TOP10증권자투자신탁UH(주식)(A-G),07M66,07M83,07M86,X,X,X,07M66,한국투자글로벌AI&반도체TOP10증권모투자신탁(USD)(주식)
1688,07M66,한국투자글로벌AI&반도체TOP10증권모투자신탁(USD)(주식),,,07M83,,07M87,한국투자글로벌AI&반도체TOP10증권자투자신탁UH(주식)(C),07M66,07M83,07M87,X,X,X,07M66,한국투자글로벌AI&반도체TOP10증권모투자신탁(USD)(주식)
1689,07M66,한국투자글로벌AI&반도체TOP10증권모투자신탁(USD)(주식),,,07M83,,07M88,한국투자글로벌AI&반도체TOP10증권자투자신탁UH(주식)(C-e),07M66,07M83,07M88,X,X,X,07M66,한국투자글로벌AI&반도체TOP10증권모투자신탁(USD)(주식)
1690,07M66,한국투자글로벌AI&반도체TOP10증권모투자신탁(USD)(주식),,,07M83,,07M91,한국투자글로벌AI&반도체TOP10증권자투자신탁UH(주식)(C-P),07M66,07M83,07M91,X,X,X,07M66,한국투자글로벌AI&반도체TOP10증권모투자신탁(USD)(주식)
1691,07M66,한국투자글로벌AI&반도체TOP10증권모투자신탁(USD)(주식),,,07M83,,07M92,한국투자글로벌AI&반도체TOP10증권자투자신탁UH(주식)(C-Pe),07M66,07M83,07M92,X,X,X,07M66,한국투자글로벌AI&반도체TOP10증권모투자신탁(USD)(주식)
1692,07M66,한국투자글로벌AI&반도체TOP10증권모투자신탁(USD)(주식),,,07M83,,07M93,한국투자글로벌AI&반도체TOP10증권자투자신탁UH(주식)(C-R),07M66,07M83,07M93,X,X,X,07M66,한국투자글로벌AI&반도체TOP10증권모투자신탁(USD)(주식)
1693,07M66,한국투자글로벌AI&반도체TOP10증권모투자신탁(USD)(주식),,,07M83,,07M94,한국투자글로벌AI&반도체TOP10증권자투자신탁UH(주식)(C-Re),07M66,07M83,07M94,X,X,X,07M66,한국투자글로벌AI&반도체TOP10증권모투자신탁(USD)(주식)
1694,07M66,한국투자글로벌AI&반도체TOP10증권모투자신탁(USD)(주식),,,07M83,,07M95,한국투자글로벌AI&반도체TOP10증권자투자신탁UH(주식)(C-W),07M66,07M83,07M95,X,X,X,07M66,한국투자글로벌AI&반도체TOP10증권모투자신탁(USD)(주식)
1695,07M66,한국투자글로벌AI&반도체TOP10증권모투자신탁(USD)(주식),,,07M83,,07M96,한국투자글로벌AI&반도체TOP10증권자투자신탁UH(주식)(S),07M66,07M83,07M96,X,X,X,07M66,한국투자글로벌AI&반도체TOP10증권모투자신탁(USD)(주식)
1696,07M66,한국투자글로벌AI&반도체TOP10증권모투자신탁(USD)(주식),,,07M83,,07M97,한국투자글로벌AI&반도체TOP10증권자투자신탁UH(주식)(S-P),07M66,07M83,07M97,X,X,X,07M66,한국투자글로벌AI&반도체TOP10증권모투자신탁(USD)(주식)
1697,07M66,한국투자글로벌AI&반도체TOP10증권모투자신탁(USD)(주식),,,07M83,,07M98,한국투자글로벌AI&반도체TOP10증권자투자신탁UH(주식)(S-R),07M66,07M83,07M98,X,X,X,07M66,한국투자글로벌AI&반도체TOP10증권모투자신탁(USD)(주식)
1698,07M66,한국투자글로벌AI&반도체TOP10증권모투자신탁(USD)(주식),,,07N01,한국투자글로벌AI&반도체TOP10증권자투자신탁(USD)(주식)(모),07N02,한국투자글로벌AI&반도체TOP10증권자투자신탁(USD)(주식)(A),07M66,07N01,07N02,X,X,X,07M66,한국투자글로벌AI&반도체TOP10증권모투자신탁(USD)(주식)
1699,07M66,한국투자글로벌AI&반도체TOP10증권모투자신탁(USD)(주식),,,07N01,,07N03,한국투자글로벌AI&반도체TOP10증권자투자신탁(USD)(주식)(A-e),07M66,07N01,07N03,X,X,X,07M66,한국투자글로벌AI&반도체TOP10증권모투자신탁(USD)(주식)
1700,07M66,한국투자글로벌AI&반도체TOP10증권모투자신탁(USD)(주식),,,07N01,,07N05,한국투자글로벌AI&반도체TOP10증권자투자신탁(USD)(주식)(C),07M66,07N01,07N05,X,X,X,07M66,한국투자글로벌AI&반도체TOP10증권모투자신탁(USD)(주식)
1701,07M66,한국투자글로벌AI&반도체TOP10증권모투자신탁(USD)(주식),,,07N01,,07N06,한국투자글로벌AI&반도체TOP10증권자투자신탁(USD)(주식)(C-e),07M66,07N01,07N06,X,X,X,07M66,한국투자글로벌AI&반도체TOP10증권모투자신탁(USD)(주식)
1702,07N17,한국투자MSCI미국기후변화증권모투자신탁(USD)(주식),공통,0,07N34,한국투자MSCI미국기후변화증권자투자신탁H(주식)(모),07N38,한국투자MSCI미국기후변화증권자투자신탁H(주식)(C),07N17,07N34,07N38,X,X,X,07N17,한국투자MSCI미국기후변화증권모투자신탁(USD)(주식)
1703,07N17,한국투자MSCI미국기후변화증권모투자신탁(USD)(주식),,,07N34,,07N40,한국투자MSCI미국기후변화증권자투자신탁H(주식)(C-F),07N17,07N34,07N40,X,X,X,07N17,한국투자MSCI미국기후변화증권모투자신탁(USD)(주식)
1704,07N17,한국투자MSCI미국기후변화증권모투자신탁(USD)(주식),,,07N34,,07N46,한국투자MSCI미국기후변화증권자투자신탁H(주식)(C-W),07N17,07N34,07N46,X,X,X,07N17,한국투자MSCI미국기후변화증권모투자신탁(USD)(주식)
1705,07P17,한국투자글로벌우주기술&방산증권모투자신탁(USD)(주식),공통,0,07N67,한국투자글로벌우주기술&방산증권자투자신탁(USD)(주식)(모),07N68,한국투자글로벌우주기술&방산증권자투자신탁(USD)(주식)(A),07P17,07N67,07N68,X,X,X,07P17,한국투자글로벌우주기술&방산증권모투자신탁(USD)(주식)
1706,07P17,한국투자글로벌우주기술&방산증권모투자신탁(USD)(주식),,,07N67,,07N69,한국투자글로벌우주기술&방산증권자투자신탁(USD)(주식)(A-e),07P17,07N67,07N69,X,X,X,07P17,한국투자글로벌우주기술&방산증권모투자신탁(USD)(주식)
1707,07P17,한국투자글로벌우주기술&방산증권모투자신탁(USD)(주식),,,07N67,,07N70,한국투자글로벌우주기술&방산증권자투자신탁(USD)(주식)(A-G),07P17,07N67,07N70,X,X,X,07P17,한국투자글로벌우주기술&방산증권모투자신탁(USD)(주식)
1708,07P17,한국투자글로벌우주기술&방산증권모투자신탁(USD)(주식),,,07N67,,07N71,한국투자글로벌우주기술&방산증권자투자신탁(USD)(주식)(C),07P17,07N67,07N71,X,X,X,07P17,한국투자글로벌우주기술&방산증권모투자신탁(USD)(주식)
1709,07P17,한국투자글로벌우주기술&방산증권모투자신탁(USD)(주식),,,07N67,,07N72,한국투자글로벌우주기술&방산증권자투자신탁(USD)(주식)(C-e),07P17,07N67,07N72,X,X,X,07P17,한국투자글로벌우주기술&방산증권모투자신탁(USD)(주식)
1710,07P17,한국투자글로벌우주기술&방산증권모투자신탁(USD)(주식),,,07N67,,07N73,한국투자글로벌우주기술&방산증권자투자신탁(USD)(주식)(C-F),07P17,07N67,07N73,X,X,X,07P17,한국투자글로벌우주기술&방산증권모투자신탁(USD)(주식)
1711,07P17,한국투자글로벌우주기술&방산증권모투자신탁(USD)(주식),,,07N67,,07N74,한국투자글로벌우주기술&방산증권자투자신탁(USD)(주식)(C-G),07P17,07N67,07N74,X,X,X,07P17,한국투자글로벌우주기술&방산증권모투자신탁(USD)(주식)
1712,07P17,한국투자글로벌우주기술&방산증권모투자신탁(USD)(주식),,,07N67,,07N75,한국투자글로벌우주기술&방산증권자투자신탁(USD)(주식)(C-P),07P17,07N67,07N75,X,X,X,07P17,한국투자글로벌우주기술&방산증권모투자신탁(USD)(주식)
1713,07P17,한국투자글로벌우주기술&방산증권모투자신탁(USD)(주식),,,07N67,,07N76,한국투자글로벌우주기술&방산증권자투자신탁(USD)(주식)(C-Pe),07P17,07N67,07N76,X,X,X,07P17,한국투자글로벌우주기술&방산증권모투자신탁(USD)(주식)
1714,07P17,한국투자글로벌우주기술&방산증권모투자신탁(USD)(주식),,,07N67,,07N77,한국투자글로벌우주기술&방산증권자투자신탁(USD)(주식)(C-R),07P17,07N67,07N77,X,X,X,07P17,한국투자글로벌우주기술&방산증권모투자신탁(USD)(주식)
1715,07P17,한국투자글로벌우주기술&방산증권모투자신탁(USD)(주식),,,07N67,,07N78,한국투자글로벌우주기술&방산증권자투자신탁(USD)(주식)(C-Re),07P17,07N67,07N78,X,X,X,07P17,한국투자글로벌우주기술&방산증권모투자신탁(USD)(주식)
1716,07P17,한국투자글로벌우주기술&방산증권모투자신탁(USD)(주식),,,07N67,,07N79,한국투자글로벌우주기술&방산증권자투자신탁(USD)(주식)(C-W),07P17,07N67,07N79,X,X,X,07P17,한국투자글로벌우주기술&방산증권모투자신탁(USD)(주식)
1717,07P17,한국투자글로벌우주기술&방산증권모투자신탁(USD)(주식),,,07N67,,07N80,한국투자글로벌우주기술&방산증권자투자신탁(USD)(주식)(S),07P17,07N67,07N80,X,X,X,07P17,한국투자글로벌우주기술&방산증권모투자신탁(USD)(주식)
1718,07P17,한국투자글로벌우주기술&방산증권모투자신탁(USD)(주식),,,07N67,,07N81,한국투자글로벌우주기술&방산증권자투자신탁(USD)(주식)(S-P),07P17,07N67,07N81,X,X,X,07P17,한국투자글로벌우주기술&방산증권모투자신탁(USD)(주식)
1719,07P17,한국투자글로벌우주기술&방산증권모투자신탁(USD)(주식),,,07N67,,07N82,한국투자글로벌우주기술&방산증권자투자신탁(USD)(주식)(S-R),07P17,07N67,07N82,X,X,X,07P17,한국투자글로벌우주기술&방산증권모투자신탁(USD)(주식)
1720,07P17,한국투자글로벌우주기술&방산증권모투자신탁(USD)(주식),,,07N83,한국투자글로벌우주기술&방산증권자투자신탁H(주식)(모),07N84,한국투자글로벌우주기술&방산증권자투자신탁H(주식)(A),07P17,07N83,07N84,X,X,X,07P17,한국투자글로벌우주기술&방산증권모투자신탁(USD)(주식)
1721,07P17,한국투자글로벌우주기술&방산증권모투자신탁(USD)(주식),,,07N83,,07N85,한국투자글로벌우주기술&방산증권자투자신탁H(주식)(A-e),07P17,07N83,07N85,X,X,X,07P17,한국투자글로벌우주기술&방산증권모투자신탁(USD)(주식)
1722,07P17,한국투자글로벌우주기술&방산증권모투자신탁(USD)(주식),,,07N83,,07N87,한국투자글로벌우주기술&방산증권자투자신탁H(주식)(C),07P17,07N83,07N87,X,X,X,07P17,한국투자글로벌우주기술&방산증권모투자신탁(USD)(주식)
1723,07P17,한국투자글로벌우주기술&방산증권모투자신탁(USD)(주식),,,07N83,,07N88,한국투자글로벌우주기술&방산증권자투자신탁H(주식)(C-e),07P17,07N83,07N88,X,X,X,07P17,한국투자글로벌우주기술&방산증권모투자신탁(USD)(주식)
1724,07P17,한국투자글로벌우주기술&방산증권모투자신탁(USD)(주식),,,07N83,,07N89,한국투자글로벌우주기술&방산증권자투자신탁H(주식)(C-F),07P17,07N83,07N89,X,X,X,07P17,한국투자글로벌우주기술&방산증권모투자신탁(USD)(주식)
1725,07P17,한국투자글로벌우주기술&방산증권모투자신탁(USD)(주식),,,07N83,,07N91,한국투자글로벌우주기술&방산증권자투자신탁H(주식)(C-P),07P17,07N83,07N91,X,X,X,07P17,한국투자글로벌우주기술&방산증권모투자신탁(USD)(주식)
1726,07P17,한국투자글로벌우주기술&방산증권모투자신탁(USD)(주식),,,07N83,,07N92,한국투자글로벌우주기술&방산증권자투자신탁H(주식)(C-Pe),07P17,07N83,07N92,X,X,X,07P17,한국투자글로벌우주기술&방산증권모투자신탁(USD)(주식)
1727,07P17,한국투자글로벌우주기술&방산증권모투자신탁(USD)(주식),,,07N83,,07N93,한국투자글로벌우주기술&방산증권자투자신탁H(주식)(C-R),07P17,07N83,07N93,X,X,X,07P17,한국투자글로벌우주기술&방산증권모투자신탁(USD)(주식)
1728,07P17,한국투자글로벌우주기술&방산증권모투자신탁(USD)(주식),,,07N83,,07N94,한국투자글로벌우주기술&방산증권자투자신탁H(주식)(C-Re),07P17,07N83,07N94,X,X,X,07P17,한국투자글로벌우주기술&방산증권모투자신탁(USD)(주식)
1729,07P17,한국투자글로벌우주기술&방산증권모투자신탁(USD)(주식),,,07N83,,07N96,한국투자글로벌우주기술&방산증권자투자신탁H(주식)(S),07P17,07N83,07N96,X,X,X,07P17,한국투자글로벌우주기술&방산증권모투자신탁(USD)(주식)
1730,07P17,한국투자글로벌우주기술&방산증권모투자신탁(USD)(주식),,,07N83,,07N97,한국투자글로벌우주기술&방산증권자투자신탁H(주식)(S-P),07P17,07N83,07N97,X,X,X,07P17,한국투자글로벌우주기술&방산증권모투자신탁(USD)(주식)
1731,07P17,한국투자글로벌우주기술&방산증권모투자신탁(USD)(주식),,,07N83,,07N98,한국투자글로벌우주기술&방산증권자투자신탁H(주식)(S-R),07P17,07N83,07N98,X,X,X,07P17,한국투자글로벌우주기술&방산증권모투자신탁(USD)(주식)
1732,07P17,한국투자글로벌우주기술&방산증권모투자신탁(USD)(주식),,,07P01,한국투자글로벌우주기술&방산증권자투자신탁UH(주식)(모),07P02,한국투자글로벌우주기술&방산증권자투자신탁UH(주식)(A),07P17,07P01,07P02,X,X,X,07P17,한국투자글로벌우주기술&방산증권모투자신탁(USD)(주식)
1733,07P17,한국투자글로벌우주기술&방산증권모투자신탁(USD)(주식),,,07P01,,07P03,한국투자글로벌우주기술&방산증권자투자신탁UH(주식)(A-e),07P17,07P01,07P03,X,X,X,07P17,한국투자글로벌우주기술&방산증권모투자신탁(USD)(주식)
1734,07P17,한국투자글로벌우주기술&방산증권모투자신탁(USD)(주식),,,07P01,,07P05,한국투자글로벌우주기술&방산증권자투자신탁UH(주식)(C),07P17,07P01,07P05,X,X,X,07P17,한국투자글로벌우주기술&방산증권모투자신탁(USD)(주식)
1735,07P17,한국투자글로벌우주기술&방산증권모투자신탁(USD)(주식),,,07P01,,07P06,한국투자글로벌우주기술&방산증권자투자신탁UH(주식)(C-e),07P17,07P01,07P06,X,X,X,07P17,한국투자글로벌우주기술&방산증권모투자신탁(USD)(주식)
1736,07P17,한국투자글로벌우주기술&방산증권모투자신탁(USD)(주식),,,07P01,,07P09,한국투자글로벌우주기술&방산증권자투자신탁UH(주식)(C-P),07P17,07P01,07P09,X,X,X,07P17,한국투자글로벌우주기술&방산증권모투자신탁(USD)(주식)
1737,07P17,한국투자글로벌우주기술&방산증권모투자신탁(USD)(주식),,,07P01,,07P10,한국투자글로벌우주기술&방산증권자투자신탁UH(주식)(C-Pe),07P17,07P01,07P10,X,X,X,07P17,한국투자글로벌우주기술&방산증권모투자신탁(USD)(주식)
1738,07P17,한국투자글로벌우주기술&방산증권모투자신탁(USD)(주식),,,07P01,,07P12,한국투자글로벌우주기술&방산증권자투자신탁UH(주식)(C-Re),07P17,07P01,07P12,X,X,X,07P17,한국투자글로벌우주기술&방산증권모투자신탁(USD)(주식)
1739,07P17,한국투자글로벌우주기술&방산증권모투자신탁(USD)(주식),,,07P01,,07P14,한국투자글로벌우주기술&방산증권자투자신탁UH(주식)(S),07P17,07P01,07P14,X,X,X,07P17,한국투자글로벌우주기술&방산증권모투자신탁(USD)(주식)
1740,07P17,한국투자글로벌우주기술&방산증권모투자신탁(USD)(주식),,,07P01,,07P15,한국투자글로벌우주기술&방산증권자투자신탁UH(주식)(S-P),07P17,07P01,07P15,X,X,X,07P17,한국투자글로벌우주기술&방산증권모투자신탁(USD)(주식)
1741,07P17,한국투자글로벌우주기술&방산증권모투자신탁(USD)(주식),,,07P01,,07P16,한국투자글로벌우주기술&방산증권자투자신탁UH(주식)(S-R),07P17,07P01,07P16,X,X,X,07P17,한국투자글로벌우주기술&방산증권모투자신탁(USD)(주식)
1742,07P83,한국투자JP모간글로벌셀렉트증권모투자신탁(주식-재간접형),설정,97,07P84,한국투자JP모간글로벌셀렉트증권자투자신탁H(주식-재간접형)(모),07P85,한국투자JP모간글로벌셀렉트증권자투자신탁H(주식-재간접형)(A),07P83,07P84,07P85,X,X,X,07P83,한국투자JP모간글로벌셀렉트증권모투자신탁(주식-재간접형)
1743,07P83,한국투자JP모간글로벌셀렉트증권모투자신탁(주식-재간접형),,,07P84,,07P86,한국투자JP모간글로벌셀렉트증권자투자신탁H(주식-재간접형)(A-e),07P83,07P84,07P86,X,X,X,07P83,한국투자JP모간글로벌셀렉트증권모투자신탁(주식-재간접형)
1744,07P83,한국투자JP모간글로벌셀렉트증권모투자신탁(주식-재간접형),,,07P84,,07P87,한국투자JP모간글로벌셀렉트증권자투자신탁H(주식-재간접형)(C),07P83,07P84,07P87,X,X,X,07P83,한국투자JP모간글로벌셀렉트증권모투자신탁(주식-재간접형)
1745,07P83,한국투자JP모간글로벌셀렉트증권모투자신탁(주식-재간접형),,,07P84,,07P88,한국투자JP모간글로벌셀렉트증권자투자신탁H(주식-재간접형)(C-e),07P83,07P84,07P88,X,X,X,07P83,한국투자JP모간글로벌셀렉트증권모투자신탁(주식-재간접형)
1746,07P83,한국투자JP모간글로벌셀렉트증권모투자신탁(주식-재간접형),,,07P84,,07Q02,한국투자JP모간글로벌셀렉트증권자투자신탁H(주식-재간접형)(C-W),07P83,07P84,07Q02,X,X,X,07P83,한국투자JP모간글로벌셀렉트증권모투자신탁(주식-재간접형)
1747,07P83,한국투자JP모간글로벌셀렉트증권모투자신탁(주식-재간접형),해지,100,07P84,한국투자JP모간글로벌셀렉트증권자투자신탁H(주식-재간접형)(모),07P85,한국투자JP모간글로벌셀렉트증권자투자신탁H(주식-재간접형)(A),07P83,07P84,07P85,X,X,X,07P83,한국투자JP모간글로벌셀렉트증권모투자신탁(주식-재간접형)
1748,07P83,한국투자JP모간글로벌셀렉트증권모투자신탁(주식-재간접형),,,07P84,,07P86,한국투자JP모간글로벌셀렉트증권자투자신탁H(주식-재간접형)(A-e),07P83,07P84,07P86,X,X,X,07P83,한국투자JP모간글로벌셀렉트증권모투자신탁(주식-재간접형)
1749,07P83,한국투자JP모간글로벌셀렉트증권모투자신탁(주식-재간접형),,,07P84,,07P87,한국투자JP모간글로벌셀렉트증권자투자신탁H(주식-재간접형)(C),07P83,07P84,07P87,X,X,X,07P83,한국투자JP모간글로벌셀렉트증권모투자신탁(주식-재간접형)
1750,07P83,한국투자JP모간글로벌셀렉트증권모투자신탁(주식-재간접형),,,07P84,,07P88,한국투자JP모간글로벌셀렉트증권자투자신탁H(주식-재간접형)(C-e),07P83,07P84,07P88,X,X,X,07P83,한국투자JP모간글로벌셀렉트증권모투자신탁(주식-재간접형)
1751,07P83,한국투자JP모간글로벌셀렉트증권모투자신탁(주식-재간접형),,,07P84,,07Q02,한국투자JP모간글로벌셀렉트증권자투자신탁H(주식-재간접형)(C-W),07P83,07P84,07Q02,X,X,X,07P83,한국투자JP모간글로벌셀렉트증권모투자신탁(주식-재간접형)
1752,07P83,한국투자JP모간글로벌셀렉트증권모투자신탁(주식-재간접형),설정,99,07P89,한국투자JP모간글로벌셀렉트증권자투자신탁UH(주식-재간접형)(모),07P90,한국투자JP모간글로벌셀렉트증권자투자신탁UH(주식-재간접형)(A),07P83,07P89,07P90,X,X,X,07P83,한국투자JP모간글로벌셀렉트증권모투자신탁(주식-재간접형)
1753,07P83,한국투자JP모간글로벌셀렉트증권모투자신탁(주식-재간접형),,,07P89,,07P91,한국투자JP모간글로벌셀렉트증권자투자신탁UH(주식-재간접형)(A-e),07P83,07P89,07P91,X,X,X,07P83,한국투자JP모간글로벌셀렉트증권모투자신탁(주식-재간접형)
1754,07P83,한국투자JP모간글로벌셀렉트증권모투자신탁(주식-재간접형),,,07P89,,07P92,한국투자JP모간글로벌셀렉트증권자투자신탁UH(주식-재간접형)(C),07P83,07P89,07P92,X,X,X,07P83,한국투자JP모간글로벌셀렉트증권모투자신탁(주식-재간접형)
1755,07P83,한국투자JP모간글로벌셀렉트증권모투자신탁(주식-재간접형),,,07P89,,07P93,한국투자JP모간글로벌셀렉트증권자투자신탁UH(주식-재간접형)(C-e),07P83,07P89,07P93,X,X,X,07P83,한국투자JP모간글로벌셀렉트증권모투자신탁(주식-재간접형)
1756,07P83,한국투자JP모간글로벌셀렉트증권모투자신탁(주식-재간접형),해지,100,07P89,한국투자JP모간글로벌셀렉트증권자투자신탁UH(주식-재간접형)(모),07P90,한국투자JP모간글로벌셀렉트증권자투자신탁UH(주식-재간접형)(A),07P83,07P89,07P90,X,X,X,07P83,한국투자JP모간글로벌셀렉트증권모투자신탁(주식-재간접형)
1757,07P83,한국투자JP모간글로벌셀렉트증권모투자신탁(주식-재간접형),,,07P89,,07P91,한국투자JP모간글로벌셀렉트증권자투자신탁UH(주식-재간접형)(A-e),07P83,07P89,07P91,X,X,X,07P83,한국투자JP모간글로벌셀렉트증권모투자신탁(주식-재간접형)
1758,07P83,한국투자JP모간글로벌셀렉트증권모투자신탁(주식-재간접형),,,07P89,,07P92,한국투자JP모간글로벌셀렉트증권자투자신탁UH(주식-재간접형)(C),07P83,07P89,07P92,X,X,X,07P83,한국투자JP모간글로벌셀렉트증권모투자신탁(주식-재간접형)
1759,07P83,한국투자JP모간글로벌셀렉트증권모투자신탁(주식-재간접형),,,07P89,,07P93,한국투자JP모간글로벌셀렉트증권자투자신탁UH(주식-재간접형)(C-e),07P83,07P89,07P93,X,X,X,07P83,한국투자JP모간글로벌셀렉트증권모투자신탁(주식-재간접형)
1760,07Q36,한국투자미국장기국채증권모투자신탁(USD)(채권-재간접형),공통,0,07Q37,한국투자미국장기국채증권자투자신탁(USD)(채권-재간접형)(모),07Q38,한국투자미국장기국채증권자투자신탁(USD)(채권-재간접형)(A),07Q36,07Q37,07Q38,X,X,X,07Q36,한국투자미국장기국채증권모투자신탁(USD)(채권-재간접형)
1761,07Q36,한국투자미국장기국채증권모투자신탁(USD)(채권-재간접형),,,07Q37,,07Q39,한국투자미국장기국채증권자투자신탁(USD)(채권-재간접형)(A-e),07Q36,07Q37,07Q39,X,X,X,07Q36,한국투자미국장기국채증권모투자신탁(USD)(채권-재간접형)
1762,07Q36,한국투자미국장기국채증권모투자신탁(USD)(채권-재간접형),,,07Q37,,07Q41,한국투자미국장기국채증권자투자신탁(USD)(채권-재간접형)(C),07Q36,07Q37,07Q41,X,X,X,07Q36,한국투자미국장기국채증권모투자신탁(USD)(채권-재간접형)
1763,07Q36,한국투자미국장기국채증권모투자신탁(USD)(채권-재간접형),,,07Q37,,07Q42,한국투자미국장기국채증권자투자신탁(USD)(채권-재간접형)(C-e),07Q36,07Q37,07Q42,X,X,X,07Q36,한국투자미국장기국채증권모투자신탁(USD)(채권-재간접형)
1764,07Q36,한국투자미국장기국채증권모투자신탁(USD)(채권-재간접형),,,07Q50,한국투자미국장기국채증권자투자신탁H(채권-재간접형)(모),07Q51,한국투자미국장기국채증권자투자신탁H(채권-재간접형)(A),07Q36,07Q50,07Q51,X,X,X,07Q36,한국투자미국장기국채증권모투자신탁(USD)(채권-재간접형)
1765,07Q36,한국투자미국장기국채증권모투자신탁(USD)(채권-재간접형),,,07Q50,,07Q52,한국투자미국장기국채증권자투자신탁H(채권-재간접형)(A-e),07Q36,07Q50,07Q52,X,X,X,07Q36,한국투자미국장기국채증권모투자신탁(USD)(채권-재간접형)
1766,07Q36,한국투자미국장기국채증권모투자신탁(USD)(채권-재간접형),,,07Q50,,07Q54,한국투자미국장기국채증권자투자신탁H(채권-재간접형)(C),07Q36,07Q50,07Q54,X,X,X,07Q36,한국투자미국장기국채증권모투자신탁(USD)(채권-재간접형)
1767,07Q36,한국투자미국장기국채증권모투자신탁(USD)(채권-재간접형),,,07Q50,,07Q55,한국투자미국장기국채증권자투자신탁H(채권-재간접형)(C-e),07Q36,07Q50,07Q55,X,X,X,07Q36,한국투자미국장기국채증권모투자신탁(USD)(채권-재간접형)
1768,07Q36,한국투자미국장기국채증권모투자신탁(USD)(채권-재간접형),,,07Q50,,07Q58,한국투자미국장기국채증권자투자신탁H(채권-재간접형)(C-P),07Q36,07Q50,07Q58,X,X,X,07Q36,한국투자미국장기국채증권모투자신탁(USD)(채권-재간접형)
1769,07Q36,한국투자미국장기국채증권모투자신탁(USD)(채권-재간접형),,,07Q50,,07Q59,한국투자미국장기국채증권자투자신탁H(채권-재간접형)(C-Pe),07Q36,07Q50,07Q59,X,X,X,07Q36,한국투자미국장기국채증권모투자신탁(USD)(채권-재간접형)
1770,07Q36,한국투자미국장기국채증권모투자신탁(USD)(채권-재간접형),,,07Q50,,07Q60,한국투자미국장기국채증권자투자신탁H(채권-재간접형)(C-R),07Q36,07Q50,07Q60,X,X,X,07Q36,한국투자미국장기국채증권모투자신탁(USD)(채권-재간접형)
1771,07Q36,한국투자미국장기국채증권모투자신탁(USD)(채권-재간접형),,,07Q50,,07Q61,한국투자미국장기국채증권자투자신탁H(채권-재간접형)(C-Re),07Q36,07Q50,07Q61,X,X,X,07Q36,한국투자미국장기국채증권모투자신탁(USD)(채권-재간접형)
1772,07Q36,한국투자미국장기국채증권모투자신탁(USD)(채권-재간접형),,,07Q50,,07Q62,한국투자미국장기국채증권자투자신탁H(채권-재간접형)(C-W),07Q36,07Q50,07Q62,X,X,X,07Q36,한국투자미국장기국채증권모투자신탁(USD)(채권-재간접형)
1773,07Q36,한국투자미국장기국채증권모투자신탁(USD)(채권-재간접형),,,07Q50,,07V42,한국투자미국장기국채증권자투자신탁H(채권-재간접형)(S),07Q36,07Q50,07V42,X,X,X,07Q36,한국투자미국장기국채증권모투자신탁(USD)(채권-재간접형)
1774,07Q36,한국투자미국장기국채증권모투자신탁(USD)(채권-재간접형),,,07Q50,,07V43,한국투자미국장기국채증권자투자신탁H(채권-재간접형)(S-P),07Q36,07Q50,07V43,X,X,X,07Q36,한국투자미국장기국채증권모투자신탁(USD)(채권-재간접형)
1775,07Q36,한국투자미국장기국채증권모투자신탁(USD)(채권-재간접형),,,07Q50,,07V44,한국투자미국장기국채증권자투자신탁H(채권-재간접형)(S-R),07Q36,07Q50,07V44,X,X,X,07Q36,한국투자미국장기국채증권모투자신탁(USD)(채권-재간접형)
1776,07Q36,한국투자미국장기국채증권모투자신탁(USD)(채권-재간접형),,,07Q50,,07V45,한국투자미국장기국채증권자투자신탁H(채권-재간접형)(A1),07Q36,07Q50,07V45,X,X,X,07Q36,한국투자미국장기국채증권모투자신탁(USD)(채권-재간접형)
1777,07Q36,한국투자미국장기국채증권모투자신탁(USD)(채권-재간접형),,,07Q63,한국투자미국장기국채증권자투자신탁UH(채권-재간접형)(모),07Q64,한국투자미국장기국채증권자투자신탁UH(채권-재간접형)(A),07Q36,07Q63,07Q64,X,X,X,07Q36,한국투자미국장기국채증권모투자신탁(USD)(채권-재간접형)
1778,07Q36,한국투자미국장기국채증권모투자신탁(USD)(채권-재간접형),,,07Q63,,07Q65,한국투자미국장기국채증권자투자신탁UH(채권-재간접형)(A-e),07Q36,07Q63,07Q65,X,X,X,07Q36,한국투자미국장기국채증권모투자신탁(USD)(채권-재간접형)
1779,07Q36,한국투자미국장기국채증권모투자신탁(USD)(채권-재간접형),,,07Q63,,07Q67,한국투자미국장기국채증권자투자신탁UH(채권-재간접형)(C),07Q36,07Q63,07Q67,X,X,X,07Q36,한국투자미국장기국채증권모투자신탁(USD)(채권-재간접형)
1780,07Q36,한국투자미국장기국채증권모투자신탁(USD)(채권-재간접형),,,07Q63,,07Q68,한국투자미국장기국채증권자투자신탁UH(채권-재간접형)(C-e),07Q36,07Q63,07Q68,X,X,X,07Q36,한국투자미국장기국채증권모투자신탁(USD)(채권-재간접형)
1781,07Q36,한국투자미국장기국채증권모투자신탁(USD)(채권-재간접형),,,07Q63,,07Q72,한국투자미국장기국채증권자투자신탁UH(채권-재간접형)(C-Pe),07Q36,07Q63,07Q72,X,X,X,07Q36,한국투자미국장기국채증권모투자신탁(USD)(채권-재간접형)
1782,07Q36,한국투자미국장기국채증권모투자신탁(USD)(채권-재간접형),,,07Q63,,07Q73,한국투자미국장기국채증권자투자신탁UH(채권-재간접형)(C-R),07Q36,07Q63,07Q73,X,X,X,07Q36,한국투자미국장기국채증권모투자신탁(USD)(채권-재간접형)
1783,07Q36,한국투자미국장기국채증권모투자신탁(USD)(채권-재간접형),,,07Q63,,07Q74,한국투자미국장기국채증권자투자신탁UH(채권-재간접형)(C-Re),07Q36,07Q63,07Q74,X,X,X,07Q36,한국투자미국장기국채증권모투자신탁(USD)(채권-재간접형)
1784,07Q36,한국투자미국장기국채증권모투자신탁(USD)(채권-재간접형),,,07Q63,,07Q75,한국투자미국장기국채증권자투자신탁UH(채권-재간접형)(C-W),07Q36,07Q63,07Q75,X,X,X,07Q36,한국투자미국장기국채증권모투자신탁(USD)(채권-재간접형)
1785,07Q36,한국투자미국장기국채증권모투자신탁(USD)(채권-재간접형),,,07Q63,,07V47,한국투자미국장기국채증권자투자신탁UH(채권-재간접형)(A1),07Q36,07Q63,07V47,X,X,X,07Q36,한국투자미국장기국채증권모투자신탁(USD)(채권-재간접형)
1786,07Q36,한국투자미국장기국채증권모투자신탁(USD)(채권-재간접형),,,07Q63,,07V74,한국투자미국장기국채증권자투자신탁UH(채권-재간접형)(S),07Q36,07Q63,07V74,X,X,X,07Q36,한국투자미국장기국채증권모투자신탁(USD)(채권-재간접형)
1787,07Q36,한국투자미국장기국채증권모투자신탁(USD)(채권-재간접형),,,07Q63,,07V75,한국투자미국장기국채증권자투자신탁UH(채권-재간접형)(S-P),07Q36,07Q63,07V75,X,X,X,07Q36,한국투자미국장기국채증권모투자신탁(USD)(채권-재간접형)
1788,07Q36,한국투자미국장기국채증권모투자신탁(USD)(채권-재간접형),,,07Q63,,07V76,한국투자미국장기국채증권자투자신탁UH(채권-재간접형)(S-R),07Q36,07Q63,07V76,X,X,X,07Q36,한국투자미국장기국채증권모투자신탁(USD)(채권-재간접형)
1789,07W34,한국투자글로벌선진국증권모투자신탁(USD)(주식),공통,0,07W46,한국투자글로벌선진국증권자투자신탁H(주식)(모),07W48,한국투자글로벌선진국증권자투자신탁H(주식)(A-e),07W34,07W46,07W48,X,X,X,07W34,한국투자글로벌선진국증권모투자신탁(USD)(주식)
1790,07W34,한국투자글로벌선진국증권모투자신탁(USD)(주식),,,07W46,,07W51,한국투자글로벌선진국증권자투자신탁H(주식)(C-F),07W34,07W46,07W51,X,X,X,07W34,한국투자글로벌선진국증권모투자신탁(USD)(주식)
1791,07W74,한국투자MAN다이나믹인컴증권모투자신탁(USD)(채권-재간접형),공통,0,07W75,한국투자MAN다이나믹인컴증권자투자신탁H(채권-재간접형)(모),07Z48,한국투자MAN다이나믹인컴증권자투자신탁H(채권-재간접형)(A),07W74,07W75,07Z48,X,X,X,07W74,한국투자MAN다이나믹인컴증권모투자신탁(USD)(채권-재간접형)
1792,07W74,한국투자MAN다이나믹인컴증권모투자신탁(USD)(채권-재간접형),,,07W75,,07Z49,한국투자MAN다이나믹인컴증권자투자신탁H(채권-재간접형)(A-e),07W74,07W75,07Z49,X,X,X,07W74,한국투자MAN다이나믹인컴증권모투자신탁(USD)(채권-재간접형)
1793,07W74,한국투자MAN다이나믹인컴증권모투자신탁(USD)(채권-재간접형),,,07W75,,07Z51,한국투자MAN다이나믹인컴증권자투자신탁H(채권-재간접형)(C),07W74,07W75,07Z51,X,X,X,07W74,한국투자MAN다이나믹인컴증권모투자신탁(USD)(채권-재간접형)
1794,07W74,한국투자MAN다이나믹인컴증권모투자신탁(USD)(채권-재간접형),,,07W75,,07Z52,한국투자MAN다이나믹인컴증권자투자신탁H(채권-재간접형)(C-e),07W74,07W75,07Z52,X,X,X,07W74,한국투자MAN다이나믹인컴증권모투자신탁(USD)(채권-재간접형)
1795,07W74,한국투자MAN다이나믹인컴증권모투자신탁(USD)(채권-재간접형),,,07W75,,07Z53,한국투자MAN다이나믹인컴증권자투자신탁H(채권-재간접형)(C-F),07W74,07W75,07Z53,X,X,X,07W74,한국투자MAN다이나믹인컴증권모투자신탁(USD)(채권-재간접형)
1796,07W74,한국투자MAN다이나믹인컴증권모투자신탁(USD)(채권-재간접형),,,07W75,,07Z55,한국투자MAN다이나믹인컴증권자투자신탁H(채권-재간접형)(C-P),07W74,07W75,07Z55,X,X,X,07W74,한국투자MAN다이나믹인컴증권모투자신탁(USD)(채권-재간접형)
1797,07W74,한국투자MAN다이나믹인컴증권모투자신탁(USD)(채권-재간접형),,,07W75,,07Z56,한국투자MAN다이나믹인컴증권자투자신탁H(채권-재간접형)(C-Pe),07W74,07W75,07Z56,X,X,X,07W74,한국투자MAN다이나믹인컴증권모투자신탁(USD)(채권-재간접형)
1798,07W74,한국투자MAN다이나믹인컴증권모투자신탁(USD)(채권-재간접형),,,07W75,,07Z57,한국투자MAN다이나믹인컴증권자투자신탁H(채권-재간접형)(C-R),07W74,07W75,07Z57,X,X,X,07W74,한국투자MAN다이나믹인컴증권모투자신탁(USD)(채권-재간접형)
1799,07W74,한국투자MAN다이나믹인컴증권모투자신탁(USD)(채권-재간접형),,,07W75,,07Z58,한국투자MAN다이나믹인컴증권자투자신탁H(채권-재간접형)(C-Re),07W74,07W75,07Z58,X,X,X,07W74,한국투자MAN다이나믹인컴증권모투자신탁(USD)(채권-재간접형)
1800,07W74,한국투자MAN다이나믹인컴증권모투자신탁(USD)(채권-재간접형),,,07W75,,09P18,한국투자MAN다이나믹인컴증권자투자신탁H(채권-재간접형)(C-R2),07W74,07W75,09P18,X,X,X,07W74,한국투자MAN다이나믹인컴증권모투자신탁(USD)(채권-재간접형)
1801,07W74,한국투자MAN다이나믹인컴증권모투자신탁(USD)(채권-재간접형),,,07W76,한국투자MAN다이나믹인컴증권자투자신탁UH(채권-재간접형)(모),07Z72,한국투자MAN다이나믹인컴증권자투자신탁UH(채권-재간접형)(A),07W74,07W76,07Z72,X,X,X,07W74,한국투자MAN다이나믹인컴증권모투자신탁(USD)(채권-재간접형)
1802,07W74,한국투자MAN다이나믹인컴증권모투자신탁(USD)(채권-재간접형),,,07W76,,07Z73,한국투자MAN다이나믹인컴증권자투자신탁UH(채권-재간접형)(A-e),07W74,07W76,07Z73,X,X,X,07W74,한국투자MAN다이나믹인컴증권모투자신탁(USD)(채권-재간접형)
1803,07W74,한국투자MAN다이나믹인컴증권모투자신탁(USD)(채권-재간접형),,,07W76,,07Z76,한국투자MAN다이나믹인컴증권자투자신탁UH(채권-재간접형)(C-e),07W74,07W76,07Z76,X,X,X,07W74,한국투자MAN다이나믹인컴증권모투자신탁(USD)(채권-재간접형)
1804,07W74,한국투자MAN다이나믹인컴증권모투자신탁(USD)(채권-재간접형),,,07W76,,07Z79,한국투자MAN다이나믹인컴증권자투자신탁UH(채권-재간접형)(C-P),07W74,07W76,07Z79,X,X,X,07W74,한국투자MAN다이나믹인컴증권모투자신탁(USD)(채권-재간접형)
1805,07W74,한국투자MAN다이나믹인컴증권모투자신탁(USD)(채권-재간접형),,,07W76,,07Z80,한국투자MAN다이나믹인컴증권자투자신탁UH(채권-재간접형)(C-Pe),07W74,07W76,07Z80,X,X,X,07W74,한국투자MAN다이나믹인컴증권모투자신탁(USD)(채권-재간접형)
1806,07W74,한국투자MAN다이나믹인컴증권모투자신탁(USD)(채권-재간접형),,,07W76,,07Z82,한국투자MAN다이나믹인컴증권자투자신탁UH(채권-재간접형)(C-Re),07W74,07W76,07Z82,X,X,X,07W74,한국투자MAN다이나믹인컴증권모투자신탁(USD)(채권-재간접형)
1807,07W74,한국투자MAN다이나믹인컴증권모투자신탁(USD)(채권-재간접형),,,07W77,한국투자MAN다이나믹인컴증권자투자신탁(USD)(채권-재간접형)(모),07Z36,한국투자MAN다이나믹인컴증권자투자신탁(USD)(채권-재간접형)(A),07W74,07W77,07Z36,X,X,X,07W74,한국투자MAN다이나믹인컴증권모투자신탁(USD)(채권-재간접형)
1808,07W74,한국투자MAN다이나믹인컴증권모투자신탁(USD)(채권-재간접형),,,07W77,,07Z39,한국투자MAN다이나믹인컴증권자투자신탁(USD)(채권-재간접형)(C),07W74,07W77,07Z39,X,X,X,07W74,한국투자MAN다이나믹인컴증권모투자신탁(USD)(채권-재간접형)
1809,07W74,한국투자MAN다이나믹인컴증권모투자신탁(USD)(채권-재간접형),,,07W77,,07Z40,한국투자MAN다이나믹인컴증권자투자신탁(USD)(채권-재간접형)(C-e),07W74,07W77,07Z40,X,X,X,07W74,한국투자MAN다이나믹인컴증권모투자신탁(USD)(채권-재간접형)
1810,07W74,한국투자MAN다이나믹인컴증권모투자신탁(USD)(채권-재간접형),,,07W78,한국투자MAN다이나믹인컴월배당증권자투자신탁H(채권-재간접형)(모),07Z60,한국투자MAN다이나믹인컴월배당증권자투자신탁H(채권-재간접형)(A),07W74,07W78,07Z60,X,X,X,07W74,한국투자MAN다이나믹인컴증권모투자신탁(USD)(채권-재간접형)
1811,07W74,한국투자MAN다이나믹인컴증권모투자신탁(USD)(채권-재간접형),,,07W78,,07Z61,한국투자MAN다이나믹인컴월배당증권자투자신탁H(채권-재간접형)(A-e),07W74,07W78,07Z61,X,X,X,07W74,한국투자MAN다이나믹인컴증권모투자신탁(USD)(채권-재간접형)
1812,07W74,한국투자MAN다이나믹인컴증권모투자신탁(USD)(채권-재간접형),,,07W78,,07Z63,한국투자MAN다이나믹인컴월배당증권자투자신탁H(채권-재간접형)(C),07W74,07W78,07Z63,X,X,X,07W74,한국투자MAN다이나믹인컴증권모투자신탁(USD)(채권-재간접형)
1813,07W74,한국투자MAN다이나믹인컴증권모투자신탁(USD)(채권-재간접형),,,07W78,,07Z64,한국투자MAN다이나믹인컴월배당증권자투자신탁H(채권-재간접형)(C-e),07W74,07W78,07Z64,X,X,X,07W74,한국투자MAN다이나믹인컴증권모투자신탁(USD)(채권-재간접형)
1814,07W74,한국투자MAN다이나믹인컴증권모투자신탁(USD)(채권-재간접형),,,09B07,한국투자MAN다이나믹인컴월배당증권자투자신탁(USD)(채권-재간접형)(모),09B08,한국투자MAN다이나믹인컴월배당증권자투자신탁(USD)(채권-재간접형)(A),07W74,09B07,09B08,X,X,X,07W74,한국투자MAN다이나믹인컴증권모투자신탁(USD)(채권-재간접형)
1815,07W74,한국투자MAN다이나믹인컴증권모투자신탁(USD)(채권-재간접형),,,09B07,,09B09,한국투자MAN다이나믹인컴월배당증권자투자신탁(USD)(채권-재간접형)(A-e),07W74,09B07,09B09,X,X,X,07W74,한국투자MAN다이나믹인컴증권모투자신탁(USD)(채권-재간접형)
1816,07W74,한국투자MAN다이나믹인컴증권모투자신탁(USD)(채권-재간접형),,,09B07,,09B11,한국투자MAN다이나믹인컴월배당증권자투자신탁(USD)(채권-재간접형)(C),07W74,09B07,09B11,X,X,X,07W74,한국투자MAN다이나믹인컴증권모투자신탁(USD)(채권-재간접형)
1817,07W82,한국투자미국S&P500동일가중모레드림증권모투자신탁(USD)(주식),공통,0,07W83,한국투자미국S&P500동일가중모레드림증권자투자신탁H(주식)(모),07W84,한국투자미국S&P500동일가중모레드림증권자투자신탁H(주식)(A),07W82,07W83,07W84,X,X,X,07W82,한국투자미국S&P500동일가중모레드림증권모투자신탁(USD)(주식)
1818,07W82,한국투자미국S&P500동일가중모레드림증권모투자신탁(USD)(주식),,,07W83,,07W85,한국투자미국S&P500동일가중모레드림증권자투자신탁H(주식)(A-e),07W82,07W83,07W85,X,X,X,07W82,한국투자미국S&P500동일가중모레드림증권모투자신탁(USD)(주식)
1819,07W82,한국투자미국S&P500동일가중모레드림증권모투자신탁(USD)(주식),,,07W83,,07W86,한국투자미국S&P500동일가중모레드림증권자투자신탁H(주식)(C),07W82,07W83,07W86,X,X,X,07W82,한국투자미국S&P500동일가중모레드림증권모투자신탁(USD)(주식)
1820,07W82,한국투자미국S&P500동일가중모레드림증권모투자신탁(USD)(주식),,,07W83,,07W90,한국투자미국S&P500동일가중모레드림증권자투자신탁H(주식)(C-e),07W82,07W83,07W90,X,X,X,07W82,한국투자미국S&P500동일가중모레드림증권모투자신탁(USD)(주식)
1821,07W82,한국투자미국S&P500동일가중모레드림증권모투자신탁(USD)(주식),,,07W83,,07W91,한국투자미국S&P500동일가중모레드림증권자투자신탁H(주식)(C-F),07W82,07W83,07W91,X,X,X,07W82,한국투자미국S&P500동일가중모레드림증권모투자신탁(USD)(주식)
1822,07W82,한국투자미국S&P500동일가중모레드림증권모투자신탁(USD)(주식),,,07W83,,07W92,한국투자미국S&P500동일가중모레드림증권자투자신탁H(주식)(C-P),07W82,07W83,07W92,X,X,X,07W82,한국투자미국S&P500동일가중모레드림증권모투자신탁(USD)(주식)
1823,07W82,한국투자미국S&P500동일가중모레드림증권모투자신탁(USD)(주식),,,07W83,,07W93,한국투자미국S&P500동일가중모레드림증권자투자신탁H(주식)(C-Pe),07W82,07W83,07W93,X,X,X,07W82,한국투자미국S&P500동일가중모레드림증권모투자신탁(USD)(주식)
1824,07W82,한국투자미국S&P500동일가중모레드림증권모투자신탁(USD)(주식),,,07W83,,07W94,한국투자미국S&P500동일가중모레드림증권자투자신탁H(주식)(C-R),07W82,07W83,07W94,X,X,X,07W82,한국투자미국S&P500동일가중모레드림증권모투자신탁(USD)(주식)
1825,07W82,한국투자미국S&P500동일가중모레드림증권모투자신탁(USD)(주식),,,07W83,,07W95,한국투자미국S&P500동일가중모레드림증권자투자신탁H(주식)(C-Re),07W82,07W83,07W95,X,X,X,07W82,한국투자미국S&P500동일가중모레드림증권모투자신탁(USD)(주식)
1826,07W82,한국투자미국S&P500동일가중모레드림증권모투자신탁(USD)(주식),,,07W83,,07W97,한국투자미국S&P500동일가중모레드림증권자투자신탁H(주식)(S),07W82,07W83,07W97,X,X,X,07W82,한국투자미국S&P500동일가중모레드림증권모투자신탁(USD)(주식)
1827,07W82,한국투자미국S&P500동일가중모레드림증권모투자신탁(USD)(주식),,,07W83,,07W98,한국투자미국S&P500동일가중모레드림증권자투자신탁H(주식)(S-P),07W82,07W83,07W98,X,X,X,07W82,한국투자미국S&P500동일가중모레드림증권모투자신탁(USD)(주식)
1828,07W82,한국투자미국S&P500동일가중모레드림증권모투자신탁(USD)(주식),,,07W83,,07W99,한국투자미국S&P500동일가중모레드림증권자투자신탁H(주식)(S-R),07W82,07W83,07W99,X,X,X,07W82,한국투자미국S&P500동일가중모레드림증권모투자신탁(USD)(주식)
1829,07W82,한국투자미국S&P500동일가중모레드림증권모투자신탁(USD)(주식),,,07Z01,한국투자미국S&P500동일가중모레드림증권자투자신탁UH(주식)(모),07Z02,한국투자미국S&P500동일가중모레드림증권자투자신탁UH(주식)(A),07W82,07Z01,07Z02,X,X,X,07W82,한국투자미국S&P500동일가중모레드림증권모투자신탁(USD)(주식)
1830,07W82,한국투자미국S&P500동일가중모레드림증권모투자신탁(USD)(주식),,,07Z01,,07Z03,한국투자미국S&P500동일가중모레드림증권자투자신탁UH(주식)(A-e),07W82,07Z01,07Z03,X,X,X,07W82,한국투자미국S&P500동일가중모레드림증권모투자신탁(USD)(주식)
1831,07W82,한국투자미국S&P500동일가중모레드림증권모투자신탁(USD)(주식),,,07Z01,,07Z04,한국투자미국S&P500동일가중모레드림증권자투자신탁UH(주식)(C),07W82,07Z01,07Z04,X,X,X,07W82,한국투자미국S&P500동일가중모레드림증권모투자신탁(USD)(주식)
1832,07W82,한국투자미국S&P500동일가중모레드림증권모투자신탁(USD)(주식),,,07Z01,,07Z08,한국투자미국S&P500동일가중모레드림증권자투자신탁UH(주식)(C-e),07W82,07Z01,07Z08,X,X,X,07W82,한국투자미국S&P500동일가중모레드림증권모투자신탁(USD)(주식)
1833,07W82,한국투자미국S&P500동일가중모레드림증권모투자신탁(USD)(주식),,,07Z01,,07Z10,한국투자미국S&P500동일가중모레드림증권자투자신탁UH(주식)(C-Pe),07W82,07Z01,07Z10,X,X,X,07W82,한국투자미국S&P500동일가중모레드림증권모투자신탁(USD)(주식)
1834,07W82,한국투자미국S&P500동일가중모레드림증권모투자신탁(USD)(주식),,,07Z01,,07Z11,한국투자미국S&P500동일가중모레드림증권자투자신탁UH(주식)(C-R),07W82,07Z01,07Z11,X,X,X,07W82,한국투자미국S&P500동일가중모레드림증권모투자신탁(USD)(주식)
1835,07W82,한국투자미국S&P500동일가중모레드림증권모투자신탁(USD)(주식),,,07Z01,,07Z12,한국투자미국S&P500동일가중모레드림증권자투자신탁UH(주식)(C-Re),07W82,07Z01,07Z12,X,X,X,07W82,한국투자미국S&P500동일가중모레드림증권모투자신탁(USD)(주식)
1836,07W82,한국투자미국S&P500동일가중모레드림증권모투자신탁(USD)(주식),,,07Z01,,07Z14,한국투자미국S&P500동일가중모레드림증권자투자신탁UH(주식)(S),07W82,07Z01,07Z14,X,X,X,07W82,한국투자미국S&P500동일가중모레드림증권모투자신탁(USD)(주식)
1837,07W82,한국투자미국S&P500동일가중모레드림증권모투자신탁(USD)(주식),,,07Z01,,07Z15,한국투자미국S&P500동일가중모레드림증권자투자신탁UH(주식)(S-P),07W82,07Z01,07Z15,X,X,X,07W82,한국투자미국S&P500동일가중모레드림증권모투자신탁(USD)(주식)
1838,07W82,한국투자미국S&P500동일가중모레드림증권모투자신탁(USD)(주식),,,07Z01,,07Z16,한국투자미국S&P500동일가중모레드림증권자투자신탁UH(주식)(S-R),07W82,07Z01,07Z16,X,X,X,07W82,한국투자미국S&P500동일가중모레드림증권모투자신탁(USD)(주식)
1839,07W82,한국투자미국S&P500동일가중모레드림증권모투자신탁(USD)(주식),,,07Z18,한국투자미국S&P500동일가중모레드림증권자투자신탁(USD)(주식)(모),07Z19,한국투자미국S&P500동일가중모레드림증권자투자신탁(USD)(주식)(A),07W82,07Z18,07Z19,X,X,X,07W82,한국투자미국S&P500동일가중모레드림증권모투자신탁(USD)(주식)
1840,07W82,한국투자미국S&P500동일가중모레드림증권모투자신탁(USD)(주식),,,07Z18,,07Z20,한국투자미국S&P500동일가중모레드림증권자투자신탁(USD)(주식)(A-e),07W82,07Z18,07Z20,X,X,X,07W82,한국투자미국S&P500동일가중모레드림증권모투자신탁(USD)(주식)
1841,07W82,한국투자미국S&P500동일가중모레드림증권모투자신탁(USD)(주식),,,07Z18,,07Z25,한국투자미국S&P500동일가중모레드림증권자투자신탁(USD)(주식)(C-e),07W82,07Z18,07Z25,X,X,X,07W82,한국투자미국S&P500동일가중모레드림증권모투자신탁(USD)(주식)
1842,08A36,한국투자에너지드림배당특별자산모투자신탁(에너지-재간접형),설정,100,08A33,한국투자에너지드림배당특별자산자투자신탁H(에너지-재간접형)(모),08A34,한국투자에너지드림배당특별자산자투자신탁H(에너지-재간접형)(A),08A36,08A33,08A34,X,X,X,08A36,한국투자에너지드림배당특별자산모투자신탁(에너지-재간접형)
1843,08A36,한국투자에너지드림배당특별자산모투자신탁(에너지-재간접형),,,08A33,,08A35,한국투자에너지드림배당특별자산자투자신탁H(에너지-재간접형)(C),08A36,08A33,08A35,X,X,X,08A36,한국투자에너지드림배당특별자산모투자신탁(에너지-재간접형)
1844,08A36,한국투자에너지드림배당특별자산모투자신탁(에너지-재간접형),,,08A33,,08A44,한국투자에너지드림배당특별자산자투자신탁H(에너지-재간접형)(C-W),08A36,08A33,08A44,X,X,X,08A36,한국투자에너지드림배당특별자산모투자신탁(에너지-재간접형)
1845,08A36,한국투자에너지드림배당특별자산모투자신탁(에너지-재간접형),,,08A33,,08A49,한국투자에너지드림배당특별자산자투자신탁H(에너지-재간접형)(C2),08A36,08A33,08A49,X,X,X,08A36,한국투자에너지드림배당특별자산모투자신탁(에너지-재간접형)
1846,08A36,한국투자에너지드림배당특별자산모투자신탁(에너지-재간접형),,,08A33,,08A56,한국투자에너지드림배당특별자산자투자신탁H(에너지-재간접형)(C3),08A36,08A33,08A56,X,X,X,08A36,한국투자에너지드림배당특별자산모투자신탁(에너지-재간접형)
1847,08A36,한국투자에너지드림배당특별자산모투자신탁(에너지-재간접형),,,08A33,,60029,한국투자에너지드림배당특별자산자투자신탁H(에너지-재간접형)(C-e),08A36,08A33,60029,X,X,X,08A36,한국투자에너지드림배당특별자산모투자신탁(에너지-재간접형)
1848,08A36,한국투자에너지드림배당특별자산모투자신탁(에너지-재간접형),해지,100,08A33,한국투자에너지드림배당특별자산자투자신탁H(에너지-재간접형)(모),08A34,한국투자에너지드림배당특별자산자투자신탁H(에너지-재간접형)(A),08A36,08A33,08A34,X,X,X,08A36,한국투자에너지드림배당특별자산모투자신탁(에너지-재간접형)
1849,08A36,한국투자에너지드림배당특별자산모투자신탁(에너지-재간접형),,,08A33,,08A35,한국투자에너지드림배당특별자산자투자신탁H(에너지-재간접형)(C),08A36,08A33,08A35,X,X,X,08A36,한국투자에너지드림배당특별자산모투자신탁(에너지-재간접형)
1850,08A36,한국투자에너지드림배당특별자산모투자신탁(에너지-재간접형),,,08A33,,08A44,한국투자에너지드림배당특별자산자투자신탁H(에너지-재간접형)(C-W),08A36,08A33,08A44,X,X,X,08A36,한국투자에너지드림배당특별자산모투자신탁(에너지-재간접형)
1851,08A36,한국투자에너지드림배당특별자산모투자신탁(에너지-재간접형),,,08A33,,08A49,한국투자에너지드림배당특별자산자투자신탁H(에너지-재간접형)(C2),08A36,08A33,08A49,X,X,X,08A36,한국투자에너지드림배당특별자산모투자신탁(에너지-재간접형)
1852,08A36,한국투자에너지드림배당특별자산모투자신탁(에너지-재간접형),,,08A33,,08A56,한국투자에너지드림배당특별자산자투자신탁H(에너지-재간접형)(C3),08A36,08A33,08A56,X,X,X,08A36,한국투자에너지드림배당특별자산모투자신탁(에너지-재간접형)
1853,08A36,한국투자에너지드림배당특별자산모투자신탁(에너지-재간접형),,,08A33,,60029,한국투자에너지드림배당특별자산자투자신탁H(에너지-재간접형)(C-e),08A36,08A33,60029,X,X,X,08A36,한국투자에너지드림배당특별자산모투자신탁(에너지-재간접형)
1854,08A36,한국투자에너지드림배당특별자산모투자신탁(에너지-재간접형),설정,100,08A38,한국투자에너지드림배당특별자산자투자신탁UH(에너지-재간접형)(모),08A39,한국투자에너지드림배당특별자산자투자신탁UH(에너지-재간접형)(A),08A36,08A38,08A39,X,X,X,08A36,한국투자에너지드림배당특별자산모투자신탁(에너지-재간접형)
1855,08A36,한국투자에너지드림배당특별자산모투자신탁(에너지-재간접형),,,08A38,,08A40,한국투자에너지드림배당특별자산자투자신탁UH(에너지-재간접형)(C),08A36,08A38,08A40,X,X,X,08A36,한국투자에너지드림배당특별자산모투자신탁(에너지-재간접형)
1856,08A36,한국투자에너지드림배당특별자산모투자신탁(에너지-재간접형),,,08A38,,08A50,한국투자에너지드림배당특별자산자투자신탁UH(에너지-재간접형)(C2),08A36,08A38,08A50,X,X,X,08A36,한국투자에너지드림배당특별자산모투자신탁(에너지-재간접형)
1857,08A36,한국투자에너지드림배당특별자산모투자신탁(에너지-재간접형),,,08A38,,08A57,한국투자에너지드림배당특별자산자투자신탁UH(에너지-재간접형)(C3),08A36,08A38,08A57,X,X,X,08A36,한국투자에너지드림배당특별자산모투자신탁(에너지-재간접형)
1858,08A36,한국투자에너지드림배당특별자산모투자신탁(에너지-재간접형),,,08A38,,60031,한국투자에너지드림배당특별자산자투자신탁UH(에너지-재간접형)(C-e),08A36,08A38,60031,X,X,X,08A36,한국투자에너지드림배당특별자산모투자신탁(에너지-재간접형)
1859,08A36,한국투자에너지드림배당특별자산모투자신탁(에너지-재간접형),해지,100,08A38,한국투자에너지드림배당특별자산자투자신탁UH(에너지-재간접형)(모),08A39,한국투자에너지드림배당특별자산자투자신탁UH(에너지-재간접형)(A),08A36,08A38,08A39,X,X,X,08A36,한국투자에너지드림배당특별자산모투자신탁(에너지-재간접형)
1860,08A36,한국투자에너지드림배당특별자산모투자신탁(에너지-재간접형),,,08A38,,08A40,한국투자에너지드림배당특별자산자투자신탁UH(에너지-재간접형)(C),08A36,08A38,08A40,X,X,X,08A36,한국투자에너지드림배당특별자산모투자신탁(에너지-재간접형)
1861,08A36,한국투자에너지드림배당특별자산모투자신탁(에너지-재간접형),,,08A38,,08A50,한국투자에너지드림배당특별자산자투자신탁UH(에너지-재간접형)(C2),08A36,08A38,08A50,X,X,X,08A36,한국투자에너지드림배당특별자산모투자신탁(에너지-재간접형)
1862,08A36,한국투자에너지드림배당특별자산모투자신탁(에너지-재간접형),,,08A38,,08A57,한국투자에너지드림배당특별자산자투자신탁UH(에너지-재간접형)(C3),08A36,08A38,08A57,X,X,X,08A36,한국투자에너지드림배당특별자산모투자신탁(에너지-재간접형)
1863,08A36,한국투자에너지드림배당특별자산모투자신탁(에너지-재간접형),,,08A38,,60031,한국투자에너지드림배당특별자산자투자신탁UH(에너지-재간접형)(C-e),08A36,08A38,60031,X,X,X,08A36,한국투자에너지드림배당특별자산모투자신탁(에너지-재간접형)
1864,08C01,한국투자미국MLP특별자산모투자신탁(오일가스인프라-파생형),공통,100,08C03,한국투자미국MLP특별자산자투자신탁(오일가스인프라-파생형)(모),08C04,한국투자미국MLP특별자산자투자신탁(오일가스인프라-파생형)(A),08C01,08C03,08C04,X,X,X,08C01,한국투자미국MLP특별자산모투자신탁(오일가스인프라-파생형)
1865,08C01,한국투자미국MLP특별자산모투자신탁(오일가스인프라-파생형),,,08C03,,08C08,한국투자미국MLP특별자산자투자신탁(오일가스인프라-파생형)(C),08C01,08C03,08C08,X,X,X,08C01,한국투자미국MLP특별자산모투자신탁(오일가스인프라-파생형)
1866,08C01,한국투자미국MLP특별자산모투자신탁(오일가스인프라-파생형),,,08C03,,08C10,한국투자미국MLP특별자산자투자신탁(오일가스인프라-파생형)(C-e),08C01,08C03,08C10,X,X,X,08C01,한국투자미국MLP특별자산모투자신탁(오일가스인프라-파생형)
1867,08C01,한국투자미국MLP특별자산모투자신탁(오일가스인프라-파생형),,,08C03,,08C11,한국투자미국MLP특별자산자투자신탁(오일가스인프라-파생형)(A-e),08C01,08C03,08C11,X,X,X,08C01,한국투자미국MLP특별자산모투자신탁(오일가스인프라-파생형)
1868,08C01,한국투자미국MLP특별자산모투자신탁(오일가스인프라-파생형),,,08C03,,08C16,한국투자미국MLP특별자산자투자신탁(오일가스인프라-파생형)(S),08C01,08C03,08C16,X,X,X,08C01,한국투자미국MLP특별자산모투자신탁(오일가스인프라-파생형)
1869,08C01,한국투자미국MLP특별자산모투자신탁(오일가스인프라-파생형),,,08C03,,08C17,한국투자미국MLP특별자산자투자신탁(오일가스인프라-파생형)(C-F),08C01,08C03,08C17,X,X,X,08C01,한국투자미국MLP특별자산모투자신탁(오일가스인프라-파생형)
1870,08C01,한국투자미국MLP특별자산모투자신탁(오일가스인프라-파생형),,,08C03,,08C18,한국투자미국MLP특별자산자투자신탁(오일가스인프라-파생형)(C2),08C01,08C03,08C18,X,X,X,08C01,한국투자미국MLP특별자산모투자신탁(오일가스인프라-파생형)
1871,08C01,한국투자미국MLP특별자산모투자신탁(오일가스인프라-파생형),,,08C03,,08C20,한국투자미국MLP특별자산자투자신탁(오일가스인프라-파생형)(C-I),08C01,08C03,08C20,X,X,X,08C01,한국투자미국MLP특별자산모투자신탁(오일가스인프라-파생형)
1872,08C01,한국투자미국MLP특별자산모투자신탁(오일가스인프라-파생형),,,08C03,,08C21,한국투자미국MLP특별자산자투자신탁(오일가스인프라-파생형)(C3),08C01,08C03,08C21,X,X,X,08C01,한국투자미국MLP특별자산모투자신탁(오일가스인프라-파생형)
1873,08C01,한국투자미국MLP특별자산모투자신탁(오일가스인프라-파생형),,,08C03,,08C22,한국투자미국MLP특별자산자투자신탁(오일가스인프라-파생형)(C-W),08C01,08C03,08C22,X,X,X,08C01,한국투자미국MLP특별자산모투자신탁(오일가스인프라-파생형)
1874,08C01,한국투자미국MLP특별자산모투자신탁(오일가스인프라-파생형),,,08C03,,08C23,한국투자미국MLP특별자산자투자신탁(오일가스인프라-파생형)(C4),08C01,08C03,08C23,X,X,X,08C01,한국투자미국MLP특별자산모투자신탁(오일가스인프라-파생형)
1875,08C01,한국투자미국MLP특별자산모투자신탁(오일가스인프라-파생형),,,08C06,한국투자미국MLP분기배당특별자산자투자신탁(오일가스인프라-파생형)(모),08C07,한국투자미국MLP분기배당특별자산자투자신탁(오일가스인프라-파생형)(A),08C01,08C06,08C07,X,X,X,08C01,한국투자미국MLP특별자산모투자신탁(오일가스인프라-파생형)
1876,08C01,한국투자미국MLP특별자산모투자신탁(오일가스인프라-파생형),,,08C13,한국투자연금저축미국MLP특별자산자투자신탁(오일가스인프라-파생형)(모),08C14,한국투자연금저축미국MLP특별자산자투자신탁(오일가스인프라-파생형)(C),08C01,08C13,08C14,X,X,X,08C01,한국투자미국MLP특별자산모투자신탁(오일가스인프라-파생형)
1877,08C01,한국투자미국MLP특별자산모투자신탁(오일가스인프라-파생형),,,08C13,,08C15,한국투자연금저축미국MLP특별자산자투자신탁(오일가스인프라-파생형)(C-e),08C01,08C13,08C15,X,X,X,08C01,한국투자미국MLP특별자산모투자신탁(오일가스인프라-파생형)
1878,08C01,한국투자미국MLP특별자산모투자신탁(오일가스인프라-파생형),,,08C13,,08C19,한국투자연금저축미국MLP특별자산자투자신탁(오일가스인프라-파생형)(S-P),08C01,08C13,08C19,X,X,X,08C01,한국투자미국MLP특별자산모투자신탁(오일가스인프라-파생형)
1879,08K49,한국투자파트너스그룹GlobalValue일반사모모투자신탁(USD),공통,0,08K50,한국투자파트너스그룹GlobalValue일반사모자투자신탁(USD),,,08K49,08K50,,X,X,X,08K49,한국투자파트너스그룹GlobalValue일반사모모투자신탁(USD)
1880,08K49,한국투자파트너스그룹GlobalValue일반사모모투자신탁(USD),,,08K51,한국투자파트너스그룹GlobalValue일반사모자투자신탁(H),,,08K49,08K51,,X,X,X,08K49,한국투자파트너스그룹GlobalValue일반사모모투자신탁(USD)
1881,08K56,한국투자칼라일CLO일반사모모투자신탁4호(USD),공통,0,08K57,한국투자칼라일CLO일반사모자투자신탁4호(USD),,,08K56,08K57,,X,X,X,08K56,한국투자칼라일CLO일반사모모투자신탁4호(USD)
1882,08K56,한국투자칼라일CLO일반사모모투자신탁4호(USD),,,08K58,한국투자칼라일CLO일반사모자투자신탁4호(H),,,08K56,08K58,,X,X,X,08K56,한국투자칼라일CLO일반사모모투자신탁4호(USD)
1883,08K59,한국투자글로벌월지급식골드만삭스BDC일반사모모투자신탁(USD),공통,0,08K60,한국투자글로벌월지급식골드만삭스BDC일반사모자투자신탁(H),,,08K59,08K60,,X,X,X,08K59,한국투자글로벌월지급식골드만삭스BDC일반사모모투자신탁(USD)
1884,08K59,한국투자글로벌월지급식골드만삭스BDC일반사모모투자신탁(USD),,,08K61,한국투자글로벌월지급식골드만삭스BDC일반사모자투자신탁(USD),,,08K59,08K61,,X,X,X,08K59,한국투자글로벌월지급식골드만삭스BDC일반사모모투자신탁(USD)
1885,08K84,한국투자글로벌아폴로대체자산일반사모모투자신탁(USD),공통,0,08K85,한국투자글로벌아폴로대체자산일반사모자투자신탁(USD),,,08K84,08K85,,X,X,X,08K84,한국투자글로벌아폴로대체자산일반사모모투자신탁(USD)
1886,08K84,한국투자글로벌아폴로대체자산일반사모모투자신탁(USD),,,08K86,한국투자글로벌아폴로대체자산일반사모자투자신탁(H),,,08K84,08K86,,X,X,X,08K84,한국투자글로벌아폴로대체자산일반사모모투자신탁(USD)
1887,08K97,한국투자글로벌해밀턴레인GPA일반사모모투자신탁2호(USD),공통,0,08K98,한국투자글로벌해밀턴레인GPA일반사모자투자신탁2호(H),,,08K97,08K98,,X,X,X,08K97,한국투자글로벌해밀턴레인GPA일반사모모투자신탁2호(USD)
1888,08K97,한국투자글로벌해밀턴레인GPA일반사모모투자신탁2호(USD),,,08K99,한국투자글로벌해밀턴레인GPA일반사모자투자신탁2호(USD),,,08K97,08K99,,X,X,X,08K97,한국투자글로벌해밀턴레인GPA일반사모모투자신탁2호(USD)
1889,08L04,한국투자칼라일CLO일반사모모투자신탁5호(USD),공통,0,08L05,한국투자칼라일CLO일반사모자투자신탁5호(USD),,,08L04,08L05,,X,X,X,08L04,한국투자칼라일CLO일반사모모투자신탁5호(USD)
1890,08L04,한국투자칼라일CLO일반사모모투자신탁5호(USD),,,08L06,한국투자칼라일CLO일반사모자투자신탁5호(H),,,08L04,08L06,,X,X,X,08L04,한국투자칼라일CLO일반사모모투자신탁5호(USD)
1891,08L29,한국투자프라임글로벌일반사모증권모투자신탁4호(주식),공통,0,03W12,KPOST해외주식일반사모증권자투자신탁2호(주식),,,08L29,03W12,,X,X,X,08L29,한국투자프라임글로벌일반사모증권모투자신탁4호(주식)
1892,08L41,한국투자프라임미국일반사모증권모투자신탁3호(주식),공통,0,03W12,KPOST해외주식일반사모증권자투자신탁2호(주식),,,08L41,03W12,,X,X,X,08L41,한국투자프라임미국일반사모증권모투자신탁3호(주식)
1893,08L42,한국투자노블클래스글로벌일반사모증권모투자신탁5호(주식),공통,0,08L43,한국투자노블클래스글로벌일반사모증권자투자신탁5호(주식-파생형),,,08L42,08L43,,X,X,X,08L42,한국투자노블클래스글로벌일반사모증권모투자신탁5호(주식)
1894,08L44,한국투자노블클래스미국일반사모증권모투자신탁3호(주식),공통,0,08L45,한국투자노블클래스미국일반사모증권자투자신탁3호(주식),,,08L44,08L45,,X,X,X,08L44,한국투자노블클래스미국일반사모증권모투자신탁3호(주식)
1895,08L46,한국투자글로벌월지급식아폴로ADS일반사모모투자신탁2호(USD),공통,0,08L47,한국투자글로벌월지급식아폴로ADS일반사모자투자신탁2호(H)(모),08L54,한국투자글로벌월지급식아폴로ADS일반사모자투자신탁2호(H)(A),08L46,08L47,08L54,X,X,X,08L46,한국투자글로벌월지급식아폴로ADS일반사모모투자신탁2호(USD)
1896,08L46,한국투자글로벌월지급식아폴로ADS일반사모모투자신탁2호(USD),,,08L48,한국투자글로벌월지급식아폴로ADS일반사모자투자신탁2호(USD)(모),08L56,한국투자글로벌월지급식아폴로ADS일반사모자투자신탁2호(USD)(A),08L46,08L48,08L56,X,X,X,08L46,한국투자글로벌월지급식아폴로ADS일반사모모투자신탁2호(USD)
1897,08L46,한국투자글로벌월지급식아폴로ADS일반사모모투자신탁2호(USD),,,08L48,,08L57,한국투자글로벌월지급식아폴로ADS일반사모자투자신탁2호(USD)(A-I),08L46,08L48,08L57,X,X,X,08L46,한국투자글로벌월지급식아폴로ADS일반사모모투자신탁2호(USD)
1898,08L62,한국투자글로벌월지급식베어링BPCC일반사모모투자신탁(USD),공통,0,08L63,한국투자글로벌월지급식베어링BPCC일반사모자투자신탁(H),,,08L62,08L63,,X,X,X,08L62,한국투자글로벌월지급식베어링BPCC일반사모모투자신탁(USD)
1899,08L62,한국투자글로벌월지급식베어링BPCC일반사모모투자신탁(USD),,,08L64,한국투자글로벌월지급식베어링BPCC일반사모자투자신탁(USD),,,08L62,08L64,,X,X,X,08L62,한국투자글로벌월지급식베어링BPCC일반사모모투자신탁(USD)
1900,08L66,한국투자파트너스그룹GlobalValue일반사모모투자신탁2호(USD),공통,0,08L67,한국투자파트너스그룹GlobalValue일반사모자투자신탁2호(USD),,,08L66,08L67,,X,X,X,08L66,한국투자파트너스그룹GlobalValue일반사모모투자신탁2호(USD)
1901,08L66,한국투자파트너스그룹GlobalValue일반사모모투자신탁2호(USD),,,08L68,한국투자파트너스그룹GlobalValue일반사모자투자신탁2호(H),,,08L66,08L68,,X,X,X,08L66,한국투자파트너스그룹GlobalValue일반사모모투자신탁2호(USD)
1902,08L69,한국투자글로벌월지급식블랙록BDEBT일반사모모투자신탁(USD),공통,0,08L70,한국투자글로벌월지급식블랙록BDEBT일반사모자투자신탁(USD),,,08L69,08L70,,X,X,X,08L69,한국투자글로벌월지급식블랙록BDEBT일반사모모투자신탁(USD)
1903,08L69,한국투자글로벌월지급식블랙록BDEBT일반사모모투자신탁(USD),,,08L71,한국투자글로벌월지급식블랙록BDEBT일반사모자투자신탁(H),,,08L69,08L71,,X,X,X,08L69,한국투자글로벌월지급식블랙록BDEBT일반사모모투자신탁(USD)
1904,08L81,한국투자글로벌콜러Equity일반사모모투자신탁(USD),공통,0,08L82,한국투자글로벌콜러Equity일반사모자투자신탁(H)(모),08L85,한국투자글로벌콜러Equity일반사모자투자신탁(H)(A),08L81,08L82,08L85,X,X,X,08L81,한국투자글로벌콜러Equity일반사모모투자신탁(USD)
1905,08L81,한국투자글로벌콜러Equity일반사모모투자신탁(USD),,,08L82,,08L86,한국투자글로벌콜러Equity일반사모자투자신탁(H)(A1),08L81,08L82,08L86,X,X,X,08L81,한국투자글로벌콜러Equity일반사모모투자신탁(USD)
1906,08L81,한국투자글로벌콜러Equity일반사모모투자신탁(USD),,,08L83,한국투자글로벌콜러Equity일반사모자투자신탁(USD)(모),08L87,한국투자글로벌콜러Equity일반사모자투자신탁(USD)(A),08L81,08L83,08L87,X,X,X,08L81,한국투자글로벌콜러Equity일반사모모투자신탁(USD)
1907,08M14,한국투자글로벌스텝스톤SCRED일반사모모투자신탁(USD),공통,0,08M15,한국투자글로벌스텝스톤SCRED일반사모자투자신탁(USD)(모),08M31,한국투자글로벌스텝스톤SCRED일반사모자투자신탁(USD)(A1),08M14,08M15,08M31,X,X,X,08M14,한국투자글로벌스텝스톤SCRED일반사모모투자신탁(USD)
1908,08M14,한국투자글로벌스텝스톤SCRED일반사모모투자신탁(USD),,,08M15,,08M32,한국투자글로벌스텝스톤SCRED일반사모자투자신탁(USD)(A),08M14,08M15,08M32,X,X,X,08M14,한국투자글로벌스텝스톤SCRED일반사모모투자신탁(USD)
1909,08M14,한국투자글로벌스텝스톤SCRED일반사모모투자신탁(USD),,,08M16,한국투자글로벌스텝스톤SCRED일반사모자투자신탁(H)(모),08M33,한국투자글로벌스텝스톤SCRED일반사모자투자신탁(H)(A1),08M14,08M16,08M33,X,X,X,08M14,한국투자글로벌스텝스톤SCRED일반사모모투자신탁(USD)
1910,08M14,한국투자글로벌스텝스톤SCRED일반사모모투자신탁(USD),,,08M16,,08M34,한국투자글로벌스텝스톤SCRED일반사모자투자신탁(H)(A),08M14,08M16,08M34,X,X,X,08M14,한국투자글로벌스텝스톤SCRED일반사모모투자신탁(USD)
1911,08M24,한국투자글로벌월지급식뮤지니치MLoan일반사모모투자신탁(USD),공통,0,08M25,한국투자글로벌월지급식뮤지니치MLoan일반사모자투자신탁(USD)(모),08M27,한국투자글로벌월지급식뮤지니치MLoan일반사모자투자신탁(USD)(A),08M24,08M25,08M27,X,X,X,08M24,한국투자글로벌월지급식뮤지니치MLoan일반사모모투자신탁(USD)
1912,08M24,한국투자글로벌월지급식뮤지니치MLoan일반사모모투자신탁(USD),,,08M25,,08M28,한국투자글로벌월지급식뮤지니치MLoan일반사모자투자신탁(USD)(A1),08M24,08M25,08M28,X,X,X,08M24,한국투자글로벌월지급식뮤지니치MLoan일반사모모투자신탁(USD)
1913,08M24,한국투자글로벌월지급식뮤지니치MLoan일반사모모투자신탁(USD),,,08M26,한국투자글로벌월지급식뮤지니치MLoan일반사모자투자신탁(H)(모),08M29,한국투자글로벌월지급식뮤지니치MLoan일반사모자투자신탁(H)(A),08M24,08M26,08M29,X,X,X,08M24,한국투자글로벌월지급식뮤지니치MLoan일반사모모투자신탁(USD)
1914,08M24,한국투자글로벌월지급식뮤지니치MLoan일반사모모투자신탁(USD),,,08M26,,08M30,한국투자글로벌월지급식뮤지니치MLoan일반사모자투자신탁(H)(A1),08M24,08M26,08M30,X,X,X,08M24,한국투자글로벌월지급식뮤지니치MLoan일반사모모투자신탁(USD)
1915,08M40,한국투자칼라일MonedaCLO일반사모모투자신탁(USD),공통,0,08M41,한국투자칼라일MonedaCLO일반사모자투자신탁(USD)(모),08M42,한국투자칼라일MonedaCLO일반사모자투자신탁(USD)(A),08M40,08M41,08M42,X,X,X,08M40,한국투자칼라일MonedaCLO일반사모모투자신탁(USD)
1916,08M40,한국투자칼라일MonedaCLO일반사모모투자신탁(USD),,,08M41,,08M43,한국투자칼라일MonedaCLO일반사모자투자신탁(USD)(A1),08M40,08M41,08M43,X,X,X,08M40,한국투자칼라일MonedaCLO일반사모모투자신탁(USD)
1917,08M40,한국투자칼라일MonedaCLO일반사모모투자신탁(USD),,,08M44,한국투자칼라일MonedaCLO일반사모자투자신탁(H)(모),08M45,한국투자칼라일MonedaCLO일반사모자투자신탁(H)(A),08M40,08M44,08M45,X,X,X,08M40,한국투자칼라일MonedaCLO일반사모모투자신탁(USD)
1918,08M40,한국투자칼라일MonedaCLO일반사모모투자신탁(USD),,,08M44,,08M46,한국투자칼라일MonedaCLO일반사모자투자신탁(H)(A1),08M40,08M44,08M46,X,X,X,08M40,한국투자칼라일MonedaCLO일반사모모투자신탁(USD)
1919,08M47,한국투자글로벌월지급식골드만삭스BDC일반사모모투자신탁2호(USD),공통,0,08M48,한국투자글로벌월지급식골드만삭스BDC일반사모자투자신탁2호(USD)(모),08M49,한국투자글로벌월지급식골드만삭스BDC일반사모자투자신탁2호(USD)(A),08M47,08M48,08M49,X,X,X,08M47,한국투자글로벌월지급식골드만삭스BDC일반사모모투자신탁2호(USD)
1920,08M47,한국투자글로벌월지급식골드만삭스BDC일반사모모투자신탁2호(USD),,,08M48,,08M50,한국투자글로벌월지급식골드만삭스BDC일반사모자투자신탁2호(USD)(A1),08M47,08M48,08M50,X,X,X,08M47,한국투자글로벌월지급식골드만삭스BDC일반사모모투자신탁2호(USD)
1921,08M47,한국투자글로벌월지급식골드만삭스BDC일반사모모투자신탁2호(USD),,,08M51,한국투자글로벌월지급식골드만삭스BDC일반사모자투자신탁2호(H)(모),08M52,한국투자글로벌월지급식골드만삭스BDC일반사모자투자신탁2호(H)(A),08M47,08M51,08M52,X,X,X,08M47,한국투자글로벌월지급식골드만삭스BDC일반사모모투자신탁2호(USD)
1922,08M47,한국투자글로벌월지급식골드만삭스BDC일반사모모투자신탁2호(USD),,,08M51,,08M53,한국투자글로벌월지급식골드만삭스BDC일반사모자투자신탁2호(H)(A1),08M47,08M51,08M53,X,X,X,08M47,한국투자글로벌월지급식골드만삭스BDC일반사모모투자신탁2호(USD)
1923,08M68,한국투자글로벌칼라일CAPM일반사모모투자신탁(USD),공통,0,08M69,한국투자글로벌칼라일CAPM일반사모자투자신탁(USD)(모),08M70,한국투자글로벌칼라일CAPM일반사모자투자신탁(USD)(A),08M68,08M69,08M70,X,X,X,08M68,한국투자글로벌칼라일CAPM일반사모모투자신탁(USD)
1924,08M68,한국투자글로벌칼라일CAPM일반사모모투자신탁(USD),,,08M69,,08M71,한국투자글로벌칼라일CAPM일반사모자투자신탁(USD)(A1),08M68,08M69,08M71,X,X,X,08M68,한국투자글로벌칼라일CAPM일반사모모투자신탁(USD)
1925,08M68,한국투자글로벌칼라일CAPM일반사모모투자신탁(USD),,,08M72,한국투자글로벌칼라일CAPM일반사모자투자신탁(H)(모),08M73,한국투자글로벌칼라일CAPM일반사모자투자신탁(H)(A),08M68,08M72,08M73,X,X,X,08M68,한국투자글로벌칼라일CAPM일반사모모투자신탁(USD)
1926,08M68,한국투자글로벌칼라일CAPM일반사모모투자신탁(USD),,,08M72,,08M74,한국투자글로벌칼라일CAPM일반사모자투자신탁(H)(A1),08M68,08M72,08M74,X,X,X,08M68,한국투자글로벌칼라일CAPM일반사모모투자신탁(USD)
1927,08N07,한국투자FranklinLexington세컨더리일반사모모투자신탁(USD),공통,0,08N08,한국투자FranklinLexington세컨더리일반사모자투자신탁(USD)(모),08N09,한국투자FranklinLexington세컨더리일반사모자투자신탁(USD)(A),08N07,08N08,08N09,X,X,X,08N07,한국투자FranklinLexington세컨더리일반사모모투자신탁(USD)
1928,08N07,한국투자FranklinLexington세컨더리일반사모모투자신탁(USD),,,08N08,,08N10,한국투자FranklinLexington세컨더리일반사모자투자신탁(USD)(A1),08N07,08N08,08N10,X,X,X,08N07,한국투자FranklinLexington세컨더리일반사모모투자신탁(USD)
1929,08N07,한국투자FranklinLexington세컨더리일반사모모투자신탁(USD),,,08N11,한국투자FranklinLexington세컨더리일반사모자투자신탁(H)(모),08N12,한국투자FranklinLexington세컨더리일반사모자투자신탁(H)(A),08N07,08N11,08N12,X,X,X,08N07,한국투자FranklinLexington세컨더리일반사모모투자신탁(USD)
1930,08N07,한국투자FranklinLexington세컨더리일반사모모투자신탁(USD),,,08N11,,08N13,한국투자FranklinLexington세컨더리일반사모자투자신탁(H)(A1),08N07,08N11,08N13,X,X,X,08N07,한국투자FranklinLexington세컨더리일반사모모투자신탁(USD)
1931,08N14,한국투자글로벌월지급식블랙록BDEBT일반사모모투자신탁2호(USD),공통,0,08N15,한국투자글로벌월지급식블랙록BDEBT일반사모자투자신탁2호(USD)(모),08N16,한국투자글로벌월지급식블랙록BDEBT일반사모자투자신탁2호(USD)(A),08N14,08N15,08N16,X,X,X,08N14,한국투자글로벌월지급식블랙록BDEBT일반사모모투자신탁2호(USD)
1932,08N14,한국투자글로벌월지급식블랙록BDEBT일반사모모투자신탁2호(USD),,,08N15,,08N17,한국투자글로벌월지급식블랙록BDEBT일반사모자투자신탁2호(USD)(A1),08N14,08N15,08N17,X,X,X,08N14,한국투자글로벌월지급식블랙록BDEBT일반사모모투자신탁2호(USD)
1933,08N14,한국투자글로벌월지급식블랙록BDEBT일반사모모투자신탁2호(USD),,,08N18,한국투자글로벌월지급식블랙록BDEBT일반사모자투자신탁2호(H)(모),08N19,한국투자글로벌월지급식블랙록BDEBT일반사모자투자신탁2호(H)(A),08N14,08N18,08N19,X,X,X,08N14,한국투자글로벌월지급식블랙록BDEBT일반사모모투자신탁2호(USD)
1934,08N14,한국투자글로벌월지급식블랙록BDEBT일반사모모투자신탁2호(USD),,,08N18,,08N20,한국투자글로벌월지급식블랙록BDEBT일반사모자투자신탁2호(H)(A1),08N14,08N18,08N20,X,X,X,08N14,한국투자글로벌월지급식블랙록BDEBT일반사모모투자신탁2호(USD)
1935,08P15,한국투자글로벌콜러Equity일반사모모투자신탁2호(USD),공통,0,08P16,한국투자글로벌콜러Equity일반사모자투자신탁2호(H)(모),08P17,한국투자글로벌콜러Equity일반사모자투자신탁2호(H)(A),08P15,08P16,08P17,X,X,X,08P15,한국투자글로벌콜러Equity일반사모모투자신탁2호(USD)
1936,08P15,한국투자글로벌콜러Equity일반사모모투자신탁2호(USD),,,08P16,,08P18,한국투자글로벌콜러Equity일반사모자투자신탁2호(H)(A1),08P15,08P16,08P18,X,X,X,08P15,한국투자글로벌콜러Equity일반사모모투자신탁2호(USD)
1937,08P15,한국투자글로벌콜러Equity일반사모모투자신탁2호(USD),,,08P19,한국투자글로벌콜러EQUITY일반사모자투자신탁2호(USD)(모),08P20,한국투자글로벌콜러EQUITY일반사모자투자신탁2호(USD)(A),08P15,08P19,08P20,X,X,X,08P15,한국투자글로벌콜러Equity일반사모모투자신탁2호(USD)
1938,08P15,한국투자글로벌콜러Equity일반사모모투자신탁2호(USD),,,08P19,,08P21,한국투자글로벌콜러EQUITY일반사모자투자신탁2호(USD)(A1),08P15,08P19,08P21,X,X,X,08P15,한국투자글로벌콜러Equity일반사모모투자신탁2호(USD)
1939,08P29,한국투자글로벌칼라일CAPM일반사모모투자신탁2호(USD),공통,0,08P30,한국투자글로벌칼라일CAPM일반사모자투자신탁2호(H)(모),08P31,한국투자글로벌칼라일CAPM일반사모자투자신탁2호(H)(A),08P29,08P30,08P31,X,X,X,08P29,한국투자글로벌칼라일CAPM일반사모모투자신탁2호(USD)
1940,08P29,한국투자글로벌칼라일CAPM일반사모모투자신탁2호(USD),,,08P30,,08P32,한국투자글로벌칼라일CAPM일반사모자투자신탁2호(H)(A1),08P29,08P30,08P32,X,X,X,08P29,한국투자글로벌칼라일CAPM일반사모모투자신탁2호(USD)
1941,08P29,한국투자글로벌칼라일CAPM일반사모모투자신탁2호(USD),,,08P33,한국투자글로벌칼라일CAPM일반사모자투자신탁2호(USD)(모),08P34,한국투자글로벌칼라일CAPM일반사모자투자신탁2호(USD)(A),08P29,08P33,08P34,X,X,X,08P29,한국투자글로벌칼라일CAPM일반사모모투자신탁2호(USD)
1942,08P29,한국투자글로벌칼라일CAPM일반사모모투자신탁2호(USD),,,08P33,,08P35,한국투자글로벌칼라일CAPM일반사모자투자신탁2호(USD)(A1),08P29,08P33,08P35,X,X,X,08P29,한국투자글로벌칼라일CAPM일반사모모투자신탁2호(USD)
1943,08Q25,한국투자AQR글로벌멀티전략일반사모모투자신탁(USD),공통,0,08Q26,한국투자AQR글로벌멀티전략일반사모자투자신탁(USD)(모),08Q27,한국투자AQR글로벌멀티전략일반사모자투자신탁(USD)(A),08Q25,08Q26,08Q27,X,X,X,08Q25,한국투자AQR글로벌멀티전략일반사모모투자신탁(USD)
1944,08Q25,한국투자AQR글로벌멀티전략일반사모모투자신탁(USD),,,08Q26,,08Q28,한국투자AQR글로벌멀티전략일반사모자투자신탁(USD)(C),08Q25,08Q26,08Q28,X,X,X,08Q25,한국투자AQR글로벌멀티전략일반사모모투자신탁(USD)
1945,08Q25,한국투자AQR글로벌멀티전략일반사모모투자신탁(USD),,,08Q26,,08Q29,한국투자AQR글로벌멀티전략일반사모자투자신탁(USD)(C-W),08Q25,08Q26,08Q29,X,X,X,08Q25,한국투자AQR글로벌멀티전략일반사모모투자신탁(USD)
1946,08Q25,한국투자AQR글로벌멀티전략일반사모모투자신탁(USD),,,08Q30,한국투자AQR글로벌멀티전략일반사모자투자신탁(H)(모),08Q31,한국투자AQR글로벌멀티전략일반사모자투자신탁(H)(A),08Q25,08Q30,08Q31,X,X,X,08Q25,한국투자AQR글로벌멀티전략일반사모모투자신탁(USD)
1947,08Q25,한국투자AQR글로벌멀티전략일반사모모투자신탁(USD),,,08Q30,,08Q32,한국투자AQR글로벌멀티전략일반사모자투자신탁(H)(C),08Q25,08Q30,08Q32,X,X,X,08Q25,한국투자AQR글로벌멀티전략일반사모모투자신탁(USD)
1948,08Q25,한국투자AQR글로벌멀티전략일반사모모투자신탁(USD),,,08Q30,,08Q33,한국투자AQR글로벌멀티전략일반사모자투자신탁(H)(C-W),08Q25,08Q30,08Q33,X,X,X,08Q25,한국투자AQR글로벌멀티전략일반사모모투자신탁(USD)
1949,08Q60,한국투자글로벌스텝스톤SPRING일반사모모투자신탁(USD),공통,0,08Q61,한국투자글로벌스텝스톤SPRING일반사모자투자신탁(USD)(모),08Q62,한국투자글로벌스텝스톤SPRING일반사모자투자신탁(USD)(A),08Q60,08Q61,08Q62,X,X,X,08Q60,한국투자글로벌스텝스톤SPRING일반사모모투자신탁(USD)
1950,08Q60,한국투자글로벌스텝스톤SPRING일반사모모투자신탁(USD),,,08Q61,,08Q63,한국투자글로벌스텝스톤SPRING일반사모자투자신탁(USD)(A1),08Q60,08Q61,08Q63,X,X,X,08Q60,한국투자글로벌스텝스톤SPRING일반사모모투자신탁(USD)
1951,08Q60,한국투자글로벌스텝스톤SPRING일반사모모투자신탁(USD),,,08Q64,한국투자글로벌스텝스톤SPRING일반사모자투자신탁(H)(모),08Q65,한국투자글로벌스텝스톤SPRING일반사모자투자신탁(H)(A),08Q60,08Q64,08Q65,X,X,X,08Q60,한국투자글로벌스텝스톤SPRING일반사모모투자신탁(USD)
1952,08Q60,한국투자글로벌스텝스톤SPRING일반사모모투자신탁(USD),,,08Q64,,08Q66,한국투자글로벌스텝스톤SPRING일반사모자투자신탁(H)(A1),08Q60,08Q64,08Q66,X,X,X,08Q60,한국투자글로벌스텝스톤SPRING일반사모모투자신탁(USD)
1953,09A04,한국투자일본핵심성장테마증권모투자신탁(JPY)(주식),공통,0,07V11,한국투자일본핵심성장테마증권자투자신탁UH(주식)(모),07V16,한국투자일본핵심성장테마증권자투자신탁UH(주식)(C-e),09A04,07V11,07V16,X,X,X,09A04,한국투자일본핵심성장테마증권모투자신탁(JPY)(주식)
1954,09A04,한국투자일본핵심성장테마증권모투자신탁(JPY)(주식),,,07V11,,07V17,한국투자일본핵심성장테마증권자투자신탁UH(주식)(C-F),09A04,07V11,07V17,X,X,X,09A04,한국투자일본핵심성장테마증권모투자신탁(JPY)(주식)
1955,09A04,한국투자일본핵심성장테마증권모투자신탁(JPY)(주식),,,07V11,,07V20,한국투자일본핵심성장테마증권자투자신탁UH(주식)(C-Pe),09A04,07V11,07V20,X,X,X,09A04,한국투자일본핵심성장테마증권모투자신탁(JPY)(주식)
1956,09A04,한국투자일본핵심성장테마증권모투자신탁(JPY)(주식),,,07V11,,07V22,한국투자일본핵심성장테마증권자투자신탁UH(주식)(C-Re),09A04,07V11,07V22,X,X,X,09A04,한국투자일본핵심성장테마증권모투자신탁(JPY)(주식)
1957,09A39,한국투자인컴주는ETF모으기증권모투자신탁(채권혼합-재간접형),공통,0,09B20,한국투자인컴주는ETF모으기증권자투자신탁H(채권혼합-재간접형)(모),09B21,한국투자인컴주는ETF모으기증권자투자신탁H(채권혼합-재간접형)(A),09A39,09B20,09B21,X,X,X,09A39,한국투자인컴주는ETF모으기증권모투자신탁(채권혼합-재간접형)
1958,09A39,한국투자인컴주는ETF모으기증권모투자신탁(채권혼합-재간접형),,,09B20,,09B22,한국투자인컴주는ETF모으기증권자투자신탁H(채권혼합-재간접형)(A-e),09A39,09B20,09B22,X,X,X,09A39,한국투자인컴주는ETF모으기증권모투자신탁(채권혼합-재간접형)
1959,09A39,한국투자인컴주는ETF모으기증권모투자신탁(채권혼합-재간접형),,,09B20,,09B25,한국투자인컴주는ETF모으기증권자투자신탁H(채권혼합-재간접형)(C-e),09A39,09B20,09B25,X,X,X,09A39,한국투자인컴주는ETF모으기증권모투자신탁(채권혼합-재간접형)
1960,09A39,한국투자인컴주는ETF모으기증권모투자신탁(채권혼합-재간접형),,,09B20,,09B26,한국투자인컴주는ETF모으기증권자투자신탁H(채권혼합-재간접형)(C-F),09A39,09B20,09B26,X,X,X,09A39,한국투자인컴주는ETF모으기증권모투자신탁(채권혼합-재간접형)
1961,09A39,한국투자인컴주는ETF모으기증권모투자신탁(채권혼합-재간접형),,,09B20,,09B29,한국투자인컴주는ETF모으기증권자투자신탁H(채권혼합-재간접형)(C-Pe),09A39,09B20,09B29,X,X,X,09A39,한국투자인컴주는ETF모으기증권모투자신탁(채권혼합-재간접형)
1962,09A39,한국투자인컴주는ETF모으기증권모투자신탁(채권혼합-재간접형),,,09B20,,09B31,한국투자인컴주는ETF모으기증권자투자신탁H(채권혼합-재간접형)(C-Re),09A39,09B20,09B31,X,X,X,09A39,한국투자인컴주는ETF모으기증권모투자신탁(채권혼합-재간접형)
1963,09A39,한국투자인컴주는ETF모으기증권모투자신탁(채권혼합-재간접형),,,09B33,한국투자인컴주는ETF모으기증권자투자신탁UH(채권혼합-재간접형)(모),09B34,한국투자인컴주는ETF모으기증권자투자신탁UH(채권혼합-재간접형)(A),09A39,09B33,09B34,X,X,X,09A39,한국투자인컴주는ETF모으기증권모투자신탁(채권혼합-재간접형)
1964,09A39,한국투자인컴주는ETF모으기증권모투자신탁(채권혼합-재간접형),,,09B33,,09B35,한국투자인컴주는ETF모으기증권자투자신탁UH(채권혼합-재간접형)(A-e),09A39,09B33,09B35,X,X,X,09A39,한국투자인컴주는ETF모으기증권모투자신탁(채권혼합-재간접형)
1965,09A39,한국투자인컴주는ETF모으기증권모투자신탁(채권혼합-재간접형),,,09B33,,09B38,한국투자인컴주는ETF모으기증권자투자신탁UH(채권혼합-재간접형)(C-e),09A39,09B33,09B38,X,X,X,09A39,한국투자인컴주는ETF모으기증권모투자신탁(채권혼합-재간접형)
1966,09A39,한국투자인컴주는ETF모으기증권모투자신탁(채권혼합-재간접형),,,09B33,,09B42,한국투자인컴주는ETF모으기증권자투자신탁UH(채권혼합-재간접형)(C-Pe),09A39,09B33,09B42,X,X,X,09A39,한국투자인컴주는ETF모으기증권모투자신탁(채권혼합-재간접형)
1967,09A39,한국투자인컴주는ETF모으기증권모투자신탁(채권혼합-재간접형),,,09B33,,09B44,한국투자인컴주는ETF모으기증권자투자신탁UH(채권혼합-재간접형)(C-Re),09A39,09B33,09B44,X,X,X,09A39,한국투자인컴주는ETF모으기증권모투자신탁(채권혼합-재간접형)
1968,09A39,한국투자인컴주는ETF모으기증권모투자신탁(채권혼합-재간접형),,,09B46,한국투자인컴주는ETF모으기월배당증권자투자신탁H(채권혼합-재간접형)(모),09B47,한국투자인컴주는ETF모으기월배당증권자투자신탁H(채권혼합-재간접형)(A),09A39,09B46,09B47,X,X,X,09A39,한국투자인컴주는ETF모으기증권모투자신탁(채권혼합-재간접형)
1969,09A39,한국투자인컴주는ETF모으기증권모투자신탁(채권혼합-재간접형),,,09B46,,09B51,한국투자인컴주는ETF모으기월배당증권자투자신탁H(채권혼합-재간접형)(C-e),09A39,09B46,09B51,X,X,X,09A39,한국투자인컴주는ETF모으기증권모투자신탁(채권혼합-재간접형)
1970,09A39,한국투자인컴주는ETF모으기증권모투자신탁(채권혼합-재간접형),,,09B59,한국투자인컴주는ETF모으기월배당증권자투자신탁UH(채권혼합-재간접형)(모),09B60,한국투자인컴주는ETF모으기월배당증권자투자신탁UH(채권혼합-재간접형)(A),09A39,09B59,09B60,X,X,X,09A39,한국투자인컴주는ETF모으기증권모투자신탁(채권혼합-재간접형)
1971,09A39,한국투자인컴주는ETF모으기증권모투자신탁(채권혼합-재간접형),,,09B59,,09B64,한국투자인컴주는ETF모으기월배당증권자투자신탁UH(채권혼합-재간접형)(C-e),09A39,09B59,09B64,X,X,X,09A39,한국투자인컴주는ETF모으기증권모투자신탁(채권혼합-재간접형)
1972,09A40,한국투자미국하이일드증권모투자신탁(USD)(채권-재간접형),공통,0,09A41,한국투자미국하이일드월배당증권자투자신탁(USD)(채권-재간접형)(모),09A42,한국투자미국하이일드월배당증권자투자신탁(USD)(채권-재간접형)(A),09A40,09A41,09A42,X,X,X,09A40,한국투자미국하이일드증권모투자신탁(USD)(채권-재간접형)
1973,09A40,한국투자미국하이일드증권모투자신탁(USD)(채권-재간접형),,,09A41,,09A43,한국투자미국하이일드월배당증권자투자신탁(USD)(채권-재간접형)(A-e),09A40,09A41,09A43,X,X,X,09A40,한국투자미국하이일드증권모투자신탁(USD)(채권-재간접형)
1974,09A40,한국투자미국하이일드증권모투자신탁(USD)(채권-재간접형),,,09A41,,09A44,한국투자미국하이일드월배당증권자투자신탁(USD)(채권-재간접형)(A-G),09A40,09A41,09A44,X,X,X,09A40,한국투자미국하이일드증권모투자신탁(USD)(채권-재간접형)
1975,09A40,한국투자미국하이일드증권모투자신탁(USD)(채권-재간접형),,,09A41,,09A45,한국투자미국하이일드월배당증권자투자신탁(USD)(채권-재간접형)(C),09A40,09A41,09A45,X,X,X,09A40,한국투자미국하이일드증권모투자신탁(USD)(채권-재간접형)
1976,09A40,한국투자미국하이일드증권모투자신탁(USD)(채권-재간접형),,,09A41,,09A46,한국투자미국하이일드월배당증권자투자신탁(USD)(채권-재간접형)(C-e),09A40,09A41,09A46,X,X,X,09A40,한국투자미국하이일드증권모투자신탁(USD)(채권-재간접형)
1977,09A40,한국투자미국하이일드증권모투자신탁(USD)(채권-재간접형),,,09A41,,09A47,한국투자미국하이일드월배당증권자투자신탁(USD)(채권-재간접형)(C-F),09A40,09A41,09A47,X,X,X,09A40,한국투자미국하이일드증권모투자신탁(USD)(채권-재간접형)
1978,09A40,한국투자미국하이일드증권모투자신탁(USD)(채권-재간접형),,,09A41,,09A48,한국투자미국하이일드월배당증권자투자신탁(USD)(채권-재간접형)(C-G),09A40,09A41,09A48,X,X,X,09A40,한국투자미국하이일드증권모투자신탁(USD)(채권-재간접형)
1979,09A40,한국투자미국하이일드증권모투자신탁(USD)(채권-재간접형),,,09A41,,09A49,한국투자미국하이일드월배당증권자투자신탁(USD)(채권-재간접형)(C-P),09A40,09A41,09A49,X,X,X,09A40,한국투자미국하이일드증권모투자신탁(USD)(채권-재간접형)
1980,09A40,한국투자미국하이일드증권모투자신탁(USD)(채권-재간접형),,,09A41,,09A50,한국투자미국하이일드월배당증권자투자신탁(USD)(채권-재간접형)(C-Pe),09A40,09A41,09A50,X,X,X,09A40,한국투자미국하이일드증권모투자신탁(USD)(채권-재간접형)
1981,09A40,한국투자미국하이일드증권모투자신탁(USD)(채권-재간접형),,,09A41,,09A51,한국투자미국하이일드월배당증권자투자신탁(USD)(채권-재간접형)(C-R),09A40,09A41,09A51,X,X,X,09A40,한국투자미국하이일드증권모투자신탁(USD)(채권-재간접형)
1982,09A40,한국투자미국하이일드증권모투자신탁(USD)(채권-재간접형),,,09A41,,09A52,한국투자미국하이일드월배당증권자투자신탁(USD)(채권-재간접형)(C-Re),09A40,09A41,09A52,X,X,X,09A40,한국투자미국하이일드증권모투자신탁(USD)(채권-재간접형)
1983,09A40,한국투자미국하이일드증권모투자신탁(USD)(채권-재간접형),,,09A41,,09A53,한국투자미국하이일드월배당증권자투자신탁(USD)(채권-재간접형)(C-W),09A40,09A41,09A53,X,X,X,09A40,한국투자미국하이일드증권모투자신탁(USD)(채권-재간접형)
1984,09A40,한국투자미국하이일드증권모투자신탁(USD)(채권-재간접형),,,09A54,한국투자미국하이일드월배당증권자투자신탁H(채권-재간접형)(모),09A55,한국투자미국하이일드월배당증권자투자신탁H(채권-재간접형)(A),09A40,09A54,09A55,X,X,X,09A40,한국투자미국하이일드증권모투자신탁(USD)(채권-재간접형)
1985,09A40,한국투자미국하이일드증권모투자신탁(USD)(채권-재간접형),,,09A54,,09A56,한국투자미국하이일드월배당증권자투자신탁H(채권-재간접형)(A-e),09A40,09A54,09A56,X,X,X,09A40,한국투자미국하이일드증권모투자신탁(USD)(채권-재간접형)
1986,09A40,한국투자미국하이일드증권모투자신탁(USD)(채권-재간접형),,,09A54,,09A57,한국투자미국하이일드월배당증권자투자신탁H(채권-재간접형)(A-G),09A40,09A54,09A57,X,X,X,09A40,한국투자미국하이일드증권모투자신탁(USD)(채권-재간접형)
1987,09A40,한국투자미국하이일드증권모투자신탁(USD)(채권-재간접형),,,09A54,,09A58,한국투자미국하이일드월배당증권자투자신탁H(채권-재간접형)(C),09A40,09A54,09A58,X,X,X,09A40,한국투자미국하이일드증권모투자신탁(USD)(채권-재간접형)
1988,09A40,한국투자미국하이일드증권모투자신탁(USD)(채권-재간접형),,,09A54,,09A59,한국투자미국하이일드월배당증권자투자신탁H(채권-재간접형)(C-e),09A40,09A54,09A59,X,X,X,09A40,한국투자미국하이일드증권모투자신탁(USD)(채권-재간접형)
1989,09A40,한국투자미국하이일드증권모투자신탁(USD)(채권-재간접형),,,09A54,,09A60,한국투자미국하이일드월배당증권자투자신탁H(채권-재간접형)(C-F),09A40,09A54,09A60,X,X,X,09A40,한국투자미국하이일드증권모투자신탁(USD)(채권-재간접형)
1990,09A40,한국투자미국하이일드증권모투자신탁(USD)(채권-재간접형),,,09A54,,09A61,한국투자미국하이일드월배당증권자투자신탁H(채권-재간접형)(C-G),09A40,09A54,09A61,X,X,X,09A40,한국투자미국하이일드증권모투자신탁(USD)(채권-재간접형)
1991,09A40,한국투자미국하이일드증권모투자신탁(USD)(채권-재간접형),,,09A54,,09A62,한국투자미국하이일드월배당증권자투자신탁H(채권-재간접형)(C-P),09A40,09A54,09A62,X,X,X,09A40,한국투자미국하이일드증권모투자신탁(USD)(채권-재간접형)
1992,09A40,한국투자미국하이일드증권모투자신탁(USD)(채권-재간접형),,,09A54,,09A63,한국투자미국하이일드월배당증권자투자신탁H(채권-재간접형)(C-Pe),09A40,09A54,09A63,X,X,X,09A40,한국투자미국하이일드증권모투자신탁(USD)(채권-재간접형)
1993,09A40,한국투자미국하이일드증권모투자신탁(USD)(채권-재간접형),,,09A54,,09A64,한국투자미국하이일드월배당증권자투자신탁H(채권-재간접형)(C-R),09A40,09A54,09A64,X,X,X,09A40,한국투자미국하이일드증권모투자신탁(USD)(채권-재간접형)
1994,09A40,한국투자미국하이일드증권모투자신탁(USD)(채권-재간접형),,,09A54,,09A65,한국투자미국하이일드월배당증권자투자신탁H(채권-재간접형)(C-Re),09A40,09A54,09A65,X,X,X,09A40,한국투자미국하이일드증권모투자신탁(USD)(채권-재간접형)
1995,09A40,한국투자미국하이일드증권모투자신탁(USD)(채권-재간접형),,,09A54,,09A66,한국투자미국하이일드월배당증권자투자신탁H(채권-재간접형)(C-W),09A40,09A54,09A66,X,X,X,09A40,한국투자미국하이일드증권모투자신탁(USD)(채권-재간접형)
1996,09A40,한국투자미국하이일드증권모투자신탁(USD)(채권-재간접형),,,09A67,한국투자미국하이일드증권자투자신탁(USD)(채권-재간접형)(모),09A68,한국투자미국하이일드증권자투자신탁(USD)(채권-재간접형)(A),09A40,09A67,09A68,X,X,X,09A40,한국투자미국하이일드증권모투자신탁(USD)(채권-재간접형)
1997,09A40,한국투자미국하이일드증권모투자신탁(USD)(채권-재간접형),,,09A67,,09A69,한국투자미국하이일드증권자투자신탁(USD)(채권-재간접형)(A-e),09A40,09A67,09A69,X,X,X,09A40,한국투자미국하이일드증권모투자신탁(USD)(채권-재간접형)
1998,09A40,한국투자미국하이일드증권모투자신탁(USD)(채권-재간접형),,,09A67,,09A70,한국투자미국하이일드증권자투자신탁(USD)(채권-재간접형)(A-G),09A40,09A67,09A70,X,X,X,09A40,한국투자미국하이일드증권모투자신탁(USD)(채권-재간접형)
1999,09A40,한국투자미국하이일드증권모투자신탁(USD)(채권-재간접형),,,09A67,,09A71,한국투자미국하이일드증권자투자신탁(USD)(채권-재간접형)(C),09A40,09A67,09A71,X,X,X,09A40,한국투자미국하이일드증권모투자신탁(USD)(채권-재간접형)
2000,09A40,한국투자미국하이일드증권모투자신탁(USD)(채권-재간접형),,,09A67,,09A72,한국투자미국하이일드증권자투자신탁(USD)(채권-재간접형)(C-e),09A40,09A67,09A72,X,X,X,09A40,한국투자미국하이일드증권모투자신탁(USD)(채권-재간접형)
2001,09A40,한국투자미국하이일드증권모투자신탁(USD)(채권-재간접형),,,09A67,,09A73,한국투자미국하이일드증권자투자신탁(USD)(채권-재간접형)(C-F),09A40,09A67,09A73,X,X,X,09A40,한국투자미국하이일드증권모투자신탁(USD)(채권-재간접형)
2002,09A40,한국투자미국하이일드증권모투자신탁(USD)(채권-재간접형),,,09A67,,09A74,한국투자미국하이일드증권자투자신탁(USD)(채권-재간접형)(C-G),09A40,09A67,09A74,X,X,X,09A40,한국투자미국하이일드증권모투자신탁(USD)(채권-재간접형)
2003,09A40,한국투자미국하이일드증권모투자신탁(USD)(채권-재간접형),,,09A67,,09A75,한국투자미국하이일드증권자투자신탁(USD)(채권-재간접형)(C-P),09A40,09A67,09A75,X,X,X,09A40,한국투자미국하이일드증권모투자신탁(USD)(채권-재간접형)
2004,09A40,한국투자미국하이일드증권모투자신탁(USD)(채권-재간접형),,,09A67,,09A76,한국투자미국하이일드증권자투자신탁(USD)(채권-재간접형)(C-Pe),09A40,09A67,09A76,X,X,X,09A40,한국투자미국하이일드증권모투자신탁(USD)(채권-재간접형)
2005,09A40,한국투자미국하이일드증권모투자신탁(USD)(채권-재간접형),,,09A67,,09A77,한국투자미국하이일드증권자투자신탁(USD)(채권-재간접형)(C-R),09A40,09A67,09A77,X,X,X,09A40,한국투자미국하이일드증권모투자신탁(USD)(채권-재간접형)
2006,09A40,한국투자미국하이일드증권모투자신탁(USD)(채권-재간접형),,,09A67,,09A78,한국투자미국하이일드증권자투자신탁(USD)(채권-재간접형)(C-Re),09A40,09A67,09A78,X,X,X,09A40,한국투자미국하이일드증권모투자신탁(USD)(채권-재간접형)
2007,09A40,한국투자미국하이일드증권모투자신탁(USD)(채권-재간접형),,,09A67,,09A79,한국투자미국하이일드증권자투자신탁(USD)(채권-재간접형)(C-W),09A40,09A67,09A79,X,X,X,09A40,한국투자미국하이일드증권모투자신탁(USD)(채권-재간접형)
2008,09A40,한국투자미국하이일드증권모투자신탁(USD)(채권-재간접형),,,09A80,한국투자미국하이일드증권자투자신탁H(채권-재간접형)(모),09A81,한국투자미국하이일드증권자투자신탁H(채권-재간접형)(A),09A40,09A80,09A81,X,X,X,09A40,한국투자미국하이일드증권모투자신탁(USD)(채권-재간접형)
2009,09A40,한국투자미국하이일드증권모투자신탁(USD)(채권-재간접형),,,09A80,,09A82,한국투자미국하이일드증권자투자신탁H(채권-재간접형)(A-e),09A40,09A80,09A82,X,X,X,09A40,한국투자미국하이일드증권모투자신탁(USD)(채권-재간접형)
2010,09A40,한국투자미국하이일드증권모투자신탁(USD)(채권-재간접형),,,09A80,,09A83,한국투자미국하이일드증권자투자신탁H(채권-재간접형)(A-G),09A40,09A80,09A83,X,X,X,09A40,한국투자미국하이일드증권모투자신탁(USD)(채권-재간접형)
2011,09A40,한국투자미국하이일드증권모투자신탁(USD)(채권-재간접형),,,09A80,,09A84,한국투자미국하이일드증권자투자신탁H(채권-재간접형)(C),09A40,09A80,09A84,X,X,X,09A40,한국투자미국하이일드증권모투자신탁(USD)(채권-재간접형)
2012,09A40,한국투자미국하이일드증권모투자신탁(USD)(채권-재간접형),,,09A80,,09A85,한국투자미국하이일드증권자투자신탁H(채권-재간접형)(C-e),09A40,09A80,09A85,X,X,X,09A40,한국투자미국하이일드증권모투자신탁(USD)(채권-재간접형)
2013,09A40,한국투자미국하이일드증권모투자신탁(USD)(채권-재간접형),,,09A80,,09A86,한국투자미국하이일드증권자투자신탁H(채권-재간접형)(C-F),09A40,09A80,09A86,X,X,X,09A40,한국투자미국하이일드증권모투자신탁(USD)(채권-재간접형)
2014,09A40,한국투자미국하이일드증권모투자신탁(USD)(채권-재간접형),,,09A80,,09A87,한국투자미국하이일드증권자투자신탁H(채권-재간접형)(C-G),09A40,09A80,09A87,X,X,X,09A40,한국투자미국하이일드증권모투자신탁(USD)(채권-재간접형)
2015,09A40,한국투자미국하이일드증권모투자신탁(USD)(채권-재간접형),,,09A80,,09A88,한국투자미국하이일드증권자투자신탁H(채권-재간접형)(C-P),09A40,09A80,09A88,X,X,X,09A40,한국투자미국하이일드증권모투자신탁(USD)(채권-재간접형)
2016,09A40,한국투자미국하이일드증권모투자신탁(USD)(채권-재간접형),,,09A80,,09A89,한국투자미국하이일드증권자투자신탁H(채권-재간접형)(C-Pe),09A40,09A80,09A89,X,X,X,09A40,한국투자미국하이일드증권모투자신탁(USD)(채권-재간접형)
2017,09A40,한국투자미국하이일드증권모투자신탁(USD)(채권-재간접형),,,09A80,,09A90,한국투자미국하이일드증권자투자신탁H(채권-재간접형)(C-R),09A40,09A80,09A90,X,X,X,09A40,한국투자미국하이일드증권모투자신탁(USD)(채권-재간접형)
2018,09A40,한국투자미국하이일드증권모투자신탁(USD)(채권-재간접형),,,09A80,,09A91,한국투자미국하이일드증권자투자신탁H(채권-재간접형)(C-Re),09A40,09A80,09A91,X,X,X,09A40,한국투자미국하이일드증권모투자신탁(USD)(채권-재간접형)
2019,09A40,한국투자미국하이일드증권모투자신탁(USD)(채권-재간접형),,,09A80,,09A92,한국투자미국하이일드증권자투자신탁H(채권-재간접형)(C-W),09A40,09A80,09A92,X,X,X,09A40,한국투자미국하이일드증권모투자신탁(USD)(채권-재간접형)
2020,09A40,한국투자미국하이일드증권모투자신탁(USD)(채권-재간접형),,,09A93,한국투자미국하이일드증권자투자신탁UH(채권-재간접형)(모),09A94,한국투자미국하이일드증권자투자신탁UH(채권-재간접형)(A),09A40,09A93,09A94,X,X,X,09A40,한국투자미국하이일드증권모투자신탁(USD)(채권-재간접형)
2021,09A40,한국투자미국하이일드증권모투자신탁(USD)(채권-재간접형),,,09A93,,09A95,한국투자미국하이일드증권자투자신탁UH(채권-재간접형)(A-e),09A40,09A93,09A95,X,X,X,09A40,한국투자미국하이일드증권모투자신탁(USD)(채권-재간접형)
2022,09A40,한국투자미국하이일드증권모투자신탁(USD)(채권-재간접형),,,09A93,,09A96,한국투자미국하이일드증권자투자신탁UH(채권-재간접형)(A-G),09A40,09A93,09A96,X,X,X,09A40,한국투자미국하이일드증권모투자신탁(USD)(채권-재간접형)
2023,09A40,한국투자미국하이일드증권모투자신탁(USD)(채권-재간접형),,,09A93,,09A97,한국투자미국하이일드증권자투자신탁UH(채권-재간접형)(C),09A40,09A93,09A97,X,X,X,09A40,한국투자미국하이일드증권모투자신탁(USD)(채권-재간접형)
2024,09A40,한국투자미국하이일드증권모투자신탁(USD)(채권-재간접형),,,09A93,,09A98,한국투자미국하이일드증권자투자신탁UH(채권-재간접형)(C-e),09A40,09A93,09A98,X,X,X,09A40,한국투자미국하이일드증권모투자신탁(USD)(채권-재간접형)
2025,09A40,한국투자미국하이일드증권모투자신탁(USD)(채권-재간접형),,,09A93,,09A99,한국투자미국하이일드증권자투자신탁UH(채권-재간접형)(C-F),09A40,09A93,09A99,X,X,X,09A40,한국투자미국하이일드증권모투자신탁(USD)(채권-재간접형)
2026,09A40,한국투자미국하이일드증권모투자신탁(USD)(채권-재간접형),,,09A93,,09B01,한국투자미국하이일드증권자투자신탁UH(채권-재간접형)(C-G),09A40,09A93,09B01,X,X,X,09A40,한국투자미국하이일드증권모투자신탁(USD)(채권-재간접형)
2027,09A40,한국투자미국하이일드증권모투자신탁(USD)(채권-재간접형),,,09A93,,09B02,한국투자미국하이일드증권자투자신탁UH(채권-재간접형)(C-P),09A40,09A93,09B02,X,X,X,09A40,한국투자미국하이일드증권모투자신탁(USD)(채권-재간접형)
2028,09A40,한국투자미국하이일드증권모투자신탁(USD)(채권-재간접형),,,09A93,,09B03,한국투자미국하이일드증권자투자신탁UH(채권-재간접형)(C-Pe),09A40,09A93,09B03,X,X,X,09A40,한국투자미국하이일드증권모투자신탁(USD)(채권-재간접형)
2029,09A40,한국투자미국하이일드증권모투자신탁(USD)(채권-재간접형),,,09A93,,09B04,한국투자미국하이일드증권자투자신탁UH(채권-재간접형)(C-R),09A40,09A93,09B04,X,X,X,09A40,한국투자미국하이일드증권모투자신탁(USD)(채권-재간접형)
2030,09A40,한국투자미국하이일드증권모투자신탁(USD)(채권-재간접형),,,09A93,,09B05,한국투자미국하이일드증권자투자신탁UH(채권-재간접형)(C-Re),09A40,09A93,09B05,X,X,X,09A40,한국투자미국하이일드증권모투자신탁(USD)(채권-재간접형)
2031,09A40,한국투자미국하이일드증권모투자신탁(USD)(채권-재간접형),,,09A93,,09B06,한국투자미국하이일드증권자투자신탁UH(채권-재간접형)(C-W),09A40,09A93,09B06,X,X,X,09A40,한국투자미국하이일드증권모투자신탁(USD)(채권-재간접형)
2032,09C40,한국투자UBP캠벨스마트알파증권모투자신탁(USD)(혼합-재간접형),공통,0,09C54,한국투자UBP캠벨스마트알파증권자투자신탁H(혼합-재간접형)(모),09C55,한국투자UBP캠벨스마트알파증권자투자신탁H(혼합-재간접형)(A),09C40,09C54,09C55,X,X,X,09C40,한국투자UBP캠벨스마트알파증권모투자신탁(USD)(혼합-재간접형)
2033,09C40,한국투자UBP캠벨스마트알파증권모투자신탁(USD)(혼합-재간접형),,,09C54,,09C56,한국투자UBP캠벨스마트알파증권자투자신탁H(혼합-재간접형)(A-G),09C40,09C54,09C56,X,X,X,09C40,한국투자UBP캠벨스마트알파증권모투자신탁(USD)(혼합-재간접형)
2034,09C40,한국투자UBP캠벨스마트알파증권모투자신탁(USD)(혼합-재간접형),,,09C54,,09C57,한국투자UBP캠벨스마트알파증권자투자신탁H(혼합-재간접형)(A-e),09C40,09C54,09C57,X,X,X,09C40,한국투자UBP캠벨스마트알파증권모투자신탁(USD)(혼합-재간접형)
2035,09C40,한국투자UBP캠벨스마트알파증권모투자신탁(USD)(혼합-재간접형),,,09C54,,09C58,한국투자UBP캠벨스마트알파증권자투자신탁H(혼합-재간접형)(C),09C40,09C54,09C58,X,X,X,09C40,한국투자UBP캠벨스마트알파증권모투자신탁(USD)(혼합-재간접형)
2036,09C40,한국투자UBP캠벨스마트알파증권모투자신탁(USD)(혼합-재간접형),,,09C54,,09C59,한국투자UBP캠벨스마트알파증권자투자신탁H(혼합-재간접형)(C-F),09C40,09C54,09C59,X,X,X,09C40,한국투자UBP캠벨스마트알파증권모투자신탁(USD)(혼합-재간접형)
2037,09C40,한국투자UBP캠벨스마트알파증권모투자신탁(USD)(혼합-재간접형),,,09C54,,09C60,한국투자UBP캠벨스마트알파증권자투자신탁H(혼합-재간접형)(C-G),09C40,09C54,09C60,X,X,X,09C40,한국투자UBP캠벨스마트알파증권모투자신탁(USD)(혼합-재간접형)
2038,09C40,한국투자UBP캠벨스마트알파증권모투자신탁(USD)(혼합-재간접형),,,09C54,,09C61,한국투자UBP캠벨스마트알파증권자투자신탁H(혼합-재간접형)(C-P),09C40,09C54,09C61,X,X,X,09C40,한국투자UBP캠벨스마트알파증권모투자신탁(USD)(혼합-재간접형)
2039,09C40,한국투자UBP캠벨스마트알파증권모투자신탁(USD)(혼합-재간접형),,,09C54,,09C62,한국투자UBP캠벨스마트알파증권자투자신탁H(혼합-재간접형)(C-Pe),09C40,09C54,09C62,X,X,X,09C40,한국투자UBP캠벨스마트알파증권모투자신탁(USD)(혼합-재간접형)
2040,09C40,한국투자UBP캠벨스마트알파증권모투자신탁(USD)(혼합-재간접형),,,09C54,,09C63,한국투자UBP캠벨스마트알파증권자투자신탁H(혼합-재간접형)(C-R),09C40,09C54,09C63,X,X,X,09C40,한국투자UBP캠벨스마트알파증권모투자신탁(USD)(혼합-재간접형)
2041,09C40,한국투자UBP캠벨스마트알파증권모투자신탁(USD)(혼합-재간접형),,,09C54,,09C64,한국투자UBP캠벨스마트알파증권자투자신탁H(혼합-재간접형)(C-Re),09C40,09C54,09C64,X,X,X,09C40,한국투자UBP캠벨스마트알파증권모투자신탁(USD)(혼합-재간접형)
2042,09C40,한국투자UBP캠벨스마트알파증권모투자신탁(USD)(혼합-재간접형),,,09C54,,09C65,한국투자UBP캠벨스마트알파증권자투자신탁H(혼합-재간접형)(C-W),09C40,09C54,09C65,X,X,X,09C40,한국투자UBP캠벨스마트알파증권모투자신탁(USD)(혼합-재간접형)
2043,09C40,한국투자UBP캠벨스마트알파증권모투자신탁(USD)(혼합-재간접형),,,09C54,,09C66,한국투자UBP캠벨스마트알파증권자투자신탁H(혼합-재간접형)(C-e),09C40,09C54,09C66,X,X,X,09C40,한국투자UBP캠벨스마트알파증권모투자신탁(USD)(혼합-재간접형)
2044,09C40,한국투자UBP캠벨스마트알파증권모투자신탁(USD)(혼합-재간접형),,,09C54,,09C81,한국투자UBP캠벨스마트알파증권자투자신탁H(혼합-재간접형)(A1),09C40,09C54,09C81,X,X,X,09C40,한국투자UBP캠벨스마트알파증권모투자신탁(USD)(혼합-재간접형)
2045,09C40,한국투자UBP캠벨스마트알파증권모투자신탁(USD)(혼합-재간접형),,,09C67,한국투자UBP캠벨스마트알파증권자투자신탁UH(혼합-재간접형)(모),09C68,한국투자UBP캠벨스마트알파증권자투자신탁UH(혼합-재간접형)(A),09C40,09C67,09C68,X,X,X,09C40,한국투자UBP캠벨스마트알파증권모투자신탁(USD)(혼합-재간접형)
2046,09C40,한국투자UBP캠벨스마트알파증권모투자신탁(USD)(혼합-재간접형),,,09C67,,09C69,한국투자UBP캠벨스마트알파증권자투자신탁UH(혼합-재간접형)(A-G),09C40,09C67,09C69,X,X,X,09C40,한국투자UBP캠벨스마트알파증권모투자신탁(USD)(혼합-재간접형)
2047,09C40,한국투자UBP캠벨스마트알파증권모투자신탁(USD)(혼합-재간접형),,,09C67,,09C70,한국투자UBP캠벨스마트알파증권자투자신탁UH(혼합-재간접형)(A-e),09C40,09C67,09C70,X,X,X,09C40,한국투자UBP캠벨스마트알파증권모투자신탁(USD)(혼합-재간접형)
2048,09C40,한국투자UBP캠벨스마트알파증권모투자신탁(USD)(혼합-재간접형),,,09C67,,09C71,한국투자UBP캠벨스마트알파증권자투자신탁UH(혼합-재간접형)(C),09C40,09C67,09C71,X,X,X,09C40,한국투자UBP캠벨스마트알파증권모투자신탁(USD)(혼합-재간접형)
2049,09C40,한국투자UBP캠벨스마트알파증권모투자신탁(USD)(혼합-재간접형),,,09C67,,09C72,한국투자UBP캠벨스마트알파증권자투자신탁UH(혼합-재간접형)(C-F),09C40,09C67,09C72,X,X,X,09C40,한국투자UBP캠벨스마트알파증권모투자신탁(USD)(혼합-재간접형)
2050,09C40,한국투자UBP캠벨스마트알파증권모투자신탁(USD)(혼합-재간접형),,,09C67,,09C73,한국투자UBP캠벨스마트알파증권자투자신탁UH(혼합-재간접형)(C-G),09C40,09C67,09C73,X,X,X,09C40,한국투자UBP캠벨스마트알파증권모투자신탁(USD)(혼합-재간접형)
2051,09C40,한국투자UBP캠벨스마트알파증권모투자신탁(USD)(혼합-재간접형),,,09C67,,09C74,한국투자UBP캠벨스마트알파증권자투자신탁UH(혼합-재간접형)(C-P),09C40,09C67,09C74,X,X,X,09C40,한국투자UBP캠벨스마트알파증권모투자신탁(USD)(혼합-재간접형)
2052,09C40,한국투자UBP캠벨스마트알파증권모투자신탁(USD)(혼합-재간접형),,,09C67,,09C75,한국투자UBP캠벨스마트알파증권자투자신탁UH(혼합-재간접형)(C-Pe),09C40,09C67,09C75,X,X,X,09C40,한국투자UBP캠벨스마트알파증권모투자신탁(USD)(혼합-재간접형)
2053,09C40,한국투자UBP캠벨스마트알파증권모투자신탁(USD)(혼합-재간접형),,,09C67,,09C76,한국투자UBP캠벨스마트알파증권자투자신탁UH(혼합-재간접형)(C-R),09C40,09C67,09C76,X,X,X,09C40,한국투자UBP캠벨스마트알파증권모투자신탁(USD)(혼합-재간접형)
2054,09C40,한국투자UBP캠벨스마트알파증권모투자신탁(USD)(혼합-재간접형),,,09C67,,09C77,한국투자UBP캠벨스마트알파증권자투자신탁UH(혼합-재간접형)(C-Re),09C40,09C67,09C77,X,X,X,09C40,한국투자UBP캠벨스마트알파증권모투자신탁(USD)(혼합-재간접형)
2055,09C40,한국투자UBP캠벨스마트알파증권모투자신탁(USD)(혼합-재간접형),,,09C67,,09C78,한국투자UBP캠벨스마트알파증권자투자신탁UH(혼합-재간접형)(C-W),09C40,09C67,09C78,X,X,X,09C40,한국투자UBP캠벨스마트알파증권모투자신탁(USD)(혼합-재간접형)
2056,09C40,한국투자UBP캠벨스마트알파증권모투자신탁(USD)(혼합-재간접형),,,09C67,,09C79,한국투자UBP캠벨스마트알파증권자투자신탁UH(혼합-재간접형)(C-e),09C40,09C67,09C79,X,X,X,09C40,한국투자UBP캠벨스마트알파증권모투자신탁(USD)(혼합-재간접형)
2057,09C40,한국투자UBP캠벨스마트알파증권모투자신탁(USD)(혼합-재간접형),,,09C67,,09C80,한국투자UBP캠벨스마트알파증권자투자신탁UH(혼합-재간접형)(A1),09C40,09C67,09C80,X,X,X,09C40,한국투자UBP캠벨스마트알파증권모투자신탁(USD)(혼합-재간접형)
2058,09C95,한국투자GlobalStrategic멀티인컴증권모투자신탁(USD)(채권혼합-재간접형),공통,0,09C96,한국투자GlobalStrategic멀티인컴증권자투자신탁(USD)(채권혼합-재간접형)(모),09C97,한국투자GlobalStrategic멀티인컴증권자투자신탁(USD)(채권혼합-재간접형)(A),09C95,09C96,09C97,X,X,X,09C95,한국투자GlobalStrategic멀티인컴증권모투자신탁(USD)(채권혼합-재간접형)
2059,09C95,한국투자GlobalStrategic멀티인컴증권모투자신탁(USD)(채권혼합-재간접형),,,09C96,,09C98,한국투자GlobalStrategic멀티인컴증권자투자신탁(USD)(채권혼합-재간접형)(A-e),09C95,09C96,09C98,X,X,X,09C95,한국투자GlobalStrategic멀티인컴증권모투자신탁(USD)(채권혼합-재간접형)
2060,09C95,한국투자GlobalStrategic멀티인컴증권모투자신탁(USD)(채권혼합-재간접형),,,09C96,,09F01,한국투자GlobalStrategic멀티인컴증권자투자신탁(USD)(채권혼합-재간접형)(C),09C95,09C96,09F01,X,X,X,09C95,한국투자GlobalStrategic멀티인컴증권모투자신탁(USD)(채권혼합-재간접형)
2061,09C95,한국투자GlobalStrategic멀티인컴증권모투자신탁(USD)(채권혼합-재간접형),,,09C96,,09F02,한국투자GlobalStrategic멀티인컴증권자투자신탁(USD)(채권혼합-재간접형)(C-e),09C95,09C96,09F02,X,X,X,09C95,한국투자GlobalStrategic멀티인컴증권모투자신탁(USD)(채권혼합-재간접형)
2062,09C95,한국투자GlobalStrategic멀티인컴증권모투자신탁(USD)(채권혼합-재간접형),,,09C96,,09F10,한국투자GlobalStrategic멀티인컴증권자투자신탁(USD)(채권혼합-재간접형)(A1),09C95,09C96,09F10,X,X,X,09C95,한국투자GlobalStrategic멀티인컴증권모투자신탁(USD)(채권혼합-재간접형)
2063,09C95,한국투자GlobalStrategic멀티인컴증권모투자신탁(USD)(채권혼합-재간접형),,,09F12,한국투자GlobalStrategic멀티인컴증권자투자신탁H(채권혼합-재간접형)(모),09F13,한국투자GlobalStrategic멀티인컴증권자투자신탁H(채권혼합-재간접형)(A),09C95,09F12,09F13,X,X,X,09C95,한국투자GlobalStrategic멀티인컴증권모투자신탁(USD)(채권혼합-재간접형)
2064,09C95,한국투자GlobalStrategic멀티인컴증권모투자신탁(USD)(채권혼합-재간접형),,,09F12,,09F14,한국투자GlobalStrategic멀티인컴증권자투자신탁H(채권혼합-재간접형)(A-e),09C95,09F12,09F14,X,X,X,09C95,한국투자GlobalStrategic멀티인컴증권모투자신탁(USD)(채권혼합-재간접형)
2065,09C95,한국투자GlobalStrategic멀티인컴증권모투자신탁(USD)(채권혼합-재간접형),,,09F12,,09F16,한국투자GlobalStrategic멀티인컴증권자투자신탁H(채권혼합-재간접형)(C),09C95,09F12,09F16,X,X,X,09C95,한국투자GlobalStrategic멀티인컴증권모투자신탁(USD)(채권혼합-재간접형)
2066,09C95,한국투자GlobalStrategic멀티인컴증권모투자신탁(USD)(채권혼합-재간접형),,,09F12,,09F17,한국투자GlobalStrategic멀티인컴증권자투자신탁H(채권혼합-재간접형)(C-e),09C95,09F12,09F17,X,X,X,09C95,한국투자GlobalStrategic멀티인컴증권모투자신탁(USD)(채권혼합-재간접형)
2067,09C95,한국투자GlobalStrategic멀티인컴증권모투자신탁(USD)(채권혼합-재간접형),,,09F12,,09F18,한국투자GlobalStrategic멀티인컴증권자투자신탁H(채권혼합-재간접형)(C-F),09C95,09F12,09F18,X,X,X,09C95,한국투자GlobalStrategic멀티인컴증권모투자신탁(USD)(채권혼합-재간접형)
2068,09C95,한국투자GlobalStrategic멀티인컴증권모투자신탁(USD)(채권혼합-재간접형),,,09F12,,09F20,한국투자GlobalStrategic멀티인컴증권자투자신탁H(채권혼합-재간접형)(C-P),09C95,09F12,09F20,X,X,X,09C95,한국투자GlobalStrategic멀티인컴증권모투자신탁(USD)(채권혼합-재간접형)
2069,09C95,한국투자GlobalStrategic멀티인컴증권모투자신탁(USD)(채권혼합-재간접형),,,09F12,,09F21,한국투자GlobalStrategic멀티인컴증권자투자신탁H(채권혼합-재간접형)(C-Pe),09C95,09F12,09F21,X,X,X,09C95,한국투자GlobalStrategic멀티인컴증권모투자신탁(USD)(채권혼합-재간접형)
2070,09C95,한국투자GlobalStrategic멀티인컴증권모투자신탁(USD)(채권혼합-재간접형),,,09F12,,09F22,한국투자GlobalStrategic멀티인컴증권자투자신탁H(채권혼합-재간접형)(C-R),09C95,09F12,09F22,X,X,X,09C95,한국투자GlobalStrategic멀티인컴증권모투자신탁(USD)(채권혼합-재간접형)
2071,09C95,한국투자GlobalStrategic멀티인컴증권모투자신탁(USD)(채권혼합-재간접형),,,09F12,,09F23,한국투자GlobalStrategic멀티인컴증권자투자신탁H(채권혼합-재간접형)(C-Re),09C95,09F12,09F23,X,X,X,09C95,한국투자GlobalStrategic멀티인컴증권모투자신탁(USD)(채권혼합-재간접형)
2072,09C95,한국투자GlobalStrategic멀티인컴증권모투자신탁(USD)(채권혼합-재간접형),,,09F12,,09F25,한국투자GlobalStrategic멀티인컴증권자투자신탁H(채권혼합-재간접형)(A1),09C95,09F12,09F25,X,X,X,09C95,한국투자GlobalStrategic멀티인컴증권모투자신탁(USD)(채권혼합-재간접형)
2073,09C95,한국투자GlobalStrategic멀티인컴증권모투자신탁(USD)(채권혼합-재간접형),,,09F27,한국투자GlobalStrategic멀티인컴증권자투자신탁UH(채권혼합-재간접형)(모),09F28,한국투자GlobalStrategic멀티인컴증권자투자신탁UH(채권혼합-재간접형)(A),09C95,09F27,09F28,X,X,X,09C95,한국투자GlobalStrategic멀티인컴증권모투자신탁(USD)(채권혼합-재간접형)
2074,09C95,한국투자GlobalStrategic멀티인컴증권모투자신탁(USD)(채권혼합-재간접형),,,09F27,,09F29,한국투자GlobalStrategic멀티인컴증권자투자신탁UH(채권혼합-재간접형)(A-e),09C95,09F27,09F29,X,X,X,09C95,한국투자GlobalStrategic멀티인컴증권모투자신탁(USD)(채권혼합-재간접형)
2075,09C95,한국투자GlobalStrategic멀티인컴증권모투자신탁(USD)(채권혼합-재간접형),,,09F27,,09F31,한국투자GlobalStrategic멀티인컴증권자투자신탁UH(채권혼합-재간접형)(C),09C95,09F27,09F31,X,X,X,09C95,한국투자GlobalStrategic멀티인컴증권모투자신탁(USD)(채권혼합-재간접형)
2076,09C95,한국투자GlobalStrategic멀티인컴증권모투자신탁(USD)(채권혼합-재간접형),,,09F27,,09F32,한국투자GlobalStrategic멀티인컴증권자투자신탁UH(채권혼합-재간접형)(C-e),09C95,09F27,09F32,X,X,X,09C95,한국투자GlobalStrategic멀티인컴증권모투자신탁(USD)(채권혼합-재간접형)
2077,09C95,한국투자GlobalStrategic멀티인컴증권모투자신탁(USD)(채권혼합-재간접형),,,09F27,,09F35,한국투자GlobalStrategic멀티인컴증권자투자신탁UH(채권혼합-재간접형)(C-P),09C95,09F27,09F35,X,X,X,09C95,한국투자GlobalStrategic멀티인컴증권모투자신탁(USD)(채권혼합-재간접형)
2078,09C95,한국투자GlobalStrategic멀티인컴증권모투자신탁(USD)(채권혼합-재간접형),,,09F27,,09F36,한국투자GlobalStrategic멀티인컴증권자투자신탁UH(채권혼합-재간접형)(C-Pe),09C95,09F27,09F36,X,X,X,09C95,한국투자GlobalStrategic멀티인컴증권모투자신탁(USD)(채권혼합-재간접형)
2079,09C95,한국투자GlobalStrategic멀티인컴증권모투자신탁(USD)(채권혼합-재간접형),,,09F27,,09F37,한국투자GlobalStrategic멀티인컴증권자투자신탁UH(채권혼합-재간접형)(C-R),09C95,09F27,09F37,X,X,X,09C95,한국투자GlobalStrategic멀티인컴증권모투자신탁(USD)(채권혼합-재간접형)
2080,09C95,한국투자GlobalStrategic멀티인컴증권모투자신탁(USD)(채권혼합-재간접형),,,09F27,,09F38,한국투자GlobalStrategic멀티인컴증권자투자신탁UH(채권혼합-재간접형)(C-Re),09C95,09F27,09F38,X,X,X,09C95,한국투자GlobalStrategic멀티인컴증권모투자신탁(USD)(채권혼합-재간접형)
2081,09C95,한국투자GlobalStrategic멀티인컴증권모투자신탁(USD)(채권혼합-재간접형),,,09F27,,09F40,한국투자GlobalStrategic멀티인컴증권자투자신탁UH(채권혼합-재간접형)(A1),09C95,09F27,09F40,X,X,X,09C95,한국투자GlobalStrategic멀티인컴증권모투자신탁(USD)(채권혼합-재간접형)
2082,09C95,한국투자GlobalStrategic멀티인컴증권모투자신탁(USD)(채권혼합-재간접형),,,09F42,한국투자GlobalStrategic멀티인컴월배당증권자투자신탁H(채권혼합-재간접형)(모),09F43,한국투자GlobalStrategic멀티인컴월배당증권자투자신탁H(채권혼합-재간접형)(A),09C95,09F42,09F43,X,X,X,09C95,한국투자GlobalStrategic멀티인컴증권모투자신탁(USD)(채권혼합-재간접형)
2083,09C95,한국투자GlobalStrategic멀티인컴증권모투자신탁(USD)(채권혼합-재간접형),,,09F42,,09F44,한국투자GlobalStrategic멀티인컴월배당증권자투자신탁H(채권혼합-재간접형)(A-e),09C95,09F42,09F44,X,X,X,09C95,한국투자GlobalStrategic멀티인컴증권모투자신탁(USD)(채권혼합-재간접형)
2084,09C95,한국투자GlobalStrategic멀티인컴증권모투자신탁(USD)(채권혼합-재간접형),,,09F42,,09F46,한국투자GlobalStrategic멀티인컴월배당증권자투자신탁H(채권혼합-재간접형)(C),09C95,09F42,09F46,X,X,X,09C95,한국투자GlobalStrategic멀티인컴증권모투자신탁(USD)(채권혼합-재간접형)
2085,09C95,한국투자GlobalStrategic멀티인컴증권모투자신탁(USD)(채권혼합-재간접형),,,09F42,,09F47,한국투자GlobalStrategic멀티인컴월배당증권자투자신탁H(채권혼합-재간접형)(C-e),09C95,09F42,09F47,X,X,X,09C95,한국투자GlobalStrategic멀티인컴증권모투자신탁(USD)(채권혼합-재간접형)
2086,09C95,한국투자GlobalStrategic멀티인컴증권모투자신탁(USD)(채권혼합-재간접형),,,09F42,,09F55,한국투자GlobalStrategic멀티인컴월배당증권자투자신탁H(채권혼합-재간접형)(A1),09C95,09F42,09F55,X,X,X,09C95,한국투자GlobalStrategic멀티인컴증권모투자신탁(USD)(채권혼합-재간접형)
2087,09C95,한국투자GlobalStrategic멀티인컴증권모투자신탁(USD)(채권혼합-재간접형),,,09F57,한국투자GlobalStrategic멀티인컴월배당증권자투자신탁(USD)(채권혼합-재간접형)(모),09F58,한국투자GlobalStrategic멀티인컴월배당증권자투자신탁(USD)(채권혼합-재간접형)(A),09C95,09F57,09F58,X,X,X,09C95,한국투자GlobalStrategic멀티인컴증권모투자신탁(USD)(채권혼합-재간접형)
2088,09C95,한국투자GlobalStrategic멀티인컴증권모투자신탁(USD)(채권혼합-재간접형),,,09F57,,09F59,한국투자GlobalStrategic멀티인컴월배당증권자투자신탁(USD)(채권혼합-재간접형)(A-e),09C95,09F57,09F59,X,X,X,09C95,한국투자GlobalStrategic멀티인컴증권모투자신탁(USD)(채권혼합-재간접형)
2089,09C95,한국투자GlobalStrategic멀티인컴증권모투자신탁(USD)(채권혼합-재간접형),,,09F57,,09F61,한국투자GlobalStrategic멀티인컴월배당증권자투자신탁(USD)(채권혼합-재간접형)(C),09C95,09F57,09F61,X,X,X,09C95,한국투자GlobalStrategic멀티인컴증권모투자신탁(USD)(채권혼합-재간접형)
2090,09C95,한국투자GlobalStrategic멀티인컴증권모투자신탁(USD)(채권혼합-재간접형),,,09F57,,09F62,한국투자GlobalStrategic멀티인컴월배당증권자투자신탁(USD)(채권혼합-재간접형)(C-e),09C95,09F57,09F62,X,X,X,09C95,한국투자GlobalStrategic멀티인컴증권모투자신탁(USD)(채권혼합-재간접형)
2091,09D09,한국투자코리아베스트증권모투자신탁(주식-재간접형),공통,0,09D10,한국투자코리아베스트증권자투자신탁1호(주식-재간접형),,,09D09,09D10,,X,X,X,09D09,한국투자코리아베스트증권모투자신탁(주식-재간접형)
2092,09D09,한국투자코리아베스트증권모투자신탁(주식-재간접형),,,09D20,한국투자LCF2015증권자투자신탁1호(주식혼합-재간접형),,,09D09,09D20,,X,X,X,09D09,한국투자코리아베스트증권모투자신탁(주식-재간접형)
2093,09D09,한국투자코리아베스트증권모투자신탁(주식-재간접형),,,09D21,한국투자LCF2020증권자투자신탁1호(주식혼합-재간접형),,,09D09,09D21,,X,X,X,09D09,한국투자코리아베스트증권모투자신탁(주식-재간접형)
2094,09D09,한국투자코리아베스트증권모투자신탁(주식-재간접형),,,09D22,한국투자LCF2025증권자투자신탁1호(주식혼합-재간접형),,,09D09,09D22,,X,X,X,09D09,한국투자코리아베스트증권모투자신탁(주식-재간접형)
2095,09D09,한국투자코리아베스트증권모투자신탁(주식-재간접형),,,09D23,한국투자LCF2030증권자투자신탁1호(주식혼합-재간접형),,,09D09,09D23,,X,X,X,09D09,한국투자코리아베스트증권모투자신탁(주식-재간접형)
2096,09D09,한국투자코리아베스트증권모투자신탁(주식-재간접형),,,09D24,한국투자LCF2035증권자투자신탁1호(주식혼합-재간접형),,,09D09,09D24,,X,X,X,09D09,한국투자코리아베스트증권모투자신탁(주식-재간접형)
2097,09D09,한국투자코리아베스트증권모투자신탁(주식-재간접형),,,09D25,한국투자LCF2010증권자투자신탁1호(주식혼합-재간접형),,,09D09,09D25,,X,X,X,09D09,한국투자코리아베스트증권모투자신탁(주식-재간접형)
2098,09D79,한국투자스마트펀드셀렉션증권모투자신탁(주식혼합-재간접형),공통,0,05H57,한국투자스마트펀드셀렉션증권자투자신탁(주식혼합-재간접형)(모),03V53,한국투자스마트펀드셀렉션증권자투자신탁(주식혼합-재간접형)(C),09D79,05H57,03V53,X,X,X,09D79,한국투자스마트펀드셀렉션증권모투자신탁(주식혼합-재간접형)
2099,09D79,한국투자스마트펀드셀렉션증권모투자신탁(주식혼합-재간접형),,,05H57,,03V54,한국투자스마트펀드셀렉션증권자투자신탁(주식혼합-재간접형)(A-e),09D79,05H57,03V54,X,X,X,09D79,한국투자스마트펀드셀렉션증권모투자신탁(주식혼합-재간접형)
2100,09D79,한국투자스마트펀드셀렉션증권모투자신탁(주식혼합-재간접형),,,05H57,,05H59,한국투자스마트펀드셀렉션증권자투자신탁(주식혼합-재간접형)(A),09D79,05H57,05H59,X,X,X,09D79,한국투자스마트펀드셀렉션증권모투자신탁(주식혼합-재간접형)
2101,09D79,한국투자스마트펀드셀렉션증권모투자신탁(주식혼합-재간접형),,,05H57,,05H60,한국투자스마트펀드셀렉션증권자투자신탁(주식혼합-재간접형)(C-R1),09D79,05H57,05H60,X,X,X,09D79,한국투자스마트펀드셀렉션증권모투자신탁(주식혼합-재간접형)
2102,09D79,한국투자스마트펀드셀렉션증권모투자신탁(주식혼합-재간접형),,,05H57,,05H61,한국투자스마트펀드셀렉션증권자투자신탁(주식혼합-재간접형)(C-R2),09D79,05H57,05H61,X,X,X,09D79,한국투자스마트펀드셀렉션증권모투자신탁(주식혼합-재간접형)
2103,09D79,한국투자스마트펀드셀렉션증권모투자신탁(주식혼합-재간접형),,,05H57,,05H62,한국투자스마트펀드셀렉션증권자투자신탁(주식혼합-재간접형)(C-e),09D79,05H57,05H62,X,X,X,09D79,한국투자스마트펀드셀렉션증권모투자신탁(주식혼합-재간접형)
2104,09D79,한국투자스마트펀드셀렉션증권모투자신탁(주식혼합-재간접형),,,05H57,,05H92,한국투자스마트펀드셀렉션증권자투자신탁(주식혼합-재간접형)(S),09D79,05H57,05H92,X,X,X,09D79,한국투자스마트펀드셀렉션증권모투자신탁(주식혼합-재간접형)
2105,09D79,한국투자스마트펀드셀렉션증권모투자신탁(주식혼합-재간접형),,,05H57,,05H93,한국투자스마트펀드셀렉션증권자투자신탁(주식혼합-재간접형)(S-P),09D79,05H57,05H93,X,X,X,09D79,한국투자스마트펀드셀렉션증권모투자신탁(주식혼합-재간접형)
2106,09D79,한국투자스마트펀드셀렉션증권모투자신탁(주식혼합-재간접형),,,05H57,,05H96,한국투자스마트펀드셀렉션증권자투자신탁(주식혼합-재간접형)(C-P),09D79,05H57,05H96,X,X,X,09D79,한국투자스마트펀드셀렉션증권모투자신탁(주식혼합-재간접형)
2107,09D79,한국투자스마트펀드셀렉션증권모투자신탁(주식혼합-재간접형),,,05H57,,05H97,한국투자스마트펀드셀렉션증권자투자신탁(주식혼합-재간접형)(C-Pe),09D79,05H57,05H97,X,X,X,09D79,한국투자스마트펀드셀렉션증권모투자신탁(주식혼합-재간접형)
2108,09D79,한국투자스마트펀드셀렉션증권모투자신탁(주식혼합-재간접형),,,09D81,한국투자신종개인연금스마트펀드셀렉션증권전환형자투자신탁(주식혼합-재간접형),,,09D79,09D81,,X,X,X,09D79,한국투자스마트펀드셀렉션증권모투자신탁(주식혼합-재간접형)
2109,09G19,한국투자차이나항셍테크증권모투자신탁(주식),공통,0,09G20,한국투자차이나항셍테크증권자투자신탁H(주식)(모),09G21,한국투자차이나항셍테크증권자투자신탁H(주식)(A),09G19,09G20,09G21,X,X,X,09G19,한국투자차이나항셍테크증권모투자신탁(주식)
2110,09G19,한국투자차이나항셍테크증권모투자신탁(주식),,,09G20,,09G22,한국투자차이나항셍테크증권자투자신탁H(주식)(A-e),09G19,09G20,09G22,X,X,X,09G19,한국투자차이나항셍테크증권모투자신탁(주식)
2111,09G19,한국투자차이나항셍테크증권모투자신탁(주식),,,09G20,,09G23,한국투자차이나항셍테크증권자투자신탁H(주식)(C),09G19,09G20,09G23,X,X,X,09G19,한국투자차이나항셍테크증권모투자신탁(주식)
2112,09G19,한국투자차이나항셍테크증권모투자신탁(주식),,,09G20,,09G24,한국투자차이나항셍테크증권자투자신탁H(주식)(C-e),09G19,09G20,09G24,X,X,X,09G19,한국투자차이나항셍테크증권모투자신탁(주식)
2113,09G19,한국투자차이나항셍테크증권모투자신탁(주식),,,09G20,,09G25,한국투자차이나항셍테크증권자투자신탁H(주식)(C-F),09G19,09G20,09G25,X,X,X,09G19,한국투자차이나항셍테크증권모투자신탁(주식)
2114,09G19,한국투자차이나항셍테크증권모투자신탁(주식),,,09G20,,09G26,한국투자차이나항셍테크증권자투자신탁H(주식)(C-W),09G19,09G20,09G26,X,X,X,09G19,한국투자차이나항셍테크증권모투자신탁(주식)
2115,09G19,한국투자차이나항셍테크증권모투자신탁(주식),,,09G20,,09G34,한국투자차이나항셍테크증권자투자신탁H(주식)(C-P),09G19,09G20,09G34,X,X,X,09G19,한국투자차이나항셍테크증권모투자신탁(주식)
2116,09G19,한국투자차이나항셍테크증권모투자신탁(주식),,,09G20,,09G35,한국투자차이나항셍테크증권자투자신탁H(주식)(C-Pe),09G19,09G20,09G35,X,X,X,09G19,한국투자차이나항셍테크증권모투자신탁(주식)
2117,09G19,한국투자차이나항셍테크증권모투자신탁(주식),,,09G20,,09G37,한국투자차이나항셍테크증권자투자신탁H(주식)(C-Re),09G19,09G20,09G37,X,X,X,09G19,한국투자차이나항셍테크증권모투자신탁(주식)
2118,09G19,한국투자차이나항셍테크증권모투자신탁(주식),,,09G27,한국투자차이나항셍테크증권자투자신탁UH(주식)(모),09G28,한국투자차이나항셍테크증권자투자신탁UH(주식)(A),09G19,09G27,09G28,X,X,X,09G19,한국투자차이나항셍테크증권모투자신탁(주식)
2119,09G19,한국투자차이나항셍테크증권모투자신탁(주식),,,09G27,,09G29,한국투자차이나항셍테크증권자투자신탁UH(주식)(A-e),09G19,09G27,09G29,X,X,X,09G19,한국투자차이나항셍테크증권모투자신탁(주식)
2120,09G19,한국투자차이나항셍테크증권모투자신탁(주식),,,09G27,,09G30,한국투자차이나항셍테크증권자투자신탁UH(주식)(C),09G19,09G27,09G30,X,X,X,09G19,한국투자차이나항셍테크증권모투자신탁(주식)
2121,09G19,한국투자차이나항셍테크증권모투자신탁(주식),,,09G27,,09G31,한국투자차이나항셍테크증권자투자신탁UH(주식)(C-e),09G19,09G27,09G31,X,X,X,09G19,한국투자차이나항셍테크증권모투자신탁(주식)
2122,09G19,한국투자차이나항셍테크증권모투자신탁(주식),,,09G27,,09G38,한국투자차이나항셍테크증권자투자신탁UH(주식)(C-P),09G19,09G27,09G38,X,X,X,09G19,한국투자차이나항셍테크증권모투자신탁(주식)
2123,09G19,한국투자차이나항셍테크증권모투자신탁(주식),,,09G27,,09G39,한국투자차이나항셍테크증권자투자신탁UH(주식)(C-Pe),09G19,09G27,09G39,X,X,X,09G19,한국투자차이나항셍테크증권모투자신탁(주식)
2124,09G19,한국투자차이나항셍테크증권모투자신탁(주식),,,09G27,,09G41,한국투자차이나항셍테크증권자투자신탁UH(주식)(C-Re),09G19,09G27,09G41,X,X,X,09G19,한국투자차이나항셍테크증권모투자신탁(주식)
2125,09H42,한국투자CapitalGroup글로벌하이일드오퍼튜니티증권모투자신탁(USD)(채권-재간접형),공통,0,09H43,한국투자CapitalGroup글로벌하이일드오퍼튜니티증권자투자신탁(USD)(채권-재간접형)(모),09H44,한국투자CapitalGroup글로벌하이일드오퍼튜니티증권자투자신탁(USD)(채권-재간접형)(A),09H42,09H43,09H44,X,X,X,09H42,한국투자CapitalGroup글로벌하이일드오퍼튜니티증권모투자신탁(USD)(채권-재간접형)
2126,09H42,한국투자CapitalGroup글로벌하이일드오퍼튜니티증권모투자신탁(USD)(채권-재간접형),,,09H43,,09H45,한국투자CapitalGroup글로벌하이일드오퍼튜니티증권자투자신탁(USD)(채권-재간접형)(A-e),09H42,09H43,09H45,X,X,X,09H42,한국투자CapitalGroup글로벌하이일드오퍼튜니티증권모투자신탁(USD)(채권-재간접형)
2127,09H42,한국투자CapitalGroup글로벌하이일드오퍼튜니티증권모투자신탁(USD)(채권-재간접형),,,09H43,,09H46,한국투자CapitalGroup글로벌하이일드오퍼튜니티증권자투자신탁(USD)(채권-재간접형)(A-G),09H42,09H43,09H46,X,X,X,09H42,한국투자CapitalGroup글로벌하이일드오퍼튜니티증권모투자신탁(USD)(채권-재간접형)
2128,09H42,한국투자CapitalGroup글로벌하이일드오퍼튜니티증권모투자신탁(USD)(채권-재간접형),,,09H43,,09H47,한국투자CapitalGroup글로벌하이일드오퍼튜니티증권자투자신탁(USD)(채권-재간접형)(C),09H42,09H43,09H47,X,X,X,09H42,한국투자CapitalGroup글로벌하이일드오퍼튜니티증권모투자신탁(USD)(채권-재간접형)
2129,09H42,한국투자CapitalGroup글로벌하이일드오퍼튜니티증권모투자신탁(USD)(채권-재간접형),,,09H43,,09H48,한국투자CapitalGroup글로벌하이일드오퍼튜니티증권자투자신탁(USD)(채권-재간접형)(C-e),09H42,09H43,09H48,X,X,X,09H42,한국투자CapitalGroup글로벌하이일드오퍼튜니티증권모투자신탁(USD)(채권-재간접형)
2130,09H42,한국투자CapitalGroup글로벌하이일드오퍼튜니티증권모투자신탁(USD)(채권-재간접형),,,09H43,,09H49,한국투자CapitalGroup글로벌하이일드오퍼튜니티증권자투자신탁(USD)(채권-재간접형)(C-F),09H42,09H43,09H49,X,X,X,09H42,한국투자CapitalGroup글로벌하이일드오퍼튜니티증권모투자신탁(USD)(채권-재간접형)
2131,09H42,한국투자CapitalGroup글로벌하이일드오퍼튜니티증권모투자신탁(USD)(채권-재간접형),,,09H43,,09H50,한국투자CapitalGroup글로벌하이일드오퍼튜니티증권자투자신탁(USD)(채권-재간접형)(C-G),09H42,09H43,09H50,X,X,X,09H42,한국투자CapitalGroup글로벌하이일드오퍼튜니티증권모투자신탁(USD)(채권-재간접형)
2132,09H42,한국투자CapitalGroup글로벌하이일드오퍼튜니티증권모투자신탁(USD)(채권-재간접형),,,09H43,,09H51,한국투자CapitalGroup글로벌하이일드오퍼튜니티증권자투자신탁(USD)(채권-재간접형)(C-P),09H42,09H43,09H51,X,X,X,09H42,한국투자CapitalGroup글로벌하이일드오퍼튜니티증권모투자신탁(USD)(채권-재간접형)
2133,09H42,한국투자CapitalGroup글로벌하이일드오퍼튜니티증권모투자신탁(USD)(채권-재간접형),,,09H43,,09H52,한국투자CapitalGroup글로벌하이일드오퍼튜니티증권자투자신탁(USD)(채권-재간접형)(C-Pe),09H42,09H43,09H52,X,X,X,09H42,한국투자CapitalGroup글로벌하이일드오퍼튜니티증권모투자신탁(USD)(채권-재간접형)
2134,09H42,한국투자CapitalGroup글로벌하이일드오퍼튜니티증권모투자신탁(USD)(채권-재간접형),,,09H43,,09H53,한국투자CapitalGroup글로벌하이일드오퍼튜니티증권자투자신탁(USD)(채권-재간접형)(C-R),09H42,09H43,09H53,X,X,X,09H42,한국투자CapitalGroup글로벌하이일드오퍼튜니티증권모투자신탁(USD)(채권-재간접형)
2135,09H42,한국투자CapitalGroup글로벌하이일드오퍼튜니티증권모투자신탁(USD)(채권-재간접형),,,09H43,,09H54,한국투자CapitalGroup글로벌하이일드오퍼튜니티증권자투자신탁(USD)(채권-재간접형)(C-Re),09H42,09H43,09H54,X,X,X,09H42,한국투자CapitalGroup글로벌하이일드오퍼튜니티증권모투자신탁(USD)(채권-재간접형)
2136,09H42,한국투자CapitalGroup글로벌하이일드오퍼튜니티증권모투자신탁(USD)(채권-재간접형),,,09H43,,09H55,한국투자CapitalGroup글로벌하이일드오퍼튜니티증권자투자신탁(USD)(채권-재간접형)(C-W),09H42,09H43,09H55,X,X,X,09H42,한국투자CapitalGroup글로벌하이일드오퍼튜니티증권모투자신탁(USD)(채권-재간접형)
2137,09H42,한국투자CapitalGroup글로벌하이일드오퍼튜니티증권모투자신탁(USD)(채권-재간접형),,,09H43,,09K09,한국투자CapitalGroup글로벌하이일드오퍼튜니티증권자투자신탁(USD)(채권-재간접형)(A1),09H42,09H43,09K09,X,X,X,09H42,한국투자CapitalGroup글로벌하이일드오퍼튜니티증권모투자신탁(USD)(채권-재간접형)
2138,09H42,한국투자CapitalGroup글로벌하이일드오퍼튜니티증권모투자신탁(USD)(채권-재간접형),,,09H56,한국투자CapitalGroup글로벌하이일드오퍼튜니티증권자투자신탁H(채권-재간접형)(모),09H57,한국투자CapitalGroup글로벌하이일드오퍼튜니티증권자투자신탁H(채권-재간접형)(A),09H42,09H56,09H57,X,X,X,09H42,한국투자CapitalGroup글로벌하이일드오퍼튜니티증권모투자신탁(USD)(채권-재간접형)
2139,09H42,한국투자CapitalGroup글로벌하이일드오퍼튜니티증권모투자신탁(USD)(채권-재간접형),,,09H56,,09H58,한국투자CapitalGroup글로벌하이일드오퍼튜니티증권자투자신탁H(채권-재간접형)(A-e),09H42,09H56,09H58,X,X,X,09H42,한국투자CapitalGroup글로벌하이일드오퍼튜니티증권모투자신탁(USD)(채권-재간접형)
2140,09H42,한국투자CapitalGroup글로벌하이일드오퍼튜니티증권모투자신탁(USD)(채권-재간접형),,,09H56,,09H59,한국투자CapitalGroup글로벌하이일드오퍼튜니티증권자투자신탁H(채권-재간접형)(A-G),09H42,09H56,09H59,X,X,X,09H42,한국투자CapitalGroup글로벌하이일드오퍼튜니티증권모투자신탁(USD)(채권-재간접형)
2141,09H42,한국투자CapitalGroup글로벌하이일드오퍼튜니티증권모투자신탁(USD)(채권-재간접형),,,09H56,,09H60,한국투자CapitalGroup글로벌하이일드오퍼튜니티증권자투자신탁H(채권-재간접형)(C),09H42,09H56,09H60,X,X,X,09H42,한국투자CapitalGroup글로벌하이일드오퍼튜니티증권모투자신탁(USD)(채권-재간접형)
2142,09H42,한국투자CapitalGroup글로벌하이일드오퍼튜니티증권모투자신탁(USD)(채권-재간접형),,,09H56,,09H61,한국투자CapitalGroup글로벌하이일드오퍼튜니티증권자투자신탁H(채권-재간접형)(C-e),09H42,09H56,09H61,X,X,X,09H42,한국투자CapitalGroup글로벌하이일드오퍼튜니티증권모투자신탁(USD)(채권-재간접형)
2143,09H42,한국투자CapitalGroup글로벌하이일드오퍼튜니티증권모투자신탁(USD)(채권-재간접형),,,09H56,,09H62,한국투자CapitalGroup글로벌하이일드오퍼튜니티증권자투자신탁H(채권-재간접형)(C-F),09H42,09H56,09H62,X,X,X,09H42,한국투자CapitalGroup글로벌하이일드오퍼튜니티증권모투자신탁(USD)(채권-재간접형)
2144,09H42,한국투자CapitalGroup글로벌하이일드오퍼튜니티증권모투자신탁(USD)(채권-재간접형),,,09H56,,09H63,한국투자CapitalGroup글로벌하이일드오퍼튜니티증권자투자신탁H(채권-재간접형)(C-G),09H42,09H56,09H63,X,X,X,09H42,한국투자CapitalGroup글로벌하이일드오퍼튜니티증권모투자신탁(USD)(채권-재간접형)
2145,09H42,한국투자CapitalGroup글로벌하이일드오퍼튜니티증권모투자신탁(USD)(채권-재간접형),,,09H56,,09H64,한국투자CapitalGroup글로벌하이일드오퍼튜니티증권자투자신탁H(채권-재간접형)(C-P),09H42,09H56,09H64,X,X,X,09H42,한국투자CapitalGroup글로벌하이일드오퍼튜니티증권모투자신탁(USD)(채권-재간접형)
2146,09H42,한국투자CapitalGroup글로벌하이일드오퍼튜니티증권모투자신탁(USD)(채권-재간접형),,,09H56,,09H65,한국투자CapitalGroup글로벌하이일드오퍼튜니티증권자투자신탁H(채권-재간접형)(C-Pe),09H42,09H56,09H65,X,X,X,09H42,한국투자CapitalGroup글로벌하이일드오퍼튜니티증권모투자신탁(USD)(채권-재간접형)
2147,09H42,한국투자CapitalGroup글로벌하이일드오퍼튜니티증권모투자신탁(USD)(채권-재간접형),,,09H56,,09H66,한국투자CapitalGroup글로벌하이일드오퍼튜니티증권자투자신탁H(채권-재간접형)(C-R),09H42,09H56,09H66,X,X,X,09H42,한국투자CapitalGroup글로벌하이일드오퍼튜니티증권모투자신탁(USD)(채권-재간접형)
2148,09H42,한국투자CapitalGroup글로벌하이일드오퍼튜니티증권모투자신탁(USD)(채권-재간접형),,,09H56,,09H67,한국투자CapitalGroup글로벌하이일드오퍼튜니티증권자투자신탁H(채권-재간접형)(C-Re),09H42,09H56,09H67,X,X,X,09H42,한국투자CapitalGroup글로벌하이일드오퍼튜니티증권모투자신탁(USD)(채권-재간접형)
2149,09H42,한국투자CapitalGroup글로벌하이일드오퍼튜니티증권모투자신탁(USD)(채권-재간접형),,,09H56,,09H68,한국투자CapitalGroup글로벌하이일드오퍼튜니티증권자투자신탁H(채권-재간접형)(C-W),09H42,09H56,09H68,X,X,X,09H42,한국투자CapitalGroup글로벌하이일드오퍼튜니티증권모투자신탁(USD)(채권-재간접형)
2150,09H42,한국투자CapitalGroup글로벌하이일드오퍼튜니티증권모투자신탁(USD)(채권-재간접형),,,09H56,,09K10,한국투자CapitalGroup글로벌하이일드오퍼튜니티증권자투자신탁H(채권-재간접형)(A1),09H42,09H56,09K10,X,X,X,09H42,한국투자CapitalGroup글로벌하이일드오퍼튜니티증권모투자신탁(USD)(채권-재간접형)
2151,09H42,한국투자CapitalGroup글로벌하이일드오퍼튜니티증권모투자신탁(USD)(채권-재간접형),,,09H69,한국투자CapitalGroup글로벌하이일드오퍼튜니티증권자투자신탁UH(채권-재간접형)(모),09H70,한국투자CapitalGroup글로벌하이일드오퍼튜니티증권자투자신탁UH(채권-재간접형)(A),09H42,09H69,09H70,X,X,X,09H42,한국투자CapitalGroup글로벌하이일드오퍼튜니티증권모투자신탁(USD)(채권-재간접형)
2152,09H42,한국투자CapitalGroup글로벌하이일드오퍼튜니티증권모투자신탁(USD)(채권-재간접형),,,09H69,,09H71,한국투자CapitalGroup글로벌하이일드오퍼튜니티증권자투자신탁UH(채권-재간접형)(A-e),09H42,09H69,09H71,X,X,X,09H42,한국투자CapitalGroup글로벌하이일드오퍼튜니티증권모투자신탁(USD)(채권-재간접형)
2153,09H42,한국투자CapitalGroup글로벌하이일드오퍼튜니티증권모투자신탁(USD)(채권-재간접형),,,09H69,,09H72,한국투자CapitalGroup글로벌하이일드오퍼튜니티증권자투자신탁UH(채권-재간접형)(A-G),09H42,09H69,09H72,X,X,X,09H42,한국투자CapitalGroup글로벌하이일드오퍼튜니티증권모투자신탁(USD)(채권-재간접형)
2154,09H42,한국투자CapitalGroup글로벌하이일드오퍼튜니티증권모투자신탁(USD)(채권-재간접형),,,09H69,,09H73,한국투자CapitalGroup글로벌하이일드오퍼튜니티증권자투자신탁UH(채권-재간접형)(C),09H42,09H69,09H73,X,X,X,09H42,한국투자CapitalGroup글로벌하이일드오퍼튜니티증권모투자신탁(USD)(채권-재간접형)
2155,09H42,한국투자CapitalGroup글로벌하이일드오퍼튜니티증권모투자신탁(USD)(채권-재간접형),,,09H69,,09H74,한국투자CapitalGroup글로벌하이일드오퍼튜니티증권자투자신탁UH(채권-재간접형)(C-e),09H42,09H69,09H74,X,X,X,09H42,한국투자CapitalGroup글로벌하이일드오퍼튜니티증권모투자신탁(USD)(채권-재간접형)
2156,09H42,한국투자CapitalGroup글로벌하이일드오퍼튜니티증권모투자신탁(USD)(채권-재간접형),,,09H69,,09H75,한국투자CapitalGroup글로벌하이일드오퍼튜니티증권자투자신탁UH(채권-재간접형)(C-F),09H42,09H69,09H75,X,X,X,09H42,한국투자CapitalGroup글로벌하이일드오퍼튜니티증권모투자신탁(USD)(채권-재간접형)
2157,09H42,한국투자CapitalGroup글로벌하이일드오퍼튜니티증권모투자신탁(USD)(채권-재간접형),,,09H69,,09H76,한국투자CapitalGroup글로벌하이일드오퍼튜니티증권자투자신탁UH(채권-재간접형)(C-G),09H42,09H69,09H76,X,X,X,09H42,한국투자CapitalGroup글로벌하이일드오퍼튜니티증권모투자신탁(USD)(채권-재간접형)
2158,09H42,한국투자CapitalGroup글로벌하이일드오퍼튜니티증권모투자신탁(USD)(채권-재간접형),,,09H69,,09H77,한국투자CapitalGroup글로벌하이일드오퍼튜니티증권자투자신탁UH(채권-재간접형)(C-P),09H42,09H69,09H77,X,X,X,09H42,한국투자CapitalGroup글로벌하이일드오퍼튜니티증권모투자신탁(USD)(채권-재간접형)
2159,09H42,한국투자CapitalGroup글로벌하이일드오퍼튜니티증권모투자신탁(USD)(채권-재간접형),,,09H69,,09H78,한국투자CapitalGroup글로벌하이일드오퍼튜니티증권자투자신탁UH(채권-재간접형)(C-Pe),09H42,09H69,09H78,X,X,X,09H42,한국투자CapitalGroup글로벌하이일드오퍼튜니티증권모투자신탁(USD)(채권-재간접형)
2160,09H42,한국투자CapitalGroup글로벌하이일드오퍼튜니티증권모투자신탁(USD)(채권-재간접형),,,09H69,,09H79,한국투자CapitalGroup글로벌하이일드오퍼튜니티증권자투자신탁UH(채권-재간접형)(C-R),09H42,09H69,09H79,X,X,X,09H42,한국투자CapitalGroup글로벌하이일드오퍼튜니티증권모투자신탁(USD)(채권-재간접형)
2161,09H42,한국투자CapitalGroup글로벌하이일드오퍼튜니티증권모투자신탁(USD)(채권-재간접형),,,09H69,,09H80,한국투자CapitalGroup글로벌하이일드오퍼튜니티증권자투자신탁UH(채권-재간접형)(C-Re),09H42,09H69,09H80,X,X,X,09H42,한국투자CapitalGroup글로벌하이일드오퍼튜니티증권모투자신탁(USD)(채권-재간접형)
2162,09H42,한국투자CapitalGroup글로벌하이일드오퍼튜니티증권모투자신탁(USD)(채권-재간접형),,,09H69,,09H81,한국투자CapitalGroup글로벌하이일드오퍼튜니티증권자투자신탁UH(채권-재간접형)(C-W),09H42,09H69,09H81,X,X,X,09H42,한국투자CapitalGroup글로벌하이일드오퍼튜니티증권모투자신탁(USD)(채권-재간접형)
2163,09H42,한국투자CapitalGroup글로벌하이일드오퍼튜니티증권모투자신탁(USD)(채권-재간접형),,,09H69,,09K11,한국투자CapitalGroup글로벌하이일드오퍼튜니티증권자투자신탁UH(채권-재간접형)(A1),09H42,09H69,09K11,X,X,X,09H42,한국투자CapitalGroup글로벌하이일드오퍼튜니티증권모투자신탁(USD)(채권-재간접형)
2164,09H42,한국투자CapitalGroup글로벌하이일드오퍼튜니티증권모투자신탁(USD)(채권-재간접형),,,09H82,한국투자CapitalGroup글로벌하이일드오퍼튜니티월배당증권자투자신탁H(채권-재간접형)(모),09H83,한국투자CapitalGroup글로벌하이일드오퍼튜니티월배당증권자투자신탁H(채권-재간접형)(A),09H42,09H82,09H83,X,X,X,09H42,한국투자CapitalGroup글로벌하이일드오퍼튜니티증권모투자신탁(USD)(채권-재간접형)
2165,09H42,한국투자CapitalGroup글로벌하이일드오퍼튜니티증권모투자신탁(USD)(채권-재간접형),,,09H82,,09H84,한국투자CapitalGroup글로벌하이일드오퍼튜니티월배당증권자투자신탁H(채권-재간접형)(A-e),09H42,09H82,09H84,X,X,X,09H42,한국투자CapitalGroup글로벌하이일드오퍼튜니티증권모투자신탁(USD)(채권-재간접형)
2166,09H42,한국투자CapitalGroup글로벌하이일드오퍼튜니티증권모투자신탁(USD)(채권-재간접형),,,09H82,,09H85,한국투자CapitalGroup글로벌하이일드오퍼튜니티월배당증권자투자신탁H(채권-재간접형)(A-G),09H42,09H82,09H85,X,X,X,09H42,한국투자CapitalGroup글로벌하이일드오퍼튜니티증권모투자신탁(USD)(채권-재간접형)
2167,09H42,한국투자CapitalGroup글로벌하이일드오퍼튜니티증권모투자신탁(USD)(채권-재간접형),,,09H82,,09H86,한국투자CapitalGroup글로벌하이일드오퍼튜니티월배당증권자투자신탁H(채권-재간접형)(C),09H42,09H82,09H86,X,X,X,09H42,한국투자CapitalGroup글로벌하이일드오퍼튜니티증권모투자신탁(USD)(채권-재간접형)
2168,09H42,한국투자CapitalGroup글로벌하이일드오퍼튜니티증권모투자신탁(USD)(채권-재간접형),,,09H82,,09H87,한국투자CapitalGroup글로벌하이일드오퍼튜니티월배당증권자투자신탁H(채권-재간접형)(C-e),09H42,09H82,09H87,X,X,X,09H42,한국투자CapitalGroup글로벌하이일드오퍼튜니티증권모투자신탁(USD)(채권-재간접형)
2169,09H42,한국투자CapitalGroup글로벌하이일드오퍼튜니티증권모투자신탁(USD)(채권-재간접형),,,09H82,,09H88,한국투자CapitalGroup글로벌하이일드오퍼튜니티월배당증권자투자신탁H(채권-재간접형)(C-F),09H42,09H82,09H88,X,X,X,09H42,한국투자CapitalGroup글로벌하이일드오퍼튜니티증권모투자신탁(USD)(채권-재간접형)
2170,09H42,한국투자CapitalGroup글로벌하이일드오퍼튜니티증권모투자신탁(USD)(채권-재간접형),,,09H82,,09H89,한국투자CapitalGroup글로벌하이일드오퍼튜니티월배당증권자투자신탁H(채권-재간접형)(C-G),09H42,09H82,09H89,X,X,X,09H42,한국투자CapitalGroup글로벌하이일드오퍼튜니티증권모투자신탁(USD)(채권-재간접형)
2171,09H42,한국투자CapitalGroup글로벌하이일드오퍼튜니티증권모투자신탁(USD)(채권-재간접형),,,09H82,,09H90,한국투자CapitalGroup글로벌하이일드오퍼튜니티월배당증권자투자신탁H(채권-재간접형)(C-P),09H42,09H82,09H90,X,X,X,09H42,한국투자CapitalGroup글로벌하이일드오퍼튜니티증권모투자신탁(USD)(채권-재간접형)
2172,09H42,한국투자CapitalGroup글로벌하이일드오퍼튜니티증권모투자신탁(USD)(채권-재간접형),,,09H82,,09H91,한국투자CapitalGroup글로벌하이일드오퍼튜니티월배당증권자투자신탁H(채권-재간접형)(C-Pe),09H42,09H82,09H91,X,X,X,09H42,한국투자CapitalGroup글로벌하이일드오퍼튜니티증권모투자신탁(USD)(채권-재간접형)
2173,09H42,한국투자CapitalGroup글로벌하이일드오퍼튜니티증권모투자신탁(USD)(채권-재간접형),,,09H82,,09H92,한국투자CapitalGroup글로벌하이일드오퍼튜니티월배당증권자투자신탁H(채권-재간접형)(C-R),09H42,09H82,09H92,X,X,X,09H42,한국투자CapitalGroup글로벌하이일드오퍼튜니티증권모투자신탁(USD)(채권-재간접형)
2174,09H42,한국투자CapitalGroup글로벌하이일드오퍼튜니티증권모투자신탁(USD)(채권-재간접형),,,09H82,,09H93,한국투자CapitalGroup글로벌하이일드오퍼튜니티월배당증권자투자신탁H(채권-재간접형)(C-Re),09H42,09H82,09H93,X,X,X,09H42,한국투자CapitalGroup글로벌하이일드오퍼튜니티증권모투자신탁(USD)(채권-재간접형)
2175,09H42,한국투자CapitalGroup글로벌하이일드오퍼튜니티증권모투자신탁(USD)(채권-재간접형),,,09H82,,09H94,한국투자CapitalGroup글로벌하이일드오퍼튜니티월배당증권자투자신탁H(채권-재간접형)(C-W),09H42,09H82,09H94,X,X,X,09H42,한국투자CapitalGroup글로벌하이일드오퍼튜니티증권모투자신탁(USD)(채권-재간접형)
2176,09H42,한국투자CapitalGroup글로벌하이일드오퍼튜니티증권모투자신탁(USD)(채권-재간접형),,,09H82,,09K13,한국투자CapitalGroup글로벌하이일드오퍼튜니티월배당증권자투자신탁H(채권-재간접형)(A1),09H42,09H82,09K13,X,X,X,09H42,한국투자CapitalGroup글로벌하이일드오퍼튜니티증권모투자신탁(USD)(채권-재간접형)
2177,09H42,한국투자CapitalGroup글로벌하이일드오퍼튜니티증권모투자신탁(USD)(채권-재간접형),,,09H95,한국투자CapitalGroup글로벌하이일드오퍼튜니티월배당증권자투자신탁(USD)(채권-재간접형)(모),09H96,한국투자CapitalGroup글로벌하이일드오퍼튜니티월배당증권자투자신탁(USD)(채권-재간접형)(A),09H42,09H95,09H96,X,X,X,09H42,한국투자CapitalGroup글로벌하이일드오퍼튜니티증권모투자신탁(USD)(채권-재간접형)
2178,09H42,한국투자CapitalGroup글로벌하이일드오퍼튜니티증권모투자신탁(USD)(채권-재간접형),,,09H95,,09H97,한국투자CapitalGroup글로벌하이일드오퍼튜니티월배당증권자투자신탁(USD)(채권-재간접형)(A-e),09H42,09H95,09H97,X,X,X,09H42,한국투자CapitalGroup글로벌하이일드오퍼튜니티증권모투자신탁(USD)(채권-재간접형)
2179,09H42,한국투자CapitalGroup글로벌하이일드오퍼튜니티증권모투자신탁(USD)(채권-재간접형),,,09H95,,09H98,한국투자CapitalGroup글로벌하이일드오퍼튜니티월배당증권자투자신탁(USD)(채권-재간접형)(A-G),09H42,09H95,09H98,X,X,X,09H42,한국투자CapitalGroup글로벌하이일드오퍼튜니티증권모투자신탁(USD)(채권-재간접형)
2180,09H42,한국투자CapitalGroup글로벌하이일드오퍼튜니티증권모투자신탁(USD)(채권-재간접형),,,09H95,,09H99,한국투자CapitalGroup글로벌하이일드오퍼튜니티월배당증권자투자신탁(USD)(채권-재간접형)(C),09H42,09H95,09H99,X,X,X,09H42,한국투자CapitalGroup글로벌하이일드오퍼튜니티증권모투자신탁(USD)(채권-재간접형)
2181,09H42,한국투자CapitalGroup글로벌하이일드오퍼튜니티증권모투자신탁(USD)(채권-재간접형),,,09H95,,09K01,한국투자CapitalGroup글로벌하이일드오퍼튜니티월배당증권자투자신탁(USD)(채권-재간접형)(C-e),09H42,09H95,09K01,X,X,X,09H42,한국투자CapitalGroup글로벌하이일드오퍼튜니티증권모투자신탁(USD)(채권-재간접형)
2182,09H42,한국투자CapitalGroup글로벌하이일드오퍼튜니티증권모투자신탁(USD)(채권-재간접형),,,09H95,,09K02,한국투자CapitalGroup글로벌하이일드오퍼튜니티월배당증권자투자신탁(USD)(채권-재간접형)(C-F),09H42,09H95,09K02,X,X,X,09H42,한국투자CapitalGroup글로벌하이일드오퍼튜니티증권모투자신탁(USD)(채권-재간접형)
2183,09H42,한국투자CapitalGroup글로벌하이일드오퍼튜니티증권모투자신탁(USD)(채권-재간접형),,,09H95,,09K03,한국투자CapitalGroup글로벌하이일드오퍼튜니티월배당증권자투자신탁(USD)(채권-재간접형)(C-G),09H42,09H95,09K03,X,X,X,09H42,한국투자CapitalGroup글로벌하이일드오퍼튜니티증권모투자신탁(USD)(채권-재간접형)
2184,09H42,한국투자CapitalGroup글로벌하이일드오퍼튜니티증권모투자신탁(USD)(채권-재간접형),,,09H95,,09K04,한국투자CapitalGroup글로벌하이일드오퍼튜니티월배당증권자투자신탁(USD)(채권-재간접형)(C-P),09H42,09H95,09K04,X,X,X,09H42,한국투자CapitalGroup글로벌하이일드오퍼튜니티증권모투자신탁(USD)(채권-재간접형)
2185,09H42,한국투자CapitalGroup글로벌하이일드오퍼튜니티증권모투자신탁(USD)(채권-재간접형),,,09H95,,09K05,한국투자CapitalGroup글로벌하이일드오퍼튜니티월배당증권자투자신탁(USD)(채권-재간접형)(C-Pe),09H42,09H95,09K05,X,X,X,09H42,한국투자CapitalGroup글로벌하이일드오퍼튜니티증권모투자신탁(USD)(채권-재간접형)
2186,09H42,한국투자CapitalGroup글로벌하이일드오퍼튜니티증권모투자신탁(USD)(채권-재간접형),,,09H95,,09K06,한국투자CapitalGroup글로벌하이일드오퍼튜니티월배당증권자투자신탁(USD)(채권-재간접형)(C-R),09H42,09H95,09K06,X,X,X,09H42,한국투자CapitalGroup글로벌하이일드오퍼튜니티증권모투자신탁(USD)(채권-재간접형)
2187,09H42,한국투자CapitalGroup글로벌하이일드오퍼튜니티증권모투자신탁(USD)(채권-재간접형),,,09H95,,09K07,한국투자CapitalGroup글로벌하이일드오퍼튜니티월배당증권자투자신탁(USD)(채권-재간접형)(C-Re),09H42,09H95,09K07,X,X,X,09H42,한국투자CapitalGroup글로벌하이일드오퍼튜니티증권모투자신탁(USD)(채권-재간접형)
2188,09H42,한국투자CapitalGroup글로벌하이일드오퍼튜니티증권모투자신탁(USD)(채권-재간접형),,,09H95,,09K08,한국투자CapitalGroup글로벌하이일드오퍼튜니티월배당증권자투자신탁(USD)(채권-재간접형)(C-W),09H42,09H95,09K08,X,X,X,09H42,한국투자CapitalGroup글로벌하이일드오퍼튜니티증권모투자신탁(USD)(채권-재간접형)
2189,09H42,한국투자CapitalGroup글로벌하이일드오퍼튜니티증권모투자신탁(USD)(채권-재간접형),,,09H95,,09K12,한국투자CapitalGroup글로벌하이일드오퍼튜니티월배당증권자투자신탁(USD)(채권-재간접형)(A1),09H42,09H95,09K12,X,X,X,09H42,한국투자CapitalGroup글로벌하이일드오퍼튜니티증권모투자신탁(USD)(채권-재간접형)
2190,09K31,한국투자GoldmanSachs미국테크증권모투자신탁(USD)(주식),공통,0,09K32,한국투자GoldmanSachs미국테크증권자투자신탁(USD)(주식)(모),09K33,한국투자GoldmanSachs미국테크증권자투자신탁(USD)(주식)(A),09K31,09K32,09K33,X,X,X,09K31,한국투자GoldmanSachs미국테크증권모투자신탁(USD)(주식)
2191,09K31,한국투자GoldmanSachs미국테크증권모투자신탁(USD)(주식),,,09K32,,09K34,한국투자GoldmanSachs미국테크증권자투자신탁(USD)(주식)(A1),09K31,09K32,09K34,X,X,X,09K31,한국투자GoldmanSachs미국테크증권모투자신탁(USD)(주식)
2192,09K31,한국투자GoldmanSachs미국테크증권모투자신탁(USD)(주식),,,09K32,,09K35,한국투자GoldmanSachs미국테크증권자투자신탁(USD)(주식)(A-e),09K31,09K32,09K35,X,X,X,09K31,한국투자GoldmanSachs미국테크증권모투자신탁(USD)(주식)
2193,09K31,한국투자GoldmanSachs미국테크증권모투자신탁(USD)(주식),,,09K32,,09K36,한국투자GoldmanSachs미국테크증권자투자신탁(USD)(주식)(A-G),09K31,09K32,09K36,X,X,X,09K31,한국투자GoldmanSachs미국테크증권모투자신탁(USD)(주식)
2194,09K31,한국투자GoldmanSachs미국테크증권모투자신탁(USD)(주식),,,09K32,,09K37,한국투자GoldmanSachs미국테크증권자투자신탁(USD)(주식)(C),09K31,09K32,09K37,X,X,X,09K31,한국투자GoldmanSachs미국테크증권모투자신탁(USD)(주식)
2195,09K31,한국투자GoldmanSachs미국테크증권모투자신탁(USD)(주식),,,09K32,,09K38,한국투자GoldmanSachs미국테크증권자투자신탁(USD)(주식)(C-e),09K31,09K32,09K38,X,X,X,09K31,한국투자GoldmanSachs미국테크증권모투자신탁(USD)(주식)
2196,09K31,한국투자GoldmanSachs미국테크증권모투자신탁(USD)(주식),,,09K32,,09K39,한국투자GoldmanSachs미국테크증권자투자신탁(USD)(주식)(C-F),09K31,09K32,09K39,X,X,X,09K31,한국투자GoldmanSachs미국테크증권모투자신탁(USD)(주식)
2197,09K31,한국투자GoldmanSachs미국테크증권모투자신탁(USD)(주식),,,09K32,,09K40,한국투자GoldmanSachs미국테크증권자투자신탁(USD)(주식)(C-G),09K31,09K32,09K40,X,X,X,09K31,한국투자GoldmanSachs미국테크증권모투자신탁(USD)(주식)
2198,09K31,한국투자GoldmanSachs미국테크증권모투자신탁(USD)(주식),,,09K32,,09K41,한국투자GoldmanSachs미국테크증권자투자신탁(USD)(주식)(C-P),09K31,09K32,09K41,X,X,X,09K31,한국투자GoldmanSachs미국테크증권모투자신탁(USD)(주식)
2199,09K31,한국투자GoldmanSachs미국테크증권모투자신탁(USD)(주식),,,09K32,,09K42,한국투자GoldmanSachs미국테크증권자투자신탁(USD)(주식)(C-Pe),09K31,09K32,09K42,X,X,X,09K31,한국투자GoldmanSachs미국테크증권모투자신탁(USD)(주식)
2200,09K31,한국투자GoldmanSachs미국테크증권모투자신탁(USD)(주식),,,09K32,,09K43,한국투자GoldmanSachs미국테크증권자투자신탁(USD)(주식)(C-R),09K31,09K32,09K43,X,X,X,09K31,한국투자GoldmanSachs미국테크증권모투자신탁(USD)(주식)
2201,09K31,한국투자GoldmanSachs미국테크증권모투자신탁(USD)(주식),,,09K32,,09K44,한국투자GoldmanSachs미국테크증권자투자신탁(USD)(주식)(C-Re),09K31,09K32,09K44,X,X,X,09K31,한국투자GoldmanSachs미국테크증권모투자신탁(USD)(주식)
2202,09K31,한국투자GoldmanSachs미국테크증권모투자신탁(USD)(주식),,,09K32,,09K45,한국투자GoldmanSachs미국테크증권자투자신탁(USD)(주식)(C-W),09K31,09K32,09K45,X,X,X,09K31,한국투자GoldmanSachs미국테크증권모투자신탁(USD)(주식)
2203,09K31,한국투자GoldmanSachs미국테크증권모투자신탁(USD)(주식),,,09K46,한국투자GoldmanSachs미국테크증권자투자신탁H(주식)(모),09K47,한국투자GoldmanSachs미국테크증권자투자신탁H(주식)(A),09K31,09K46,09K47,X,X,X,09K31,한국투자GoldmanSachs미국테크증권모투자신탁(USD)(주식)
2204,09K31,한국투자GoldmanSachs미국테크증권모투자신탁(USD)(주식),,,09K46,,09K48,한국투자GoldmanSachs미국테크증권자투자신탁H(주식)(A1),09K31,09K46,09K48,X,X,X,09K31,한국투자GoldmanSachs미국테크증권모투자신탁(USD)(주식)
2205,09K31,한국투자GoldmanSachs미국테크증권모투자신탁(USD)(주식),,,09K46,,09K49,한국투자GoldmanSachs미국테크증권자투자신탁H(주식)(A-e),09K31,09K46,09K49,X,X,X,09K31,한국투자GoldmanSachs미국테크증권모투자신탁(USD)(주식)
2206,09K31,한국투자GoldmanSachs미국테크증권모투자신탁(USD)(주식),,,09K46,,09K50,한국투자GoldmanSachs미국테크증권자투자신탁H(주식)(A-G),09K31,09K46,09K50,X,X,X,09K31,한국투자GoldmanSachs미국테크증권모투자신탁(USD)(주식)
2207,09K31,한국투자GoldmanSachs미국테크증권모투자신탁(USD)(주식),,,09K46,,09K51,한국투자GoldmanSachs미국테크증권자투자신탁H(주식)(C),09K31,09K46,09K51,X,X,X,09K31,한국투자GoldmanSachs미국테크증권모투자신탁(USD)(주식)
2208,09K31,한국투자GoldmanSachs미국테크증권모투자신탁(USD)(주식),,,09K46,,09K52,한국투자GoldmanSachs미국테크증권자투자신탁H(주식)(C-e),09K31,09K46,09K52,X,X,X,09K31,한국투자GoldmanSachs미국테크증권모투자신탁(USD)(주식)
2209,09K31,한국투자GoldmanSachs미국테크증권모투자신탁(USD)(주식),,,09K46,,09K53,한국투자GoldmanSachs미국테크증권자투자신탁H(주식)(C-F),09K31,09K46,09K53,X,X,X,09K31,한국투자GoldmanSachs미국테크증권모투자신탁(USD)(주식)
2210,09K31,한국투자GoldmanSachs미국테크증권모투자신탁(USD)(주식),,,09K46,,09K54,한국투자GoldmanSachs미국테크증권자투자신탁H(주식)(C-G),09K31,09K46,09K54,X,X,X,09K31,한국투자GoldmanSachs미국테크증권모투자신탁(USD)(주식)
2211,09K31,한국투자GoldmanSachs미국테크증권모투자신탁(USD)(주식),,,09K46,,09K55,한국투자GoldmanSachs미국테크증권자투자신탁H(주식)(C-P),09K31,09K46,09K55,X,X,X,09K31,한국투자GoldmanSachs미국테크증권모투자신탁(USD)(주식)
2212,09K31,한국투자GoldmanSachs미국테크증권모투자신탁(USD)(주식),,,09K46,,09K56,한국투자GoldmanSachs미국테크증권자투자신탁H(주식)(C-Pe),09K31,09K46,09K56,X,X,X,09K31,한국투자GoldmanSachs미국테크증권모투자신탁(USD)(주식)
2213,09K31,한국투자GoldmanSachs미국테크증권모투자신탁(USD)(주식),,,09K46,,09K57,한국투자GoldmanSachs미국테크증권자투자신탁H(주식)(C-R),09K31,09K46,09K57,X,X,X,09K31,한국투자GoldmanSachs미국테크증권모투자신탁(USD)(주식)
2214,09K31,한국투자GoldmanSachs미국테크증권모투자신탁(USD)(주식),,,09K46,,09K58,한국투자GoldmanSachs미국테크증권자투자신탁H(주식)(C-Re),09K31,09K46,09K58,X,X,X,09K31,한국투자GoldmanSachs미국테크증권모투자신탁(USD)(주식)
2215,09K31,한국투자GoldmanSachs미국테크증권모투자신탁(USD)(주식),,,09K46,,09K59,한국투자GoldmanSachs미국테크증권자투자신탁H(주식)(C-W),09K31,09K46,09K59,X,X,X,09K31,한국투자GoldmanSachs미국테크증권모투자신탁(USD)(주식)
2216,09K31,한국투자GoldmanSachs미국테크증권모투자신탁(USD)(주식),,,09K60,한국투자GoldmanSachs미국테크증권자투자신탁UH(주식)(모),09K61,한국투자GoldmanSachs미국테크증권자투자신탁UH(주식)(A),09K31,09K60,09K61,X,X,X,09K31,한국투자GoldmanSachs미국테크증권모투자신탁(USD)(주식)
2217,09K31,한국투자GoldmanSachs미국테크증권모투자신탁(USD)(주식),,,09K60,,09K62,한국투자GoldmanSachs미국테크증권자투자신탁UH(주식)(A1),09K31,09K60,09K62,X,X,X,09K31,한국투자GoldmanSachs미국테크증권모투자신탁(USD)(주식)
2218,09K31,한국투자GoldmanSachs미국테크증권모투자신탁(USD)(주식),,,09K60,,09K63,한국투자GoldmanSachs미국테크증권자투자신탁UH(주식)(A-e),09K31,09K60,09K63,X,X,X,09K31,한국투자GoldmanSachs미국테크증권모투자신탁(USD)(주식)
2219,09K31,한국투자GoldmanSachs미국테크증권모투자신탁(USD)(주식),,,09K60,,09K64,한국투자GoldmanSachs미국테크증권자투자신탁UH(주식)(A-G),09K31,09K60,09K64,X,X,X,09K31,한국투자GoldmanSachs미국테크증권모투자신탁(USD)(주식)
2220,09K31,한국투자GoldmanSachs미국테크증권모투자신탁(USD)(주식),,,09K60,,09K65,한국투자GoldmanSachs미국테크증권자투자신탁UH(주식)(C),09K31,09K60,09K65,X,X,X,09K31,한국투자GoldmanSachs미국테크증권모투자신탁(USD)(주식)
2221,09K31,한국투자GoldmanSachs미국테크증권모투자신탁(USD)(주식),,,09K60,,09K66,한국투자GoldmanSachs미국테크증권자투자신탁UH(주식)(C-e),09K31,09K60,09K66,X,X,X,09K31,한국투자GoldmanSachs미국테크증권모투자신탁(USD)(주식)
2222,09K31,한국투자GoldmanSachs미국테크증권모투자신탁(USD)(주식),,,09K60,,09K67,한국투자GoldmanSachs미국테크증권자투자신탁UH(주식)(C-F),09K31,09K60,09K67,X,X,X,09K31,한국투자GoldmanSachs미국테크증권모투자신탁(USD)(주식)
2223,09K31,한국투자GoldmanSachs미국테크증권모투자신탁(USD)(주식),,,09K60,,09K68,한국투자GoldmanSachs미국테크증권자투자신탁UH(주식)(C-G),09K31,09K60,09K68,X,X,X,09K31,한국투자GoldmanSachs미국테크증권모투자신탁(USD)(주식)
2224,09K31,한국투자GoldmanSachs미국테크증권모투자신탁(USD)(주식),,,09K60,,09K69,한국투자GoldmanSachs미국테크증권자투자신탁UH(주식)(C-P),09K31,09K60,09K69,X,X,X,09K31,한국투자GoldmanSachs미국테크증권모투자신탁(USD)(주식)
2225,09K31,한국투자GoldmanSachs미국테크증권모투자신탁(USD)(주식),,,09K60,,09K70,한국투자GoldmanSachs미국테크증권자투자신탁UH(주식)(C-Pe),09K31,09K60,09K70,X,X,X,09K31,한국투자GoldmanSachs미국테크증권모투자신탁(USD)(주식)
2226,09K31,한국투자GoldmanSachs미국테크증권모투자신탁(USD)(주식),,,09K60,,09K71,한국투자GoldmanSachs미국테크증권자투자신탁UH(주식)(C-R),09K31,09K60,09K71,X,X,X,09K31,한국투자GoldmanSachs미국테크증권모투자신탁(USD)(주식)
2227,09K31,한국투자GoldmanSachs미국테크증권모투자신탁(USD)(주식),,,09K60,,09K72,한국투자GoldmanSachs미국테크증권자투자신탁UH(주식)(C-Re),09K31,09K60,09K72,X,X,X,09K31,한국투자GoldmanSachs미국테크증권모투자신탁(USD)(주식)
2228,09K31,한국투자GoldmanSachs미국테크증권모투자신탁(USD)(주식),,,09K60,,09K73,한국투자GoldmanSachs미국테크증권자투자신탁UH(주식)(C-W),09K31,09K60,09K73,X,X,X,09K31,한국투자GoldmanSachs미국테크증권모투자신탁(USD)(주식)
2229,09K74,한국투자GoldmanSachs글로벌하이일드인컴증권모투자신탁(USD)(채권),공통,0,09L18,한국투자GoldmanSachs글로벌하이일드인컴증권자투자신탁(USD)(채권)(모),09L20,한국투자GoldmanSachs글로벌하이일드인컴증권자투자신탁(USD)(채권)(A1),09K74,09L18,09L20,X,X,X,09K74,한국투자GoldmanSachs글로벌하이일드인컴증권모투자신탁(USD)(채권)
2230,09K74,한국투자GoldmanSachs글로벌하이일드인컴증권모투자신탁(USD)(채권),,,09L18,,09L21,한국투자GoldmanSachs글로벌하이일드인컴증권자투자신탁(USD)(채권)(A-e),09K74,09L18,09L21,X,X,X,09K74,한국투자GoldmanSachs글로벌하이일드인컴증권모투자신탁(USD)(채권)
2231,09K74,한국투자GoldmanSachs글로벌하이일드인컴증권모투자신탁(USD)(채권),,,09L18,,09L23,한국투자GoldmanSachs글로벌하이일드인컴증권자투자신탁(USD)(채권)(C),09K74,09L18,09L23,X,X,X,09K74,한국투자GoldmanSachs글로벌하이일드인컴증권모투자신탁(USD)(채권)
2232,09K74,한국투자GoldmanSachs글로벌하이일드인컴증권모투자신탁(USD)(채권),,,09L18,,09L24,한국투자GoldmanSachs글로벌하이일드인컴증권자투자신탁(USD)(채권)(C-e),09K74,09L18,09L24,X,X,X,09K74,한국투자GoldmanSachs글로벌하이일드인컴증권모투자신탁(USD)(채권)
2233,09K74,한국투자GoldmanSachs글로벌하이일드인컴증권모투자신탁(USD)(채권),,,09L18,,09L25,한국투자GoldmanSachs글로벌하이일드인컴증권자투자신탁(USD)(채권)(C-F),09K74,09L18,09L25,X,X,X,09K74,한국투자GoldmanSachs글로벌하이일드인컴증권모투자신탁(USD)(채권)
2234,09K74,한국투자GoldmanSachs글로벌하이일드인컴증권모투자신탁(USD)(채권),,,09L32,한국투자GoldmanSachs글로벌하이일드인컴증권자투자신탁H(채권)(모),09L34,한국투자GoldmanSachs글로벌하이일드인컴증권자투자신탁H(채권)(A1),09K74,09L32,09L34,X,X,X,09K74,한국투자GoldmanSachs글로벌하이일드인컴증권모투자신탁(USD)(채권)
2235,09K74,한국투자GoldmanSachs글로벌하이일드인컴증권모투자신탁(USD)(채권),,,09L32,,09L35,한국투자GoldmanSachs글로벌하이일드인컴증권자투자신탁H(채권)(A-e),09K74,09L32,09L35,X,X,X,09K74,한국투자GoldmanSachs글로벌하이일드인컴증권모투자신탁(USD)(채권)
2236,09K74,한국투자GoldmanSachs글로벌하이일드인컴증권모투자신탁(USD)(채권),,,09L32,,09L37,한국투자GoldmanSachs글로벌하이일드인컴증권자투자신탁H(채권)(C),09K74,09L32,09L37,X,X,X,09K74,한국투자GoldmanSachs글로벌하이일드인컴증권모투자신탁(USD)(채권)
2237,09K74,한국투자GoldmanSachs글로벌하이일드인컴증권모투자신탁(USD)(채권),,,09L32,,09L38,한국투자GoldmanSachs글로벌하이일드인컴증권자투자신탁H(채권)(C-e),09K74,09L32,09L38,X,X,X,09K74,한국투자GoldmanSachs글로벌하이일드인컴증권모투자신탁(USD)(채권)
2238,09K74,한국투자GoldmanSachs글로벌하이일드인컴증권모투자신탁(USD)(채권),,,09L32,,09L39,한국투자GoldmanSachs글로벌하이일드인컴증권자투자신탁H(채권)(C-F),09K74,09L32,09L39,X,X,X,09K74,한국투자GoldmanSachs글로벌하이일드인컴증권모투자신탁(USD)(채권)
2239,09K74,한국투자GoldmanSachs글로벌하이일드인컴증권모투자신탁(USD)(채권),,,09L32,,09L41,한국투자GoldmanSachs글로벌하이일드인컴증권자투자신탁H(채권)(C-P),09K74,09L32,09L41,X,X,X,09K74,한국투자GoldmanSachs글로벌하이일드인컴증권모투자신탁(USD)(채권)
2240,09K74,한국투자GoldmanSachs글로벌하이일드인컴증권모투자신탁(USD)(채권),,,09L32,,09L42,한국투자GoldmanSachs글로벌하이일드인컴증권자투자신탁H(채권)(C-Pe),09K74,09L32,09L42,X,X,X,09K74,한국투자GoldmanSachs글로벌하이일드인컴증권모투자신탁(USD)(채권)
2241,09K74,한국투자GoldmanSachs글로벌하이일드인컴증권모투자신탁(USD)(채권),,,09L32,,09L43,한국투자GoldmanSachs글로벌하이일드인컴증권자투자신탁H(채권)(C-R),09K74,09L32,09L43,X,X,X,09K74,한국투자GoldmanSachs글로벌하이일드인컴증권모투자신탁(USD)(채권)
2242,09K74,한국투자GoldmanSachs글로벌하이일드인컴증권모투자신탁(USD)(채권),,,09L32,,09L44,한국투자GoldmanSachs글로벌하이일드인컴증권자투자신탁H(채권)(C-Re),09K74,09L32,09L44,X,X,X,09K74,한국투자GoldmanSachs글로벌하이일드인컴증권모투자신탁(USD)(채권)
2243,09K74,한국투자GoldmanSachs글로벌하이일드인컴증권모투자신탁(USD)(채권),,,09L32,,09L45,한국투자GoldmanSachs글로벌하이일드인컴증권자투자신탁H(채권)(C-W),09K74,09L32,09L45,X,X,X,09K74,한국투자GoldmanSachs글로벌하이일드인컴증권모투자신탁(USD)(채권)
2244,09K74,한국투자GoldmanSachs글로벌하이일드인컴증권모투자신탁(USD)(채권),,,09L46,한국투자GoldmanSachs글로벌하이일드인컴증권자투자신탁UH(채권)(모),09L48,한국투자GoldmanSachs글로벌하이일드인컴증권자투자신탁UH(채권)(A1),09K74,09L46,09L48,X,X,X,09K74,한국투자GoldmanSachs글로벌하이일드인컴증권모투자신탁(USD)(채권)
2245,09K74,한국투자GoldmanSachs글로벌하이일드인컴증권모투자신탁(USD)(채권),,,09L46,,09L49,한국투자GoldmanSachs글로벌하이일드인컴증권자투자신탁UH(채권)(A-e),09K74,09L46,09L49,X,X,X,09K74,한국투자GoldmanSachs글로벌하이일드인컴증권모투자신탁(USD)(채권)
2246,09K74,한국투자GoldmanSachs글로벌하이일드인컴증권모투자신탁(USD)(채권),,,09L46,,09L51,한국투자GoldmanSachs글로벌하이일드인컴증권자투자신탁UH(채권)(C),09K74,09L46,09L51,X,X,X,09K74,한국투자GoldmanSachs글로벌하이일드인컴증권모투자신탁(USD)(채권)
2247,09K74,한국투자GoldmanSachs글로벌하이일드인컴증권모투자신탁(USD)(채권),,,09L46,,09L52,한국투자GoldmanSachs글로벌하이일드인컴증권자투자신탁UH(채권)(C-e),09K74,09L46,09L52,X,X,X,09K74,한국투자GoldmanSachs글로벌하이일드인컴증권모투자신탁(USD)(채권)
2248,09K74,한국투자GoldmanSachs글로벌하이일드인컴증권모투자신탁(USD)(채권),,,09L46,,09L53,한국투자GoldmanSachs글로벌하이일드인컴증권자투자신탁UH(채권)(C-F),09K74,09L46,09L53,X,X,X,09K74,한국투자GoldmanSachs글로벌하이일드인컴증권모투자신탁(USD)(채권)
2249,09K74,한국투자GoldmanSachs글로벌하이일드인컴증권모투자신탁(USD)(채권),,,09L46,,09L55,한국투자GoldmanSachs글로벌하이일드인컴증권자투자신탁UH(채권)(C-P),09K74,09L46,09L55,X,X,X,09K74,한국투자GoldmanSachs글로벌하이일드인컴증권모투자신탁(USD)(채권)
2250,09K74,한국투자GoldmanSachs글로벌하이일드인컴증권모투자신탁(USD)(채권),,,09L46,,09L56,한국투자GoldmanSachs글로벌하이일드인컴증권자투자신탁UH(채권)(C-Pe),09K74,09L46,09L56,X,X,X,09K74,한국투자GoldmanSachs글로벌하이일드인컴증권모투자신탁(USD)(채권)
2251,09K74,한국투자GoldmanSachs글로벌하이일드인컴증권모투자신탁(USD)(채권),,,09L46,,09L57,한국투자GoldmanSachs글로벌하이일드인컴증권자투자신탁UH(채권)(C-R),09K74,09L46,09L57,X,X,X,09K74,한국투자GoldmanSachs글로벌하이일드인컴증권모투자신탁(USD)(채권)
2252,09K74,한국투자GoldmanSachs글로벌하이일드인컴증권모투자신탁(USD)(채권),,,09L46,,09L58,한국투자GoldmanSachs글로벌하이일드인컴증권자투자신탁UH(채권)(C-Re),09K74,09L46,09L58,X,X,X,09K74,한국투자GoldmanSachs글로벌하이일드인컴증권모투자신탁(USD)(채권)
2253,09K74,한국투자GoldmanSachs글로벌하이일드인컴증권모투자신탁(USD)(채권),,,09L46,,09L59,한국투자GoldmanSachs글로벌하이일드인컴증권자투자신탁UH(채권)(C-W),09K74,09L46,09L59,X,X,X,09K74,한국투자GoldmanSachs글로벌하이일드인컴증권모투자신탁(USD)(채권)
2254,09K74,한국투자GoldmanSachs글로벌하이일드인컴증권모투자신탁(USD)(채권),,,09L60,한국투자GoldmanSachs글로벌하이일드인컴월배당증권자투자신탁(USD)(채권)(모),09L62,한국투자GoldmanSachs글로벌하이일드인컴월배당증권자투자신탁(USD)(채권)(A1),09K74,09L60,09L62,X,X,X,09K74,한국투자GoldmanSachs글로벌하이일드인컴증권모투자신탁(USD)(채권)
2255,09K74,한국투자GoldmanSachs글로벌하이일드인컴증권모투자신탁(USD)(채권),,,09L60,,09L63,한국투자GoldmanSachs글로벌하이일드인컴월배당증권자투자신탁(USD)(채권)(A-e),09K74,09L60,09L63,X,X,X,09K74,한국투자GoldmanSachs글로벌하이일드인컴증권모투자신탁(USD)(채권)
2256,09K74,한국투자GoldmanSachs글로벌하이일드인컴증권모투자신탁(USD)(채권),,,09L60,,09L65,한국투자GoldmanSachs글로벌하이일드인컴월배당증권자투자신탁(USD)(채권)(C),09K74,09L60,09L65,X,X,X,09K74,한국투자GoldmanSachs글로벌하이일드인컴증권모투자신탁(USD)(채권)
2257,09K74,한국투자GoldmanSachs글로벌하이일드인컴증권모투자신탁(USD)(채권),,,09L60,,09L66,한국투자GoldmanSachs글로벌하이일드인컴월배당증권자투자신탁(USD)(채권)(C-e),09K74,09L60,09L66,X,X,X,09K74,한국투자GoldmanSachs글로벌하이일드인컴증권모투자신탁(USD)(채권)
2258,09K74,한국투자GoldmanSachs글로벌하이일드인컴증권모투자신탁(USD)(채권),,,09L60,,09L67,한국투자GoldmanSachs글로벌하이일드인컴월배당증권자투자신탁(USD)(채권)(C-F),09K74,09L60,09L67,X,X,X,09K74,한국투자GoldmanSachs글로벌하이일드인컴증권모투자신탁(USD)(채권)
2259,09K74,한국투자GoldmanSachs글로벌하이일드인컴증권모투자신탁(USD)(채권),,,09L74,한국투자GoldmanSachs글로벌하이일드인컴월배당증권자투자신탁H(채권)(모),09L76,한국투자GoldmanSachs글로벌하이일드인컴월배당증권자투자신탁H(채권)(A1),09K74,09L74,09L76,X,X,X,09K74,한국투자GoldmanSachs글로벌하이일드인컴증권모투자신탁(USD)(채권)
2260,09K74,한국투자GoldmanSachs글로벌하이일드인컴증권모투자신탁(USD)(채권),,,09L74,,09L77,한국투자GoldmanSachs글로벌하이일드인컴월배당증권자투자신탁H(채권)(A-e),09K74,09L74,09L77,X,X,X,09K74,한국투자GoldmanSachs글로벌하이일드인컴증권모투자신탁(USD)(채권)
2261,09K74,한국투자GoldmanSachs글로벌하이일드인컴증권모투자신탁(USD)(채권),,,09L74,,09L79,한국투자GoldmanSachs글로벌하이일드인컴월배당증권자투자신탁H(채권)(C),09K74,09L74,09L79,X,X,X,09K74,한국투자GoldmanSachs글로벌하이일드인컴증권모투자신탁(USD)(채권)
2262,09K74,한국투자GoldmanSachs글로벌하이일드인컴증권모투자신탁(USD)(채권),,,09L74,,09L80,한국투자GoldmanSachs글로벌하이일드인컴월배당증권자투자신탁H(채권)(C-e),09K74,09L74,09L80,X,X,X,09K74,한국투자GoldmanSachs글로벌하이일드인컴증권모투자신탁(USD)(채권)
2263,09K74,한국투자GoldmanSachs글로벌하이일드인컴증권모투자신탁(USD)(채권),,,09L74,,09L81,한국투자GoldmanSachs글로벌하이일드인컴월배당증권자투자신탁H(채권)(C-F),09K74,09L74,09L81,X,X,X,09K74,한국투자GoldmanSachs글로벌하이일드인컴증권모투자신탁(USD)(채권)
2264,09K74,한국투자GoldmanSachs글로벌하이일드인컴증권모투자신탁(USD)(채권),,,09L74,,09L87,한국투자GoldmanSachs글로벌하이일드인컴월배당증권자투자신탁H(채권)(C-W),09K74,09L74,09L87,X,X,X,09K74,한국투자GoldmanSachs글로벌하이일드인컴증권모투자신탁(USD)(채권)
2265,09M56,한국투자JPMorgan글로벌하이일드증권모투자신탁(USD)(채권-재간접형),공통,0,09M57,한국투자JPMorgan글로벌하이일드증권자투자신탁(USD)(채권-재간접형)(모),09M58,한국투자JPMorgan글로벌하이일드증권자투자신탁(USD)(채권-재간접형)(A),09M56,09M57,09M58,X,X,X,09M56,한국투자JPMorgan글로벌하이일드증권모투자신탁(USD)(채권-재간접형)
2266,09M56,한국투자JPMorgan글로벌하이일드증권모투자신탁(USD)(채권-재간접형),,,09M57,,09M59,한국투자JPMorgan글로벌하이일드증권자투자신탁(USD)(채권-재간접형)(A1),09M56,09M57,09M59,X,X,X,09M56,한국투자JPMorgan글로벌하이일드증권모투자신탁(USD)(채권-재간접형)
2267,09M56,한국투자JPMorgan글로벌하이일드증권모투자신탁(USD)(채권-재간접형),,,09M57,,09M60,한국투자JPMorgan글로벌하이일드증권자투자신탁(USD)(채권-재간접형)(A-e),09M56,09M57,09M60,X,X,X,09M56,한국투자JPMorgan글로벌하이일드증권모투자신탁(USD)(채권-재간접형)
2268,09M56,한국투자JPMorgan글로벌하이일드증권모투자신탁(USD)(채권-재간접형),,,09M57,,09M61,한국투자JPMorgan글로벌하이일드증권자투자신탁(USD)(채권-재간접형)(A-G),09M56,09M57,09M61,X,X,X,09M56,한국투자JPMorgan글로벌하이일드증권모투자신탁(USD)(채권-재간접형)
2269,09M56,한국투자JPMorgan글로벌하이일드증권모투자신탁(USD)(채권-재간접형),,,09M57,,09M62,한국투자JPMorgan글로벌하이일드증권자투자신탁(USD)(채권-재간접형)(C),09M56,09M57,09M62,X,X,X,09M56,한국투자JPMorgan글로벌하이일드증권모투자신탁(USD)(채권-재간접형)
2270,09M56,한국투자JPMorgan글로벌하이일드증권모투자신탁(USD)(채권-재간접형),,,09M57,,09M63,한국투자JPMorgan글로벌하이일드증권자투자신탁(USD)(채권-재간접형)(C-e),09M56,09M57,09M63,X,X,X,09M56,한국투자JPMorgan글로벌하이일드증권모투자신탁(USD)(채권-재간접형)
2271,09M56,한국투자JPMorgan글로벌하이일드증권모투자신탁(USD)(채권-재간접형),,,09M57,,09M64,한국투자JPMorgan글로벌하이일드증권자투자신탁(USD)(채권-재간접형)(C-F),09M56,09M57,09M64,X,X,X,09M56,한국투자JPMorgan글로벌하이일드증권모투자신탁(USD)(채권-재간접형)
2272,09M56,한국투자JPMorgan글로벌하이일드증권모투자신탁(USD)(채권-재간접형),,,09M57,,09M65,한국투자JPMorgan글로벌하이일드증권자투자신탁(USD)(채권-재간접형)(C-G),09M56,09M57,09M65,X,X,X,09M56,한국투자JPMorgan글로벌하이일드증권모투자신탁(USD)(채권-재간접형)
2273,09M56,한국투자JPMorgan글로벌하이일드증권모투자신탁(USD)(채권-재간접형),,,09M57,,09M66,한국투자JPMorgan글로벌하이일드증권자투자신탁(USD)(채권-재간접형)(C-P),09M56,09M57,09M66,X,X,X,09M56,한국투자JPMorgan글로벌하이일드증권모투자신탁(USD)(채권-재간접형)
2274,09M56,한국투자JPMorgan글로벌하이일드증권모투자신탁(USD)(채권-재간접형),,,09M57,,09M67,한국투자JPMorgan글로벌하이일드증권자투자신탁(USD)(채권-재간접형)(C-Pe),09M56,09M57,09M67,X,X,X,09M56,한국투자JPMorgan글로벌하이일드증권모투자신탁(USD)(채권-재간접형)
2275,09M56,한국투자JPMorgan글로벌하이일드증권모투자신탁(USD)(채권-재간접형),,,09M57,,09M68,한국투자JPMorgan글로벌하이일드증권자투자신탁(USD)(채권-재간접형)(C-R),09M56,09M57,09M68,X,X,X,09M56,한국투자JPMorgan글로벌하이일드증권모투자신탁(USD)(채권-재간접형)
2276,09M56,한국투자JPMorgan글로벌하이일드증권모투자신탁(USD)(채권-재간접형),,,09M57,,09M69,한국투자JPMorgan글로벌하이일드증권자투자신탁(USD)(채권-재간접형)(C-Re),09M56,09M57,09M69,X,X,X,09M56,한국투자JPMorgan글로벌하이일드증권모투자신탁(USD)(채권-재간접형)
2277,09M56,한국투자JPMorgan글로벌하이일드증권모투자신탁(USD)(채권-재간접형),,,09M57,,09M70,한국투자JPMorgan글로벌하이일드증권자투자신탁(USD)(채권-재간접형)(C-W),09M56,09M57,09M70,X,X,X,09M56,한국투자JPMorgan글로벌하이일드증권모투자신탁(USD)(채권-재간접형)
2278,09M56,한국투자JPMorgan글로벌하이일드증권모투자신탁(USD)(채권-재간접형),,,09M71,한국투자JPMorgan글로벌하이일드증권자투자신탁H(채권-재간접형)(모),09M72,한국투자JPMorgan글로벌하이일드증권자투자신탁H(채권-재간접형)(A),09M56,09M71,09M72,X,X,X,09M56,한국투자JPMorgan글로벌하이일드증권모투자신탁(USD)(채권-재간접형)
2279,09M56,한국투자JPMorgan글로벌하이일드증권모투자신탁(USD)(채권-재간접형),,,09M71,,09M73,한국투자JPMorgan글로벌하이일드증권자투자신탁H(채권-재간접형)(A1),09M56,09M71,09M73,X,X,X,09M56,한국투자JPMorgan글로벌하이일드증권모투자신탁(USD)(채권-재간접형)
2280,09M56,한국투자JPMorgan글로벌하이일드증권모투자신탁(USD)(채권-재간접형),,,09M71,,09M74,한국투자JPMorgan글로벌하이일드증권자투자신탁H(채권-재간접형)(A-e),09M56,09M71,09M74,X,X,X,09M56,한국투자JPMorgan글로벌하이일드증권모투자신탁(USD)(채권-재간접형)
2281,09M56,한국투자JPMorgan글로벌하이일드증권모투자신탁(USD)(채권-재간접형),,,09M71,,09M75,한국투자JPMorgan글로벌하이일드증권자투자신탁H(채권-재간접형)(A-G),09M56,09M71,09M75,X,X,X,09M56,한국투자JPMorgan글로벌하이일드증권모투자신탁(USD)(채권-재간접형)
2282,09M56,한국투자JPMorgan글로벌하이일드증권모투자신탁(USD)(채권-재간접형),,,09M71,,09M76,한국투자JPMorgan글로벌하이일드증권자투자신탁H(채권-재간접형)(C),09M56,09M71,09M76,X,X,X,09M56,한국투자JPMorgan글로벌하이일드증권모투자신탁(USD)(채권-재간접형)
2283,09M56,한국투자JPMorgan글로벌하이일드증권모투자신탁(USD)(채권-재간접형),,,09M71,,09M77,한국투자JPMorgan글로벌하이일드증권자투자신탁H(채권-재간접형)(C-e),09M56,09M71,09M77,X,X,X,09M56,한국투자JPMorgan글로벌하이일드증권모투자신탁(USD)(채권-재간접형)
2284,09M56,한국투자JPMorgan글로벌하이일드증권모투자신탁(USD)(채권-재간접형),,,09M71,,09M78,한국투자JPMorgan글로벌하이일드증권자투자신탁H(채권-재간접형)(C-F),09M56,09M71,09M78,X,X,X,09M56,한국투자JPMorgan글로벌하이일드증권모투자신탁(USD)(채권-재간접형)
2285,09M56,한국투자JPMorgan글로벌하이일드증권모투자신탁(USD)(채권-재간접형),,,09M71,,09M79,한국투자JPMorgan글로벌하이일드증권자투자신탁H(채권-재간접형)(C-G),09M56,09M71,09M79,X,X,X,09M56,한국투자JPMorgan글로벌하이일드증권모투자신탁(USD)(채권-재간접형)
2286,09M56,한국투자JPMorgan글로벌하이일드증권모투자신탁(USD)(채권-재간접형),,,09M71,,09M80,한국투자JPMorgan글로벌하이일드증권자투자신탁H(채권-재간접형)(C-P),09M56,09M71,09M80,X,X,X,09M56,한국투자JPMorgan글로벌하이일드증권모투자신탁(USD)(채권-재간접형)
2287,09M56,한국투자JPMorgan글로벌하이일드증권모투자신탁(USD)(채권-재간접형),,,09M71,,09M81,한국투자JPMorgan글로벌하이일드증권자투자신탁H(채권-재간접형)(C-Pe),09M56,09M71,09M81,X,X,X,09M56,한국투자JPMorgan글로벌하이일드증권모투자신탁(USD)(채권-재간접형)
2288,09M56,한국투자JPMorgan글로벌하이일드증권모투자신탁(USD)(채권-재간접형),,,09M71,,09M82,한국투자JPMorgan글로벌하이일드증권자투자신탁H(채권-재간접형)(C-R),09M56,09M71,09M82,X,X,X,09M56,한국투자JPMorgan글로벌하이일드증권모투자신탁(USD)(채권-재간접형)
2289,09M56,한국투자JPMorgan글로벌하이일드증권모투자신탁(USD)(채권-재간접형),,,09M71,,09M83,한국투자JPMorgan글로벌하이일드증권자투자신탁H(채권-재간접형)(C-Re),09M56,09M71,09M83,X,X,X,09M56,한국투자JPMorgan글로벌하이일드증권모투자신탁(USD)(채권-재간접형)
2290,09M56,한국투자JPMorgan글로벌하이일드증권모투자신탁(USD)(채권-재간접형),,,09M71,,09M84,한국투자JPMorgan글로벌하이일드증권자투자신탁H(채권-재간접형)(C-W),09M56,09M71,09M84,X,X,X,09M56,한국투자JPMorgan글로벌하이일드증권모투자신탁(USD)(채권-재간접형)
2291,09M56,한국투자JPMorgan글로벌하이일드증권모투자신탁(USD)(채권-재간접형),,,09M85,한국투자JPMorgan글로벌하이일드증권자투자신탁UH(채권-재간접형)(모),09M86,한국투자JPMorgan글로벌하이일드증권자투자신탁UH(채권-재간접형)(A),09M56,09M85,09M86,X,X,X,09M56,한국투자JPMorgan글로벌하이일드증권모투자신탁(USD)(채권-재간접형)
2292,09M56,한국투자JPMorgan글로벌하이일드증권모투자신탁(USD)(채권-재간접형),,,09M85,,09M87,한국투자JPMorgan글로벌하이일드증권자투자신탁UH(채권-재간접형)(A1),09M56,09M85,09M87,X,X,X,09M56,한국투자JPMorgan글로벌하이일드증권모투자신탁(USD)(채권-재간접형)
2293,09M56,한국투자JPMorgan글로벌하이일드증권모투자신탁(USD)(채권-재간접형),,,09M85,,09M88,한국투자JPMorgan글로벌하이일드증권자투자신탁UH(채권-재간접형)(A-e),09M56,09M85,09M88,X,X,X,09M56,한국투자JPMorgan글로벌하이일드증권모투자신탁(USD)(채권-재간접형)
2294,09M56,한국투자JPMorgan글로벌하이일드증권모투자신탁(USD)(채권-재간접형),,,09M85,,09M89,한국투자JPMorgan글로벌하이일드증권자투자신탁UH(채권-재간접형)(A-G),09M56,09M85,09M89,X,X,X,09M56,한국투자JPMorgan글로벌하이일드증권모투자신탁(USD)(채권-재간접형)
2295,09M56,한국투자JPMorgan글로벌하이일드증권모투자신탁(USD)(채권-재간접형),,,09M85,,09M90,한국투자JPMorgan글로벌하이일드증권자투자신탁UH(채권-재간접형)(C),09M56,09M85,09M90,X,X,X,09M56,한국투자JPMorgan글로벌하이일드증권모투자신탁(USD)(채권-재간접형)
2296,09M56,한국투자JPMorgan글로벌하이일드증권모투자신탁(USD)(채권-재간접형),,,09M85,,09M91,한국투자JPMorgan글로벌하이일드증권자투자신탁UH(채권-재간접형)(C-e),09M56,09M85,09M91,X,X,X,09M56,한국투자JPMorgan글로벌하이일드증권모투자신탁(USD)(채권-재간접형)
2297,09M56,한국투자JPMorgan글로벌하이일드증권모투자신탁(USD)(채권-재간접형),,,09M85,,09M92,한국투자JPMorgan글로벌하이일드증권자투자신탁UH(채권-재간접형)(C-F),09M56,09M85,09M92,X,X,X,09M56,한국투자JPMorgan글로벌하이일드증권모투자신탁(USD)(채권-재간접형)
2298,09M56,한국투자JPMorgan글로벌하이일드증권모투자신탁(USD)(채권-재간접형),,,09M85,,09M93,한국투자JPMorgan글로벌하이일드증권자투자신탁UH(채권-재간접형)(C-G),09M56,09M85,09M93,X,X,X,09M56,한국투자JPMorgan글로벌하이일드증권모투자신탁(USD)(채권-재간접형)
2299,09M56,한국투자JPMorgan글로벌하이일드증권모투자신탁(USD)(채권-재간접형),,,09M85,,09M94,한국투자JPMorgan글로벌하이일드증권자투자신탁UH(채권-재간접형)(C-P),09M56,09M85,09M94,X,X,X,09M56,한국투자JPMorgan글로벌하이일드증권모투자신탁(USD)(채권-재간접형)
2300,09M56,한국투자JPMorgan글로벌하이일드증권모투자신탁(USD)(채권-재간접형),,,09M85,,09M95,한국투자JPMorgan글로벌하이일드증권자투자신탁UH(채권-재간접형)(C-Pe),09M56,09M85,09M95,X,X,X,09M56,한국투자JPMorgan글로벌하이일드증권모투자신탁(USD)(채권-재간접형)
2301,09M56,한국투자JPMorgan글로벌하이일드증권모투자신탁(USD)(채권-재간접형),,,09M85,,09M96,한국투자JPMorgan글로벌하이일드증권자투자신탁UH(채권-재간접형)(C-R),09M56,09M85,09M96,X,X,X,09M56,한국투자JPMorgan글로벌하이일드증권모투자신탁(USD)(채권-재간접형)
2302,09M56,한국투자JPMorgan글로벌하이일드증권모투자신탁(USD)(채권-재간접형),,,09M85,,09M97,한국투자JPMorgan글로벌하이일드증권자투자신탁UH(채권-재간접형)(C-Re),09M56,09M85,09M97,X,X,X,09M56,한국투자JPMorgan글로벌하이일드증권모투자신탁(USD)(채권-재간접형)
2303,09M56,한국투자JPMorgan글로벌하이일드증권모투자신탁(USD)(채권-재간접형),,,09M85,,09M98,한국투자JPMorgan글로벌하이일드증권자투자신탁UH(채권-재간접형)(C-W),09M56,09M85,09M98,X,X,X,09M56,한국투자JPMorgan글로벌하이일드증권모투자신탁(USD)(채권-재간접형)
2304,09M56,한국투자JPMorgan글로벌하이일드증권모투자신탁(USD)(채권-재간접형),,,09M99,한국투자JPMorgan글로벌하이일드월배당증권자투자신탁(USD)(채권-재간접형)(모),09N01,한국투자JPMorgan글로벌하이일드월배당증권자투자신탁(USD)(채권-재간접형)(A),09M56,09M99,09N01,X,X,X,09M56,한국투자JPMorgan글로벌하이일드증권모투자신탁(USD)(채권-재간접형)
2305,09M56,한국투자JPMorgan글로벌하이일드증권모투자신탁(USD)(채권-재간접형),,,09M99,,09N02,한국투자JPMorgan글로벌하이일드월배당증권자투자신탁(USD)(채권-재간접형)(A1),09M56,09M99,09N02,X,X,X,09M56,한국투자JPMorgan글로벌하이일드증권모투자신탁(USD)(채권-재간접형)
2306,09M56,한국투자JPMorgan글로벌하이일드증권모투자신탁(USD)(채권-재간접형),,,09M99,,09N03,한국투자JPMorgan글로벌하이일드월배당증권자투자신탁(USD)(채권-재간접형)(A-e),09M56,09M99,09N03,X,X,X,09M56,한국투자JPMorgan글로벌하이일드증권모투자신탁(USD)(채권-재간접형)
2307,09M56,한국투자JPMorgan글로벌하이일드증권모투자신탁(USD)(채권-재간접형),,,09M99,,09N04,한국투자JPMorgan글로벌하이일드월배당증권자투자신탁(USD)(채권-재간접형)(A-G),09M56,09M99,09N04,X,X,X,09M56,한국투자JPMorgan글로벌하이일드증권모투자신탁(USD)(채권-재간접형)
2308,09M56,한국투자JPMorgan글로벌하이일드증권모투자신탁(USD)(채권-재간접형),,,09M99,,09N05,한국투자JPMorgan글로벌하이일드월배당증권자투자신탁(USD)(채권-재간접형)(C),09M56,09M99,09N05,X,X,X,09M56,한국투자JPMorgan글로벌하이일드증권모투자신탁(USD)(채권-재간접형)
2309,09M56,한국투자JPMorgan글로벌하이일드증권모투자신탁(USD)(채권-재간접형),,,09M99,,09N06,한국투자JPMorgan글로벌하이일드월배당증권자투자신탁(USD)(채권-재간접형)(C-e),09M56,09M99,09N06,X,X,X,09M56,한국투자JPMorgan글로벌하이일드증권모투자신탁(USD)(채권-재간접형)
2310,09M56,한국투자JPMorgan글로벌하이일드증권모투자신탁(USD)(채권-재간접형),,,09M99,,09N07,한국투자JPMorgan글로벌하이일드월배당증권자투자신탁(USD)(채권-재간접형)(C-F),09M56,09M99,09N07,X,X,X,09M56,한국투자JPMorgan글로벌하이일드증권모투자신탁(USD)(채권-재간접형)
2311,09M56,한국투자JPMorgan글로벌하이일드증권모투자신탁(USD)(채권-재간접형),,,09M99,,09N08,한국투자JPMorgan글로벌하이일드월배당증권자투자신탁(USD)(채권-재간접형)(C-G),09M56,09M99,09N08,X,X,X,09M56,한국투자JPMorgan글로벌하이일드증권모투자신탁(USD)(채권-재간접형)
2312,09M56,한국투자JPMorgan글로벌하이일드증권모투자신탁(USD)(채권-재간접형),,,09M99,,09N09,한국투자JPMorgan글로벌하이일드월배당증권자투자신탁(USD)(채권-재간접형)(C-P),09M56,09M99,09N09,X,X,X,09M56,한국투자JPMorgan글로벌하이일드증권모투자신탁(USD)(채권-재간접형)
2313,09M56,한국투자JPMorgan글로벌하이일드증권모투자신탁(USD)(채권-재간접형),,,09M99,,09N10,한국투자JPMorgan글로벌하이일드월배당증권자투자신탁(USD)(채권-재간접형)(C-Pe),09M56,09M99,09N10,X,X,X,09M56,한국투자JPMorgan글로벌하이일드증권모투자신탁(USD)(채권-재간접형)
2314,09M56,한국투자JPMorgan글로벌하이일드증권모투자신탁(USD)(채권-재간접형),,,09M99,,09N11,한국투자JPMorgan글로벌하이일드월배당증권자투자신탁(USD)(채권-재간접형)(C-R),09M56,09M99,09N11,X,X,X,09M56,한국투자JPMorgan글로벌하이일드증권모투자신탁(USD)(채권-재간접형)
2315,09M56,한국투자JPMorgan글로벌하이일드증권모투자신탁(USD)(채권-재간접형),,,09M99,,09N12,한국투자JPMorgan글로벌하이일드월배당증권자투자신탁(USD)(채권-재간접형)(C-Re),09M56,09M99,09N12,X,X,X,09M56,한국투자JPMorgan글로벌하이일드증권모투자신탁(USD)(채권-재간접형)
2316,09M56,한국투자JPMorgan글로벌하이일드증권모투자신탁(USD)(채권-재간접형),,,09M99,,09N13,한국투자JPMorgan글로벌하이일드월배당증권자투자신탁(USD)(채권-재간접형)(C-W),09M56,09M99,09N13,X,X,X,09M56,한국투자JPMorgan글로벌하이일드증권모투자신탁(USD)(채권-재간접형)
2317,09M56,한국투자JPMorgan글로벌하이일드증권모투자신탁(USD)(채권-재간접형),,,09N14,한국투자JPMorgan글로벌하이일드월배당증권자투자신탁H(채권-재간접형)(모),09N15,한국투자JPMorgan글로벌하이일드월배당증권자투자신탁H(채권-재간접형)(A),09M56,09N14,09N15,X,X,X,09M56,한국투자JPMorgan글로벌하이일드증권모투자신탁(USD)(채권-재간접형)
2318,09M56,한국투자JPMorgan글로벌하이일드증권모투자신탁(USD)(채권-재간접형),,,09N14,,09N16,한국투자JPMorgan글로벌하이일드월배당증권자투자신탁H(채권-재간접형)(A1),09M56,09N14,09N16,X,X,X,09M56,한국투자JPMorgan글로벌하이일드증권모투자신탁(USD)(채권-재간접형)
2319,09M56,한국투자JPMorgan글로벌하이일드증권모투자신탁(USD)(채권-재간접형),,,09N14,,09N17,한국투자JPMorgan글로벌하이일드월배당증권자투자신탁H(채권-재간접형)(A-e),09M56,09N14,09N17,X,X,X,09M56,한국투자JPMorgan글로벌하이일드증권모투자신탁(USD)(채권-재간접형)
2320,09M56,한국투자JPMorgan글로벌하이일드증권모투자신탁(USD)(채권-재간접형),,,09N14,,09N18,한국투자JPMorgan글로벌하이일드월배당증권자투자신탁H(채권-재간접형)(A-G),09M56,09N14,09N18,X,X,X,09M56,한국투자JPMorgan글로벌하이일드증권모투자신탁(USD)(채권-재간접형)
2321,09M56,한국투자JPMorgan글로벌하이일드증권모투자신탁(USD)(채권-재간접형),,,09N14,,09N19,한국투자JPMorgan글로벌하이일드월배당증권자투자신탁H(채권-재간접형)(C),09M56,09N14,09N19,X,X,X,09M56,한국투자JPMorgan글로벌하이일드증권모투자신탁(USD)(채권-재간접형)
2322,09M56,한국투자JPMorgan글로벌하이일드증권모투자신탁(USD)(채권-재간접형),,,09N14,,09N20,한국투자JPMorgan글로벌하이일드월배당증권자투자신탁H(채권-재간접형)(C-e),09M56,09N14,09N20,X,X,X,09M56,한국투자JPMorgan글로벌하이일드증권모투자신탁(USD)(채권-재간접형)
2323,09M56,한국투자JPMorgan글로벌하이일드증권모투자신탁(USD)(채권-재간접형),,,09N14,,09N21,한국투자JPMorgan글로벌하이일드월배당증권자투자신탁H(채권-재간접형)(C-F),09M56,09N14,09N21,X,X,X,09M56,한국투자JPMorgan글로벌하이일드증권모투자신탁(USD)(채권-재간접형)
2324,09M56,한국투자JPMorgan글로벌하이일드증권모투자신탁(USD)(채권-재간접형),,,09N14,,09N22,한국투자JPMorgan글로벌하이일드월배당증권자투자신탁H(채권-재간접형)(C-G),09M56,09N14,09N22,X,X,X,09M56,한국투자JPMorgan글로벌하이일드증권모투자신탁(USD)(채권-재간접형)
2325,09M56,한국투자JPMorgan글로벌하이일드증권모투자신탁(USD)(채권-재간접형),,,09N14,,09N23,한국투자JPMorgan글로벌하이일드월배당증권자투자신탁H(채권-재간접형)(C-P),09M56,09N14,09N23,X,X,X,09M56,한국투자JPMorgan글로벌하이일드증권모투자신탁(USD)(채권-재간접형)
2326,09M56,한국투자JPMorgan글로벌하이일드증권모투자신탁(USD)(채권-재간접형),,,09N14,,09N24,한국투자JPMorgan글로벌하이일드월배당증권자투자신탁H(채권-재간접형)(C-Pe),09M56,09N14,09N24,X,X,X,09M56,한국투자JPMorgan글로벌하이일드증권모투자신탁(USD)(채권-재간접형)
2327,09M56,한국투자JPMorgan글로벌하이일드증권모투자신탁(USD)(채권-재간접형),,,09N14,,09N25,한국투자JPMorgan글로벌하이일드월배당증권자투자신탁H(채권-재간접형)(C-R),09M56,09N14,09N25,X,X,X,09M56,한국투자JPMorgan글로벌하이일드증권모투자신탁(USD)(채권-재간접형)
2328,09M56,한국투자JPMorgan글로벌하이일드증권모투자신탁(USD)(채권-재간접형),,,09N14,,09N26,한국투자JPMorgan글로벌하이일드월배당증권자투자신탁H(채권-재간접형)(C-Re),09M56,09N14,09N26,X,X,X,09M56,한국투자JPMorgan글로벌하이일드증권모투자신탁(USD)(채권-재간접형)
2329,09M56,한국투자JPMorgan글로벌하이일드증권모투자신탁(USD)(채권-재간접형),,,09N14,,09N27,한국투자JPMorgan글로벌하이일드월배당증권자투자신탁H(채권-재간접형)(C-W),09M56,09N14,09N27,X,X,X,09M56,한국투자JPMorgan글로벌하이일드증권모투자신탁(USD)(채권-재간접형)
2330,09N74,한국투자JP모간미국테크증권모투자신탁(USD)(주식-재간접형),공통,0,09N75,한국투자JP모간미국테크증권자투자신탁H(주식-재간접형)(모),09N76,한국투자JP모간미국테크증권자투자신탁H(주식-재간접형)(A),09N74,09N75,09N76,X,X,X,09N74,한국투자JP모간미국테크증권모투자신탁(USD)(주식-재간접형)
2331,09N74,한국투자JP모간미국테크증권모투자신탁(USD)(주식-재간접형),,,09N75,,09N77,한국투자JP모간미국테크증권자투자신탁H(주식-재간접형)(A1),09N74,09N75,09N77,X,X,X,09N74,한국투자JP모간미국테크증권모투자신탁(USD)(주식-재간접형)
2332,09N74,한국투자JP모간미국테크증권모투자신탁(USD)(주식-재간접형),,,09N75,,09N78,한국투자JP모간미국테크증권자투자신탁H(주식-재간접형)(A-e),09N74,09N75,09N78,X,X,X,09N74,한국투자JP모간미국테크증권모투자신탁(USD)(주식-재간접형)
2333,09N74,한국투자JP모간미국테크증권모투자신탁(USD)(주식-재간접형),,,09N75,,09N79,한국투자JP모간미국테크증권자투자신탁H(주식-재간접형)(A-G),09N74,09N75,09N79,X,X,X,09N74,한국투자JP모간미국테크증권모투자신탁(USD)(주식-재간접형)
2334,09N74,한국투자JP모간미국테크증권모투자신탁(USD)(주식-재간접형),,,09N75,,09N80,한국투자JP모간미국테크증권자투자신탁H(주식-재간접형)(C),09N74,09N75,09N80,X,X,X,09N74,한국투자JP모간미국테크증권모투자신탁(USD)(주식-재간접형)
2335,09N74,한국투자JP모간미국테크증권모투자신탁(USD)(주식-재간접형),,,09N75,,09N81,한국투자JP모간미국테크증권자투자신탁H(주식-재간접형)(C-e),09N74,09N75,09N81,X,X,X,09N74,한국투자JP모간미국테크증권모투자신탁(USD)(주식-재간접형)
2336,09N74,한국투자JP모간미국테크증권모투자신탁(USD)(주식-재간접형),,,09N75,,09N82,한국투자JP모간미국테크증권자투자신탁H(주식-재간접형)(C-F),09N74,09N75,09N82,X,X,X,09N74,한국투자JP모간미국테크증권모투자신탁(USD)(주식-재간접형)
2337,09N74,한국투자JP모간미국테크증권모투자신탁(USD)(주식-재간접형),,,09N75,,09N83,한국투자JP모간미국테크증권자투자신탁H(주식-재간접형)(C-G),09N74,09N75,09N83,X,X,X,09N74,한국투자JP모간미국테크증권모투자신탁(USD)(주식-재간접형)
2338,09N74,한국투자JP모간미국테크증권모투자신탁(USD)(주식-재간접형),,,09N75,,09N84,한국투자JP모간미국테크증권자투자신탁H(주식-재간접형)(C-P),09N74,09N75,09N84,X,X,X,09N74,한국투자JP모간미국테크증권모투자신탁(USD)(주식-재간접형)
2339,09N74,한국투자JP모간미국테크증권모투자신탁(USD)(주식-재간접형),,,09N75,,09N85,한국투자JP모간미국테크증권자투자신탁H(주식-재간접형)(C-Pe),09N74,09N75,09N85,X,X,X,09N74,한국투자JP모간미국테크증권모투자신탁(USD)(주식-재간접형)
2340,09N74,한국투자JP모간미국테크증권모투자신탁(USD)(주식-재간접형),,,09N75,,09N86,한국투자JP모간미국테크증권자투자신탁H(주식-재간접형)(C-R),09N74,09N75,09N86,X,X,X,09N74,한국투자JP모간미국테크증권모투자신탁(USD)(주식-재간접형)
2341,09N74,한국투자JP모간미국테크증권모투자신탁(USD)(주식-재간접형),,,09N75,,09N87,한국투자JP모간미국테크증권자투자신탁H(주식-재간접형)(C-Re),09N74,09N75,09N87,X,X,X,09N74,한국투자JP모간미국테크증권모투자신탁(USD)(주식-재간접형)
2342,09N74,한국투자JP모간미국테크증권모투자신탁(USD)(주식-재간접형),,,09N75,,09N88,한국투자JP모간미국테크증권자투자신탁H(주식-재간접형)(C-W),09N74,09N75,09N88,X,X,X,09N74,한국투자JP모간미국테크증권모투자신탁(USD)(주식-재간접형)
2343,09N74,한국투자JP모간미국테크증권모투자신탁(USD)(주식-재간접형),,,09N89,한국투자JP모간미국테크증권자투자신탁UH(주식-재간접형)(모),09N90,한국투자JP모간미국테크증권자투자신탁UH(주식-재간접형)(A),09N74,09N89,09N90,X,X,X,09N74,한국투자JP모간미국테크증권모투자신탁(USD)(주식-재간접형)
2344,09N74,한국투자JP모간미국테크증권모투자신탁(USD)(주식-재간접형),,,09N89,,09N91,한국투자JP모간미국테크증권자투자신탁UH(주식-재간접형)(A1),09N74,09N89,09N91,X,X,X,09N74,한국투자JP모간미국테크증권모투자신탁(USD)(주식-재간접형)
2345,09N74,한국투자JP모간미국테크증권모투자신탁(USD)(주식-재간접형),,,09N89,,09N92,한국투자JP모간미국테크증권자투자신탁UH(주식-재간접형)(A-e),09N74,09N89,09N92,X,X,X,09N74,한국투자JP모간미국테크증권모투자신탁(USD)(주식-재간접형)
2346,09N74,한국투자JP모간미국테크증권모투자신탁(USD)(주식-재간접형),,,09N89,,09N93,한국투자JP모간미국테크증권자투자신탁UH(주식-재간접형)(A-G),09N74,09N89,09N93,X,X,X,09N74,한국투자JP모간미국테크증권모투자신탁(USD)(주식-재간접형)
2347,09N74,한국투자JP모간미국테크증권모투자신탁(USD)(주식-재간접형),,,09N89,,09N94,한국투자JP모간미국테크증권자투자신탁UH(주식-재간접형)(C),09N74,09N89,09N94,X,X,X,09N74,한국투자JP모간미국테크증권모투자신탁(USD)(주식-재간접형)
2348,09N74,한국투자JP모간미국테크증권모투자신탁(USD)(주식-재간접형),,,09N89,,09N95,한국투자JP모간미국테크증권자투자신탁UH(주식-재간접형)(C-e),09N74,09N89,09N95,X,X,X,09N74,한국투자JP모간미국테크증권모투자신탁(USD)(주식-재간접형)
2349,09N74,한국투자JP모간미국테크증권모투자신탁(USD)(주식-재간접형),,,09N89,,09N96,한국투자JP모간미국테크증권자투자신탁UH(주식-재간접형)(C-F),09N74,09N89,09N96,X,X,X,09N74,한국투자JP모간미국테크증권모투자신탁(USD)(주식-재간접형)
2350,09N74,한국투자JP모간미국테크증권모투자신탁(USD)(주식-재간접형),,,09N89,,09N97,한국투자JP모간미국테크증권자투자신탁UH(주식-재간접형)(C-G),09N74,09N89,09N97,X,X,X,09N74,한국투자JP모간미국테크증권모투자신탁(USD)(주식-재간접형)
2351,09N74,한국투자JP모간미국테크증권모투자신탁(USD)(주식-재간접형),,,09N89,,09N98,한국투자JP모간미국테크증권자투자신탁UH(주식-재간접형)(C-P),09N74,09N89,09N98,X,X,X,09N74,한국투자JP모간미국테크증권모투자신탁(USD)(주식-재간접형)
2352,09N74,한국투자JP모간미국테크증권모투자신탁(USD)(주식-재간접형),,,09N89,,09N99,한국투자JP모간미국테크증권자투자신탁UH(주식-재간접형)(C-Pe),09N74,09N89,09N99,X,X,X,09N74,한국투자JP모간미국테크증권모투자신탁(USD)(주식-재간접형)
2353,09N74,한국투자JP모간미국테크증권모투자신탁(USD)(주식-재간접형),,,09N89,,09P01,한국투자JP모간미국테크증권자투자신탁UH(주식-재간접형)(C-R),09N74,09N89,09P01,X,X,X,09N74,한국투자JP모간미국테크증권모투자신탁(USD)(주식-재간접형)
2354,09N74,한국투자JP모간미국테크증권모투자신탁(USD)(주식-재간접형),,,09N89,,09P02,한국투자JP모간미국테크증권자투자신탁UH(주식-재간접형)(C-Re),09N74,09N89,09P02,X,X,X,09N74,한국투자JP모간미국테크증권모투자신탁(USD)(주식-재간접형)
2355,09N74,한국투자JP모간미국테크증권모투자신탁(USD)(주식-재간접형),,,09N89,,09P03,한국투자JP모간미국테크증권자투자신탁UH(주식-재간접형)(C-W),09N74,09N89,09P03,X,X,X,09N74,한국투자JP모간미국테크증권모투자신탁(USD)(주식-재간접형)
2356,09N74,한국투자JP모간미국테크증권모투자신탁(USD)(주식-재간접형),,,09P04,한국투자JP모간미국테크증권자투자신탁(USD)(주식-재간접형)(모),09P05,한국투자JP모간미국테크증권자투자신탁(USD)(주식-재간접형)(A),09N74,09P04,09P05,X,X,X,09N74,한국투자JP모간미국테크증권모투자신탁(USD)(주식-재간접형)
2357,09N74,한국투자JP모간미국테크증권모투자신탁(USD)(주식-재간접형),,,09P04,,09P06,한국투자JP모간미국테크증권자투자신탁(USD)(주식-재간접형)(A1),09N74,09P04,09P06,X,X,X,09N74,한국투자JP모간미국테크증권모투자신탁(USD)(주식-재간접형)
2358,09N74,한국투자JP모간미국테크증권모투자신탁(USD)(주식-재간접형),,,09P04,,09P07,한국투자JP모간미국테크증권자투자신탁(USD)(주식-재간접형)(A-e),09N74,09P04,09P07,X,X,X,09N74,한국투자JP모간미국테크증권모투자신탁(USD)(주식-재간접형)
2359,09N74,한국투자JP모간미국테크증권모투자신탁(USD)(주식-재간접형),,,09P04,,09P08,한국투자JP모간미국테크증권자투자신탁(USD)(주식-재간접형)(A-G),09N74,09P04,09P08,X,X,X,09N74,한국투자JP모간미국테크증권모투자신탁(USD)(주식-재간접형)
2360,09N74,한국투자JP모간미국테크증권모투자신탁(USD)(주식-재간접형),,,09P04,,09P09,한국투자JP모간미국테크증권자투자신탁(USD)(주식-재간접형)(C),09N74,09P04,09P09,X,X,X,09N74,한국투자JP모간미국테크증권모투자신탁(USD)(주식-재간접형)
2361,09N74,한국투자JP모간미국테크증권모투자신탁(USD)(주식-재간접형),,,09P04,,09P10,한국투자JP모간미국테크증권자투자신탁(USD)(주식-재간접형)(C-e),09N74,09P04,09P10,X,X,X,09N74,한국투자JP모간미국테크증권모투자신탁(USD)(주식-재간접형)
2362,09N74,한국투자JP모간미국테크증권모투자신탁(USD)(주식-재간접형),,,09P04,,09P11,한국투자JP모간미국테크증권자투자신탁(USD)(주식-재간접형)(C-F),09N74,09P04,09P11,X,X,X,09N74,한국투자JP모간미국테크증권모투자신탁(USD)(주식-재간접형)
2363,09N74,한국투자JP모간미국테크증권모투자신탁(USD)(주식-재간접형),,,09P04,,09P12,한국투자JP모간미국테크증권자투자신탁(USD)(주식-재간접형)(C-G),09N74,09P04,09P12,X,X,X,09N74,한국투자JP모간미국테크증권모투자신탁(USD)(주식-재간접형)
2364,09N74,한국투자JP모간미국테크증권모투자신탁(USD)(주식-재간접형),,,09P04,,09P13,한국투자JP모간미국테크증권자투자신탁(USD)(주식-재간접형)(C-P),09N74,09P04,09P13,X,X,X,09N74,한국투자JP모간미국테크증권모투자신탁(USD)(주식-재간접형)
2365,09N74,한국투자JP모간미국테크증권모투자신탁(USD)(주식-재간접형),,,09P04,,09P14,한국투자JP모간미국테크증권자투자신탁(USD)(주식-재간접형)(C-Pe),09N74,09P04,09P14,X,X,X,09N74,한국투자JP모간미국테크증권모투자신탁(USD)(주식-재간접형)
2366,09N74,한국투자JP모간미국테크증권모투자신탁(USD)(주식-재간접형),,,09P04,,09P15,한국투자JP모간미국테크증권자투자신탁(USD)(주식-재간접형)(C-R),09N74,09P04,09P15,X,X,X,09N74,한국투자JP모간미국테크증권모투자신탁(USD)(주식-재간접형)
2367,09N74,한국투자JP모간미국테크증권모투자신탁(USD)(주식-재간접형),,,09P04,,09P16,한국투자JP모간미국테크증권자투자신탁(USD)(주식-재간접형)(C-Re),09N74,09P04,09P16,X,X,X,09N74,한국투자JP모간미국테크증권모투자신탁(USD)(주식-재간접형)
2368,09N74,한국투자JP모간미국테크증권모투자신탁(USD)(주식-재간접형),,,09P04,,09P17,한국투자JP모간미국테크증권자투자신탁(USD)(주식-재간접형)(C-W),09N74,09P04,09P17,X,X,X,09N74,한국투자JP모간미국테크증권모투자신탁(USD)(주식-재간접형)
2369,50A46,한국투자WTI원유특별자산모투자신탁(원유-파생형),공통,100,50A48,한국투자WTI원유특별자산자투자신탁1호(원유-파생형)(모),50A38,한국투자WTI원유특별자산자투자신탁1호(원유-파생형)(A),50A46,50A48,50A38,X,X,X,50A46,한국투자WTI원유특별자산모투자신탁(원유-파생형)
2370,50A46,한국투자WTI원유특별자산모투자신탁(원유-파생형),,,50A48,,50A39,한국투자WTI원유특별자산자투자신탁1호(원유-파생형)(A-e),50A46,50A48,50A39,X,X,X,50A46,한국투자WTI원유특별자산모투자신탁(원유-파생형)
2371,50A46,한국투자WTI원유특별자산모투자신탁(원유-파생형),,,50A48,,50A40,한국투자WTI원유특별자산자투자신탁1호(원유-파생형)(C),50A46,50A48,50A40,X,X,X,50A46,한국투자WTI원유특별자산모투자신탁(원유-파생형)
2372,50A46,한국투자WTI원유특별자산모투자신탁(원유-파생형),,,50A48,,50A41,한국투자WTI원유특별자산자투자신탁1호(원유-파생형)(C-e),50A46,50A48,50A41,X,X,X,50A46,한국투자WTI원유특별자산모투자신탁(원유-파생형)
2373,50A46,한국투자WTI원유특별자산모투자신탁(원유-파생형),,,50A50,한국투자WTI원유특별자산자투자신탁2호(원유-파생형)(모),50A42,한국투자WTI원유특별자산자투자신탁2호(원유-파생형)(A),50A46,50A50,50A42,X,X,X,50A46,한국투자WTI원유특별자산모투자신탁(원유-파생형)
2374,50A46,한국투자WTI원유특별자산모투자신탁(원유-파생형),,,50A50,,50A43,한국투자WTI원유특별자산자투자신탁2호(원유-파생형)(A-e),50A46,50A50,50A43,X,X,X,50A46,한국투자WTI원유특별자산모투자신탁(원유-파생형)
2375,50A46,한국투자WTI원유특별자산모투자신탁(원유-파생형),,,50A50,,50A44,한국투자WTI원유특별자산자투자신탁2호(원유-파생형)(C),50A46,50A50,50A44,X,X,X,50A46,한국투자WTI원유특별자산모투자신탁(원유-파생형)
2376,50A46,한국투자WTI원유특별자산모투자신탁(원유-파생형),,,50A50,,50A45,한국투자WTI원유특별자산자투자신탁2호(원유-파생형)(C-e),50A46,50A50,50A45,X,X,X,50A46,한국투자WTI원유특별자산모투자신탁(원유-파생형)
2377,60A09,한국투자골드특별자산모투자신탁(금-파생형),공통,100,60A18,한국투자골드특별자산자투자신탁UH(금-파생형)(모),60A14,한국투자골드특별자산자투자신탁UH(금-파생형)(A),60A09,60A18,60A14,X,X,X,60A09,한국투자골드특별자산모투자신탁(금-파생형)
2378,60A09,한국투자골드특별자산모투자신탁(금-파생형),,,60A18,,60A15,한국투자골드특별자산자투자신탁UH(금-파생형)(A-e),60A09,60A18,60A15,X,X,X,60A09,한국투자골드특별자산모투자신탁(금-파생형)
2379,60A09,한국투자골드특별자산모투자신탁(금-파생형),,,60A18,,60A16,한국투자골드특별자산자투자신탁UH(금-파생형)(C),60A09,60A18,60A16,X,X,X,60A09,한국투자골드특별자산모투자신탁(금-파생형)
2380,60A09,한국투자골드특별자산모투자신탁(금-파생형),,,60A18,,60A17,한국투자골드특별자산자투자신탁UH(금-파생형)(C-e),60A09,60A18,60A17,X,X,X,60A09,한국투자골드특별자산모투자신탁(금-파생형)
2381,60A09,한국투자골드특별자산모투자신탁(금-파생형),,,60A20,한국투자골드특별자산자투자신탁H(금-파생형)(모),60A10,한국투자골드특별자산자투자신탁H(금-파생형)(A),60A09,60A20,60A10,X,X,X,60A09,한국투자골드특별자산모투자신탁(금-파생형)
2382,60A09,한국투자골드특별자산모투자신탁(금-파생형),,,60A20,,60A11,한국투자골드특별자산자투자신탁H(금-파생형)(A-e),60A09,60A20,60A11,X,X,X,60A09,한국투자골드특별자산모투자신탁(금-파생형)
2383,60A09,한국투자골드특별자산모투자신탁(금-파생형),,,60A20,,60A12,한국투자골드특별자산자투자신탁H(금-파생형)(C),60A09,60A20,60A12,X,X,X,60A09,한국투자골드특별자산모투자신탁(금-파생형)
2384,60A09,한국투자골드특별자산모투자신탁(금-파생형),,,60A20,,60A13,한국투자골드특별자산자투자신탁H(금-파생형)(C-e),60A09,60A20,60A13,X,X,X,60A09,한국투자골드특별자산모투자신탁(금-파생형)
2385,60A26,한국투자농산물특별자산모투자신탁(농산물-파생재간접형),공통,100,60A22,한국투자농산물특별자산자투자신탁H(농산물-파생재간접형)(모),60018,한국투자농산물특별자산자투자신탁H(농산물-파생재간접형)(A),60A26,60A22,60018,X,X,X,60A26,한국투자농산물특별자산모투자신탁(농산물-파생재간접형)
2386,60A26,한국투자농산물특별자산모투자신탁(농산물-파생재간접형),,,60A22,,60019,한국투자농산물특별자산자투자신탁H(농산물-파생재간접형)(A-e),60A26,60A22,60019,X,X,X,60A26,한국투자농산물특별자산모투자신탁(농산물-파생재간접형)
2387,60A26,한국투자농산물특별자산모투자신탁(농산물-파생재간접형),,,60A22,,60020,한국투자농산물특별자산자투자신탁H(농산물-파생재간접형)(C),60A26,60A22,60020,X,X,X,60A26,한국투자농산물특별자산모투자신탁(농산물-파생재간접형)
2388,60A26,한국투자농산물특별자산모투자신탁(농산물-파생재간접형),,,60A22,,60021,한국투자농산물특별자산자투자신탁H(농산물-파생재간접형)(C-e),60A26,60A22,60021,X,X,X,60A26,한국투자농산물특별자산모투자신탁(농산물-파생재간접형)
2389,60A26,한국투자농산물특별자산모투자신탁(농산물-파생재간접형),,,60A24,한국투자농산물특별자산자투자신탁UH(농산물-파생재간접형)(모),60022,한국투자농산물특별자산자투자신탁UH(농산물-파생재간접형)(A),60A26,60A24,60022,X,X,X,60A26,한국투자농산물특별자산모투자신탁(농산물-파생재간접형)
2390,60A26,한국투자농산물특별자산모투자신탁(농산물-파생재간접형),,,60A24,,60023,한국투자농산물특별자산자투자신탁UH(농산물-파생재간접형)(A-e),60A26,60A24,60023,X,X,X,60A26,한국투자농산물특별자산모투자신탁(농산물-파생재간접형)
2391,60A26,한국투자농산물특별자산모투자신탁(농산물-파생재간접형),,,60A24,,60024,한국투자농산물특별자산자투자신탁UH(농산물-파생재간접형)(C),60A26,60A24,60024,X,X,X,60A26,한국투자농산물특별자산모투자신탁(농산물-파생재간접형)
2392,60A26,한국투자농산물특별자산모투자신탁(농산물-파생재간접형),,,60A24,,60025,한국투자농산물특별자산자투자신탁UH(농산물-파생재간접형)(C-e),60A26,60A24,60025,X,X,X,60A26,한국투자농산물특별자산모투자신탁(농산물-파생재간접형)
2393,60A30,한국투자셀렉트중국본토ETF증권모투자신탁(주식-재간접형),공통,100,03W69,한국투자연금셀렉트중국본토ETF증권전환형자투자신탁(주식-재간접형)(모),09D68,한국투자연금셀렉트중국본토ETF증권전환형자투자신탁(주식-재간접형)(S-P),60A30,03W69,09D68,X,X,X,60A30,한국투자셀렉트중국본토ETF증권모투자신탁(주식-재간접형)
2394,60A30,한국투자셀렉트중국본토ETF증권모투자신탁(주식-재간접형),,,03W69,,09D78,한국투자연금셀렉트중국본토ETF증권전환형자투자신탁(주식-재간접형)(C-e),60A30,03W69,09D78,X,X,X,60A30,한국투자셀렉트중국본토ETF증권모투자신탁(주식-재간접형)
2395,60A30,한국투자셀렉트중국본토ETF증권모투자신탁(주식-재간접형),,,03W69,,70063,한국투자연금셀렉트중국본토ETF증권전환형자투자신탁(주식-재간접형)(C),60A30,03W69,70063,X,X,X,60A30,한국투자셀렉트중국본토ETF증권모투자신탁(주식-재간접형)
2396,60A30,한국투자셀렉트중국본토ETF증권모투자신탁(주식-재간접형),,,60A28,한국투자셀렉트중국본토ETF증권자투자신탁H(주식-재간접형)(모),09D70,한국투자셀렉트중국본토ETF증권자투자신탁H(주식-재간접형)(S),60A30,60A28,09D70,X,X,X,60A30,한국투자셀렉트중국본토ETF증권모투자신탁(주식-재간접형)
2397,60A30,한국투자셀렉트중국본토ETF증권모투자신탁(주식-재간접형),,,60A28,,60A27,한국투자셀렉트중국본토ETF증권자투자신탁H(주식-재간접형)(A),60A30,60A28,60A27,X,X,X,60A30,한국투자셀렉트중국본토ETF증권모투자신탁(주식-재간접형)
2398,60A30,한국투자셀렉트중국본토ETF증권모투자신탁(주식-재간접형),,,60A28,,60A34,한국투자셀렉트중국본토ETF증권자투자신탁H(주식-재간접형)(C),60A30,60A28,60A34,X,X,X,60A30,한국투자셀렉트중국본토ETF증권모투자신탁(주식-재간접형)
2399,60A30,한국투자셀렉트중국본토ETF증권모투자신탁(주식-재간접형),,,60A28,,60A35,한국투자셀렉트중국본토ETF증권자투자신탁H(주식-재간접형)(C-e),60A30,60A28,60A35,X,X,X,60A30,한국투자셀렉트중국본토ETF증권모투자신탁(주식-재간접형)
2400,60A30,한국투자셀렉트중국본토ETF증권모투자신탁(주식-재간접형),,,60A28,,60A37,한국투자셀렉트중국본토ETF증권자투자신탁H(주식-재간접형)(A-e),60A30,60A28,60A37,X,X,X,60A30,한국투자셀렉트중국본토ETF증권모투자신탁(주식-재간접형)
2401,60A30,한국투자셀렉트중국본토ETF증권모투자신탁(주식-재간접형),,,60A28,,60A39,한국투자셀렉트중국본토ETF증권자투자신탁H(주식-재간접형)(C2),60A30,60A28,60A39,X,X,X,60A30,한국투자셀렉트중국본토ETF증권모투자신탁(주식-재간접형)
2402,60A30,한국투자셀렉트중국본토ETF증권모투자신탁(주식-재간접형),,,60A28,,60A40,한국투자셀렉트중국본토ETF증권자투자신탁H(주식-재간접형)(C3),60A30,60A28,60A40,X,X,X,60A30,한국투자셀렉트중국본토ETF증권모투자신탁(주식-재간접형)
2403,60A30,한국투자셀렉트중국본토ETF증권모투자신탁(주식-재간접형),,,60A28,,60A41,한국투자셀렉트중국본토ETF증권자투자신탁H(주식-재간접형)(C4),60A30,60A28,60A41,X,X,X,60A30,한국투자셀렉트중국본토ETF증권모투자신탁(주식-재간접형)
2404,60A30,한국투자셀렉트중국본토ETF증권모투자신탁(주식-재간접형),,,60A32,한국투자셀렉트중국본토ETF증권자투자신탁UH(주식-재간접형)(모),09D72,한국투자셀렉트중국본토ETF증권자투자신탁UH(주식-재간접형)(S),60A30,60A32,09D72,X,X,X,60A30,한국투자셀렉트중국본토ETF증권모투자신탁(주식-재간접형)
2405,60A30,한국투자셀렉트중국본토ETF증권모투자신탁(주식-재간접형),,,60A32,,60A31,한국투자셀렉트중국본토ETF증권자투자신탁UH(주식-재간접형)(A),60A30,60A32,60A31,X,X,X,60A30,한국투자셀렉트중국본토ETF증권모투자신탁(주식-재간접형)
2406,60A30,한국투자셀렉트중국본토ETF증권모투자신탁(주식-재간접형),,,60A32,,60A36,한국투자셀렉트중국본토ETF증권자투자신탁UH(주식-재간접형)(C-e),60A30,60A32,60A36,X,X,X,60A30,한국투자셀렉트중국본토ETF증권모투자신탁(주식-재간접형)
2407,60A30,한국투자셀렉트중국본토ETF증권모투자신탁(주식-재간접형),,,60A32,,60A38,한국투자셀렉트중국본토ETF증권자투자신탁UH(주식-재간접형)(A-e),60A30,60A32,60A38,X,X,X,60A30,한국투자셀렉트중국본토ETF증권모투자신탁(주식-재간접형)
2408,,,,0,01179,한국투자신종법인용MMF3호(국공채)(모),05P48,한국투자신종법인용MMF3호(국공채)(C),01179,01179,05P48,X,X,X,01179,한국투자신종법인용MMF3호(국공채)(모)
2409,,,,,01179,,05Q80,한국투자신종법인용MMF3호(국공채)(C-R),01179,01179,05Q80,X,X,X,01179,
2410,,,,,01179,,05Q81,한국투자신종법인용MMF3호(국공채)(C-Re),01179,01179,05Q81,X,X,X,01179,
2411,,,,,01179,,05V17,한국투자신종법인용MMF3호(국공채)(C-I),01179,01179,05V17,X,X,X,01179,
2412,,,,,01Z18,한국투자신종법인용MMF1호(모),01191,한국투자신종법인용MMF1호(C),01Z18,01Z18,01191,X,X,X,01Z18,한국투자신종법인용MMF1호(모)
2413,,,,,01Z18,,01Z19,한국투자신종법인용MMF1호(C-RJ),01Z18,01Z18,01Z19,X,X,X,01Z18,
2414,,,,,01Z18,,01Z25,한국투자신종법인용MMF1호(C-J),01Z18,01Z18,01Z25,X,X,X,01Z18,
2415,,,,,01Z18,,01Z26,한국투자신종법인용MMF1호(C-R),01Z18,01Z18,01Z26,X,X,X,01Z18,
2416,,,,,01Z18,,01Z32,한국투자신종법인용MMF1호(S),01Z18,01Z18,01Z32,X,X,X,01Z18,
2417,,,,,01Z18,,05M33,한국투자신종법인용MMF1호(C-Re),01Z18,01Z18,05M33,X,X,X,01Z18,
2418,,,,,01Z21,한국투자신종개인용MMF3호(모),01157,한국투자신종개인용MMF3호(C),01Z21,01Z21,01157,X,X,X,01Z21,한국투자신종개인용MMF3호(모)
2419,,,,,01Z21,,01Z22,한국투자신종개인용MMF3호(C-P),01Z21,01Z21,01Z22,X,X,X,01Z21,
2420,,,,,01Z21,,01Z30,한국투자신종개인용MMF3호(S),01Z21,01Z21,01Z30,X,X,X,01Z21,
2421,,,,,01Z21,,01Z31,한국투자신종개인용MMF3호(S-P),01Z21,01Z21,01Z31,X,X,X,01Z21,
2422,,,,,01Z21,,05K85,한국투자신종개인용MMF3호(C-Pe),01Z21,01Z21,05K85,X,X,X,01Z21,
2423,,,,,01Z21,,05V16,한국투자신종개인용MMF3호(C-e),01Z21,01Z21,05V16,X,X,X,01Z21,
2424,,,,,01Z23,한국투자신종법인용MMF15호(모),34925,한국투자신종법인용MMF15호(C),01Z23,01Z23,34925,X,X,X,01Z23,한국투자신종법인용MMF15호(모)
2425,,,,,01Z23,,97000,한국투자신종법인용MMF15호(C-M),01Z23,01Z23,97000,X,X,X,01Z23,
2426,,,,,01Z23,,97001,한국투자신종법인용MMF15호(C-J),01Z23,01Z23,97001,X,X,X,01Z23,
2427,,,,,01Z27,한국투자신종개인용MMF1호(국공채)(모),01115,한국투자신종개인용MMF1호(국공채)(C),01Z27,01Z27,01115,X,X,X,01Z27,한국투자신종개인용MMF1호(국공채)(모)
2428,,,,,01Z27,,01Z29,한국투자신종개인용MMF1호(국공채)(S),01Z27,01Z27,01Z29,X,X,X,01Z27,
2429,,,,,01Z27,,05A20,한국투자신종개인용MMF1호(국공채)(C-W),01Z27,01Z27,05A20,X,X,X,01Z27,
2430,,,,,01Z27,,05M88,한국투자신종개인용MMF1호(국공채)(C-e),01Z27,01Z27,05M88,X,X,X,01Z27,
2431,,,,,02472,한국투자마스터장기증권투자신탁1호(채권)(모),04C79,한국투자마스터장기증권투자신탁1호(채권)(C),02472,02472,04C79,X,X,X,02472,한국투자마스터장기증권투자신탁1호(채권)(모)
2432,,,,,02472,,10147,한국투자마스터장기증권투자신탁1호(채권)(C-W),02472,02472,10147,X,X,X,02472,
2433,,,,,02X61,한국투자부자아빠회사채증권투자신탁1호(채권)(모),03700,한국투자부자아빠회사채증권투자신탁1호(채권)(C),02X61,02X61,03700,X,X,X,02X61,한국투자부자아빠회사채증권투자신탁1호(채권)(모)
2434,,,,,02X61,,10131,한국투자부자아빠회사채증권투자신탁1호(채권)(A),02X61,02X61,10131,X,X,X,02X61,
2435,,,,,02X61,,10132,한국투자부자아빠회사채증권투자신탁1호(채권)(C-e),02X61,02X61,10132,X,X,X,02X61,
2436,,,,,03W02,한국투자경기민감주목표전환형증권투자신탁2호(채권)(모),03W03,한국투자경기민감주목표전환형증권투자신탁2호(채권)(A),03W02,03W02,03W03,X,X,X,03W02,한국투자경기민감주목표전환형증권투자신탁2호(채권)(모)
2437,,,,,03W17,한국투자프리스타일목표전환형증권투자신탁1호(채권)(모),03W18,한국투자프리스타일목표전환형증권투자신탁1호(채권)(A),03W17,03W17,03W18,X,X,X,03W17,한국투자프리스타일목표전환형증권투자신탁1호(채권)(모)
2438,,,,,03W17,,03W19,한국투자프리스타일목표전환형증권투자신탁1호(채권)(C),03W17,03W17,03W19,X,X,X,03W17,
2439,,,,,03W53,한국투자중소성장증권투자신탁1호(주식)(모),03W97,한국투자중소성장증권투자신탁1호(주식)(S),03W53,03W53,03W97,X,X,X,03W53,한국투자중소성장증권투자신탁1호(주식)(모)
2440,,,,,03W53,,04779,한국투자중소성장증권투자신탁1호(주식)(A),03W53,03W53,04779,X,X,X,03W53,
2441,,,,,03W53,,05M71,한국투자중소성장증권투자신탁1호(주식)(A-e),03W53,03W53,05M71,X,X,X,03W53,
2442,,,,,03W53,,05X59,한국투자중소성장증권투자신탁1호(주식)(C-F),03W53,03W53,05X59,X,X,X,03W53,
2443,,,,,03W53,,07G11,한국투자중소성장증권투자신탁1호(주식)(C),03W53,03W53,07G11,X,X,X,03W53,
2444,,,,,03W53,,07G12,한국투자중소성장증권투자신탁1호(주식)(C2),03W53,03W53,07G12,X,X,X,03W53,
2445,,,,,03W53,,07G13,한국투자중소성장증권투자신탁1호(주식)(C3),03W53,03W53,07G13,X,X,X,03W53,
2446,,,,,03W53,,07G14,한국투자중소성장증권투자신탁1호(주식)(C4),03W53,03W53,07G14,X,X,X,03W53,
2447,,,,,03W53,,07G15,한국투자중소성장증권투자신탁1호(주식)(C-e),03W53,03W53,07G15,X,X,X,03W53,
2448,,,,,03W53,,07G17,한국투자중소성장증권투자신탁1호(주식)(C-Pe),03W53,03W53,07G17,X,X,X,03W53,
2449,,,,,03W53,,07G19,한국투자중소성장증권투자신탁1호(주식)(C-Re),03W53,03W53,07G19,X,X,X,03W53,
2450,,,,,03W53,,07G20,한국투자중소성장증권투자신탁1호(주식)(C-W),03W53,03W53,07G20,X,X,X,03W53,
2451,,,,,03W57,한국투자골드플랜네비게이터연금증권전환형투자신탁1호(주식)(모),03V34,한국투자골드플랜네비게이터연금증권전환형투자신탁1호(주식)(C-e),03W57,03W57,03V34,X,X,X,03W57,한국투자골드플랜네비게이터연금증권전환형투자신탁1호(주식)(모)
2452,,,,,03W57,,03V45,한국투자골드플랜네비게이터연금증권전환형투자신탁1호(주식)(C-F),03W57,03W57,03V45,X,X,X,03W57,
2453,,,,,03W57,,03W77,한국투자골드플랜네비게이터연금증권전환형투자신탁1호(주식)(S-P),03W57,03W57,03W77,X,X,X,03W57,
2454,,,,,03W57,,40060,한국투자골드플랜네비게이터연금증권전환형투자신탁1호(주식)(C),03W57,03W57,40060,X,X,X,03W57,
2455,,,,,03W61,한국투자골드플랜연금증권전환형투자신탁1호(주식)(모),03W80,한국투자골드플랜연금증권전환형투자신탁1호(주식)(S-P),03W61,03W61,03W80,X,X,X,03W61,한국투자골드플랜연금증권전환형투자신탁1호(주식)(모)
2456,,,,,03W61,,04121,한국투자골드플랜연금증권전환형투자신탁1호(주식)(C),03W61,03W61,04121,X,X,X,03W61,
2457,,,,,03W61,,05B33,한국투자골드플랜연금증권전환형투자신탁1호(주식)(C-e),03W61,03W61,05B33,X,X,X,03W61,
2458,,,,,03W63,한국투자골드플랜연금증권전환형투자신탁1호(주식혼합)(모),04120,한국투자골드플랜연금증권전환형투자신탁1호(주식혼합)(C),03W63,03W63,04120,X,X,X,03W63,한국투자골드플랜연금증권전환형투자신탁1호(주식혼합)(모)
2459,,,,,03W63,,05B14,한국투자골드플랜연금증권전환형투자신탁1호(주식혼합)(C-e),03W63,03W63,05B14,X,X,X,03W63,
2460,,,,,03W63,,05X33,한국투자골드플랜연금증권전환형투자신탁1호(주식혼합)(S-P),03W63,03W63,05X33,X,X,X,03W63,
2461,,,,,03X09,한국투자압축포트폴리오목표전환형증권투자신탁1호(주식)(모),03X08,한국투자압축포트폴리오목표전환형증권투자신탁1호(주식)(A),03X09,03X09,03X08,X,X,X,03X09,한국투자압축포트폴리오목표전환형증권투자신탁1호(주식)(모)
2462,,,,,03X37,한국투자MKF신성장동력인덱스증권투자신탁1호(주식)(모),40145,한국투자MKF신성장동력인덱스증권투자신탁1호(주식)(A),03X37,03X37,40145,X,X,X,03X37,한국투자MKF신성장동력인덱스증권투자신탁1호(주식)(모)
2463,,,,,03X37,,40146,한국투자MKF신성장동력인덱스증권투자신탁1호(주식)(A-e),03X37,03X37,40146,X,X,X,03X37,
2464,,,,,03X37,,40147,한국투자MKF신성장동력인덱스증권투자신탁1호(주식)(C-e),03X37,03X37,40147,X,X,X,03X37,
2465,,,,,03X53,한국투자코리아핵심성장증권투자신탁(주식),03W98,한국투자코리아핵심성장증권투자신탁(주식)(S),03X53,03X53,03W98,X,X,X,03X53,한국투자코리아핵심성장증권투자신탁(주식)
2466,,,,,03X53,,03X55,한국투자코리아핵심성장증권투자신탁(주식)(C-F),03X53,03X53,03X55,X,X,X,03X53,
2467,,,,,03X53,,04X42,한국투자코리아핵심성장증권투자신탁(주식)(C-e),03X53,03X53,04X42,X,X,X,03X53,
2468,,,,,03X53,,04X55,한국투자코리아핵심성장증권투자신탁(주식)(C-W),03X53,03X53,04X55,X,X,X,03X53,
2469,,,,,03X53,,04X88,한국투자코리아핵심성장증권투자신탁1호(주식)(A-J),03X53,03X53,04X88,X,X,X,03X53,
2470,,,,,03X53,,05B94,한국투자코리아핵심성장증권투자신탁(주식)(C-W),03X53,03X53,05B94,X,X,X,03X53,
2471,,,,,03X53,,05G85,한국투자코리아핵심성장증권투자신탁(주식)(A-e),03X53,03X53,05G85,X,X,X,03X53,
2472,,,,,03X53,,05G86,한국투자코리아핵심성장증권투자신탁(주식)(C-P),03X53,03X53,05G86,X,X,X,03X53,
2473,,,,,03X53,,05G87,한국투자코리아핵심성장증권투자신탁(주식)(C-Pe),03X53,03X53,05G87,X,X,X,03X53,
2474,,,,,03X53,,05G89,한국투자코리아핵심성장증권투자신탁(주식)(S-P),03X53,03X53,05G89,X,X,X,03X53,
2475,,,,,03X53,,40001,한국투자코리아핵심성장증권투자신탁(주식)(A),03X53,03X53,40001,X,X,X,03X53,
2476,,,,,03Y06,한국투자삼성그룹적립식증권투자신탁2호(주식)(모),03W90,한국투자삼성그룹적립식증권투자신탁2호(주식)(S),03Y06,03Y06,03W90,X,X,X,03Y06,한국투자삼성그룹적립식증권투자신탁2호(주식)(모)
2477,,,,,03Y06,,03X14,한국투자삼성그룹적립식증권투자신탁2호(주식)(C-W),03Y06,03Y06,03X14,X,X,X,03Y06,
2478,,,,,03Y06,,03Y03,한국투자삼성그룹적립식증권투자신탁2호(주식)(A),03Y06,03Y06,03Y03,X,X,X,03Y06,
2479,,,,,03Y06,,03Y04,한국투자삼성그룹적립식증권투자신탁2호(주식)(C-e),03Y06,03Y06,03Y04,X,X,X,03Y06,
2480,,,,,03Y06,,03Y07,한국투자삼성그룹적립식증권투자신탁2호(주식)(C1),03Y06,03Y06,03Y07,X,X,X,03Y06,
2481,,,,,03Y06,,03Y28,한국투자삼성그룹적립식증권투자신탁2호(주식)(C-I),03Y06,03Y06,03Y28,X,X,X,03Y06,
2482,,,,,03Y06,,04X32,한국투자삼성그룹적립식증권투자신탁2호(주식)(C5),03Y06,03Y06,04X32,X,X,X,03Y06,
2483,,,,,03Y06,,05M36,한국투자삼성그룹적립식증권투자신탁2호(주식)(A-e),03Y06,03Y06,05M36,X,X,X,03Y06,
2484,,,,,03Y06,,05X42,한국투자삼성그룹적립식증권투자신탁2호(주식)(C-F),03Y06,03Y06,05X42,X,X,X,03Y06,
2485,,,,,03Y06,,40207,한국투자삼성그룹적립식증권투자신탁2호(주식)(C2),03Y06,03Y06,40207,X,X,X,03Y06,
2486,,,,,03Y06,,40208,한국투자삼성그룹적립식증권투자신탁2호(주식)(C3),03Y06,03Y06,40208,X,X,X,03Y06,
2487,,,,,03Y06,,40209,한국투자삼성그룹적립식증권투자신탁2호(주식)(C4),03Y06,03Y06,40209,X,X,X,03Y06,
2488,,,,,03Y12,한국투자골드적립식삼성그룹증권투자신탁1호(주식)(모),03V19,한국투자골드적립식삼성그룹증권투자신탁1호(주식)(C-F),03Y12,03Y12,03V19,X,X,X,03Y12,한국투자골드적립식삼성그룹증권투자신탁1호(주식)(모)
2489,,,,,03Y12,,03X70,한국투자골드적립식삼성그룹증권투자신탁1호(주식)(C2),03Y12,03Y12,03X70,X,X,X,03Y12,
2490,,,,,03Y12,,03X71,한국투자골드적립식삼성그룹증권투자신탁1호(주식)(C3),03Y12,03Y12,03X71,X,X,X,03Y12,
2491,,,,,03Y12,,03X72,한국투자골드적립식삼성그룹증권투자신탁1호(주식)(C4),03Y12,03Y12,03X72,X,X,X,03Y12,
2492,,,,,03Y12,,03X73,한국투자골드적립식삼성그룹증권투자신탁1호(주식)(C5),03Y12,03Y12,03X73,X,X,X,03Y12,
2493,,,,,03Y12,,03Y13,한국투자골드적립식삼성그룹증권투자신탁1호(주식)(A),03Y12,03Y12,03Y13,X,X,X,03Y12,
2494,,,,,03Y12,,43741,한국투자골드적립식삼성그룹증권투자신탁1호(주식)(C1),03Y12,03Y12,43741,X,X,X,03Y12,
2495,,,,,03Y15,한국투자더좋은지배구조증권투자신탁1호(주식)(모),40047,한국투자더좋은지배구조증권투자신탁1호(주식)(A),03Y15,03Y15,40047,X,X,X,03Y15,한국투자더좋은지배구조증권투자신탁1호(주식)(모)
2496,,,,,03Y15,,40048,한국투자더좋은지배구조증권투자신탁1호(주식)(C),03Y15,03Y15,40048,X,X,X,03Y15,
2497,,,,,03Y15,,40049,한국투자더좋은지배구조증권투자신탁1호(주식)(C-e),03Y15,03Y15,40049,X,X,X,03Y15,
2498,,,,,03Y61,한국투자ESG증권투자신탁1호(주식)(모),03W83,한국투자ESG증권투자신탁1호(주식)(S),03Y61,03Y61,03W83,X,X,X,03Y61,한국투자ESG증권투자신탁1호(주식)(모)
2499,,,,,03Y61,,05M59,한국투자ESG증권투자신탁1호(주식)(A-e),03Y61,03Y61,05M59,X,X,X,03Y61,
2500,,,,,03Y61,,07A94,한국투자ESG증권투자신탁1호(주식)(C-W),03Y61,03Y61,07A94,X,X,X,03Y61,
2501,,,,,03Y61,,07A96,한국투자ESG증권투자신탁1호(주식)(C-Pe),03Y61,03Y61,07A96,X,X,X,03Y61,
2502,,,,,03Y61,,07B02,한국투자ESG증권투자신탁1호(주식)(C-Re),03Y61,03Y61,07B02,X,X,X,03Y61,
2503,,,,,03Y61,,40086,한국투자ESG증권투자신탁1호(주식)(A),03Y61,03Y61,40086,X,X,X,03Y61,
2504,,,,,03Y61,,40087,한국투자ESG증권투자신탁1호(주식)(C1),03Y61,03Y61,40087,X,X,X,03Y61,
2505,,,,,03Y61,,40089,한국투자ESG증권투자신탁1호(주식)(C-F),03Y61,03Y61,40089,X,X,X,03Y61,
2506,,,,,03Y61,,40175,한국투자ESG증권투자신탁1호(주식)(C2),03Y61,03Y61,40175,X,X,X,03Y61,
2507,,,,,03Y61,,40176,한국투자ESG증권투자신탁1호(주식)(C3),03Y61,03Y61,40176,X,X,X,03Y61,
2508,,,,,03Y61,,40177,한국투자ESG증권투자신탁1호(주식)(C4),03Y61,03Y61,40177,X,X,X,03Y61,
2509,,,,,03Y61,,40178,한국투자ESG증권투자신탁1호(주식)(C5),03Y61,03Y61,40178,X,X,X,03Y61,
2510,,,,,03Y61,,4A088,한국투자ESG증권투자신탁1호(주식)(C-e),03Y61,03Y61,4A088,X,X,X,03Y61,
2511,,,,,03Y63,한국투자삼성그룹증권투자신탁1호(주식)(모),05Z13,한국투자삼성그룹증권투자신탁1호(주식)(A-e),03Y63,03Y63,05Z13,X,X,X,03Y63,한국투자삼성그룹증권투자신탁1호(주식)(모)
2512,,,,,03Y63,,40090,한국투자삼성그룹증권투자신탁1호(주식)(C-F),03Y63,03Y63,40090,X,X,X,03Y63,
2513,,,,,03Y63,,40097,한국투자삼성그룹증권투자신탁1호(주식)(C-e),03Y63,03Y63,40097,X,X,X,03Y63,
2514,,,,,03Y63,,40123,한국투자삼성그룹증권투자신탁1호(주식)(A),03Y63,03Y63,40123,X,X,X,03Y63,
2515,,,,,03Y63,,40195,한국투자삼성그룹증권투자신탁1호(주식)(C2),03Y63,03Y63,40195,X,X,X,03Y63,
2516,,,,,03Y63,,40196,한국투자삼성그룹증권투자신탁1호(주식)(C3),03Y63,03Y63,40196,X,X,X,03Y63,
2517,,,,,03Y63,,40197,한국투자삼성그룹증권투자신탁1호(주식)(C4),03Y63,03Y63,40197,X,X,X,03Y63,
2518,,,,,03Y63,,40198,한국투자삼성그룹증권투자신탁1호(주식)(C5),03Y63,03Y63,40198,X,X,X,03Y63,
2519,,,,,03Y63,,43731,한국투자삼성그룹증권투자신탁1호(주식)(C1),03Y63,03Y63,43731,X,X,X,03Y63,
2520,,,,,03Y76,한국투자셀렉트자산배분증권투자신탁1호(주식)(모),40102,한국투자셀렉트자산배분증권투자신탁1호(주식)(A),03Y76,03Y76,40102,X,X,X,03Y76,한국투자셀렉트자산배분증권투자신탁1호(주식)(모)
2521,,,,,03Y76,,40103,한국투자셀렉트자산배분증권투자신탁1호(주식)(A-e),03Y76,03Y76,40103,X,X,X,03Y76,
2522,,,,,03Y76,,40104,한국투자셀렉트자산배분증권투자신탁1호(주식)(C),03Y76,03Y76,40104,X,X,X,03Y76,
2523,,,,,03Y76,,40105,한국투자셀렉트자산배분증권투자신탁1호(주식)(C-e),03Y76,03Y76,40105,X,X,X,03Y76,
2524,,,,,03Y76,,40148,한국투자셀렉트자산배분증권투자신탁1호(주식)(C2),03Y76,03Y76,40148,X,X,X,03Y76,
2525,,,,,03Y76,,40149,한국투자셀렉트자산배분증권투자신탁1호(주식)(C3),03Y76,03Y76,40149,X,X,X,03Y76,
2526,,,,,03Y76,,40150,한국투자셀렉트자산배분증권투자신탁1호(주식)(C4),03Y76,03Y76,40150,X,X,X,03Y76,
2527,,,,,03Y78,한국투자녹색성장증권투자신탁1호(주식)(모),40106,한국투자녹색성장증권투자신탁1호(주식)(A),03Y78,03Y78,40106,X,X,X,03Y78,한국투자녹색성장증권투자신탁1호(주식)(모)
2528,,,,,03Y78,,40107,한국투자녹색성장증권투자신탁1호(주식)(A-e),03Y78,03Y78,40107,X,X,X,03Y78,
2529,,,,,03Y78,,40108,한국투자녹색성장증권투자신탁1호(주식)(C),03Y78,03Y78,40108,X,X,X,03Y78,
2530,,,,,03Y78,,40109,한국투자녹색성장증권투자신탁1호(주식)(C-e),03Y78,03Y78,40109,X,X,X,03Y78,
2531,,,,,03Y78,,40151,한국투자녹색성장증권투자신탁1호(주식)(C2),03Y78,03Y78,40151,X,X,X,03Y78,
2532,,,,,03Y78,,40152,한국투자녹색성장증권투자신탁1호(주식)(C3),03Y78,03Y78,40152,X,X,X,03Y78,
2533,,,,,03Y78,,40153,한국투자녹색성장증권투자신탁1호(주식)(C4),03Y78,03Y78,40153,X,X,X,03Y78,
2534,,,,,03Y93,한국투자LG그룹플러스증권투자신탁1호(주식)(모),03X61,한국투자LG그룹플러스증권투자신탁1호(주식)(C2),03Y93,03Y93,03X61,X,X,X,03Y93,한국투자LG그룹플러스증권투자신탁1호(주식)(모)
2535,,,,,03Y93,,03Y94,한국투자LG그룹플러스증권투자신탁1호(주식)(A),03Y93,03Y93,03Y94,X,X,X,03Y93,
2536,,,,,03Y93,,03Y98,한국투자LG그룹플러스증권투자신탁1호(주식)(C),03Y93,03Y93,03Y98,X,X,X,03Y93,
2537,,,,,03Y93,,04X29,한국투자LG그룹플러스증권투자신탁1호(주식)(C3),03Y93,03Y93,04X29,X,X,X,03Y93,
2538,,,,,03Y93,,04X62,한국투자LG그룹플러스증권투자신탁1호(주식)(C4),03Y93,03Y93,04X62,X,X,X,03Y93,
2539,,,,,03Y93,,04Y02,한국투자LG그룹플러스증권투자신탁1호(주식)(S),03Y93,03Y93,04Y02,X,X,X,03Y93,
2540,,,,,03Y93,,05A96,한국투자LG그룹플러스증권투자신탁1호(주식)(C-F),03Y93,03Y93,05A96,X,X,X,03Y93,
2541,,,,,03Y93,,40118,한국투자LG그룹플러스증권투자신탁1호(주식)(A-e),03Y93,03Y93,40118,X,X,X,03Y93,
2542,,,,,03Y93,,40119,한국투자LG그룹플러스증권투자신탁1호(주식)(C-e),03Y93,03Y93,40119,X,X,X,03Y93,
2543,,,,,03Y97,한국투자삼성그룹분배형증권투자신탁1호(주식)(모),04X01,한국투자삼성그룹분배형증권투자신탁1호(주식)(C),03Y97,03Y97,04X01,X,X,X,03Y97,한국투자삼성그룹분배형증권투자신탁1호(주식)(모)
2544,,,,,03Y97,,40116,한국투자삼성그룹분배형증권투자신탁1호(주식)(A),03Y97,03Y97,40116,X,X,X,03Y97,
2545,,,,,03Z17,한국투자거꾸로증권투자신탁1호(주식)(모),04326,한국투자거꾸로증권투자신탁1호(주식)(A),03Z17,03Z17,04326,X,X,X,03Z17,한국투자거꾸로증권투자신탁1호(주식)(모)
2546,,,,,03Z17,,05G79,한국투자거꾸로증권투자신탁1호(주식)(A-e),03Z17,03Z17,05G79,X,X,X,03Z17,
2547,,,,,03Z17,,07P21,한국투자거꾸로증권투자신탁1호(주식)(C-W),03Z17,03Z17,07P21,X,X,X,03Z17,
2548,,,,,03Z43,한국투자삼성그룹적립식증권투자신탁1호(주식)(모),03Z44,한국투자삼성그룹적립식증권투자신탁1호(주식)(C-W),03Z43,03Z43,03Z44,X,X,X,03Z43,한국투자삼성그룹적립식증권투자신탁1호(주식)(모)
2549,,,,,03Z43,,05G48,한국투자삼성그룹적립식증권투자신탁1호(주식)(A-G),03Z43,03Z43,05G48,X,X,X,03Z43,
2550,,,,,03Z43,,05G49,한국투자삼성그룹적립식증권투자신탁1호(주식)(C-G),03Z43,03Z43,05G49,X,X,X,03Z43,
2551,,,,,03Z43,,05M37,한국투자삼성그룹적립식증권투자신탁1호(주식)(C-e),03Z43,03Z43,05M37,X,X,X,03Z43,
2552,,,,,03Z43,,05X41,한국투자삼성그룹적립식증권투자신탁1호(주식)(C-F),03Z43,03Z43,05X41,X,X,X,03Z43,
2553,,,,,03Z43,,40191,한국투자삼성그룹적립식증권투자신탁1호(주식)(C2),03Z43,03Z43,40191,X,X,X,03Z43,
2554,,,,,03Z43,,40192,한국투자삼성그룹적립식증권투자신탁1호(주식)(C3),03Z43,03Z43,40192,X,X,X,03Z43,
2555,,,,,03Z43,,40193,한국투자삼성그룹적립식증권투자신탁1호(주식)(C4),03Z43,03Z43,40193,X,X,X,03Z43,
2556,,,,,03Z43,,40194,한국투자삼성그룹적립식증권투자신탁1호(주식)(C5),03Z43,03Z43,40194,X,X,X,03Z43,
2557,,,,,03Z43,,43761,한국투자삼성그룹적립식증권투자신탁1호(주식)(C1),03Z43,03Z43,43761,X,X,X,03Z43,
2558,,,,,03Z58,한국투자차이나베트남증권투자신탁1호(주식)(모),03W96,한국투자차이나베트남증권투자신탁1호(주식)(S),03Z58,03Z58,03W96,X,X,X,03Z58,한국투자차이나베트남증권투자신탁1호(주식)(모)
2559,,,,,03Z58,,05A11,한국투자차이나베트남증권투자신탁1호(주식)(A-e),03Z58,03Z58,05A11,X,X,X,03Z58,
2560,,,,,03Z58,,05A12,한국투자차이나베트남증권투자신탁1호(주식)(C-e),03Z58,03Z58,05A12,X,X,X,03Z58,
2561,,,,,03Z58,,05G66,한국투자차이나베트남증권투자신탁1호(주식)(A-G),03Z58,03Z58,05G66,X,X,X,03Z58,
2562,,,,,03Z58,,05G67,한국투자차이나베트남증권투자신탁1호(주식)(C-G),03Z58,03Z58,05G67,X,X,X,03Z58,
2563,,,,,03Z58,,05M96,한국투자차이나베트남증권투자신탁1호(주식)(C-P),03Z58,03Z58,05M96,X,X,X,03Z58,
2564,,,,,03Z58,,05W90,한국투자차이나베트남증권투자신탁1호(주식)(C-R),03Z58,03Z58,05W90,X,X,X,03Z58,
2565,,,,,03Z58,,07G01,한국투자차이나베트남증권투자신탁1호(주식)(C-Re),03Z58,03Z58,07G01,X,X,X,03Z58,
2566,,,,,03Z58,,40249,한국투자차이나베트남증권투자신탁1호(주식)(C2),03Z58,03Z58,40249,X,X,X,03Z58,
2567,,,,,03Z58,,40250,한국투자차이나베트남증권투자신탁1호(주식)(C3),03Z58,03Z58,40250,X,X,X,03Z58,
2568,,,,,03Z58,,40251,한국투자차이나베트남증권투자신탁1호(주식)(C4),03Z58,03Z58,40251,X,X,X,03Z58,
2569,,,,,03Z58,,40252,한국투자차이나베트남증권투자신탁1호(주식)(C5),03Z58,03Z58,40252,X,X,X,03Z58,
2570,,,,,03Z58,,70016,한국투자차이나베트남증권투자신탁1호(주식)(A),03Z58,03Z58,70016,X,X,X,03Z58,
2571,,,,,03Z58,,70017,한국투자차이나베트남증권투자신탁1호(주식)(C1),03Z58,03Z58,70017,X,X,X,03Z58,
2572,,,,,03Z61,한국투자재팬증권투자신탁1호(주식)(모),40006,한국투자재팬증권투자신탁1호(주식)(A),03Z61,03Z61,40006,X,X,X,03Z61,한국투자재팬증권투자신탁1호(주식)(모)
2573,,,,,03Z61,,40007,한국투자재팬증권투자신탁1호(주식)(C),03Z61,03Z61,40007,X,X,X,03Z61,
2574,,,,,03Z63,한국투자재팬펀더멘탈인덱스증권투자신탁1호(주식)(모),40008,한국투자재팬펀더멘탈인덱스증권투자신탁1호(주식)(A),03Z63,03Z63,40008,X,X,X,03Z63,한국투자재팬펀더멘탈인덱스증권투자신탁1호(주식)(모)
2575,,,,,03Z63,,40034,한국투자재팬펀더멘탈인덱스증권투자신탁1호(주식)(C2),03Z63,03Z63,40034,X,X,X,03Z63,
2576,,,,,03Z63,,40035,한국투자재팬펀더멘탈인덱스증권투자신탁1호(주식)(C-e),03Z63,03Z63,40035,X,X,X,03Z63,
2577,,,,,03Z65,한국투자유럽펀더멘탈인덱스증권투자신탁1호(주식)(모),40010,한국투자유럽펀더멘탈인덱스증권투자신탁1호(주식)(A),03Z65,03Z65,40010,X,X,X,03Z65,한국투자유럽펀더멘탈인덱스증권투자신탁1호(주식)(모)
2578,,,,,03Z65,,40038,한국투자유럽펀더멘탈인덱스증권투자신탁1호(주식)(C2),03Z65,03Z65,40038,X,X,X,03Z65,
2579,,,,,03Z65,,40039,한국투자유럽펀더멘탈인덱스증권투자신탁1호(주식)(C-e),03Z65,03Z65,40039,X,X,X,03Z65,
2580,,,,,03Z70,한국투자G7우량기업증권투자신탁1호(주식)(모),03Z68,한국투자G7우량기업증권투자신탁1호(주식)(A),03Z70,03Z70,03Z68,X,X,X,03Z70,한국투자G7우량기업증권투자신탁1호(주식)(모)
2581,,,,,03Z70,,40042,한국투자G7우량기업증권투자신탁1호(주식)(C2),03Z70,03Z70,40042,X,X,X,03Z70,
2582,,,,,03Z70,,40043,한국투자G7우량기업증권투자신탁1호(주식)(C-e),03Z70,03Z70,40043,X,X,X,03Z70,
2583,,,,,03Z74,한국투자아세안펀더멘탈인덱스증권투자신탁1호(주식)(모),40013,한국투자아세안펀더멘탈인덱스증권투자신탁1호(주식)(A),03Z74,03Z74,40013,X,X,X,03Z74,한국투자아세안펀더멘탈인덱스증권투자신탁1호(주식)(모)
2584,,,,,03Z74,,40036,한국투자아세안펀더멘탈인덱스증권투자신탁1호(주식)(C2),03Z74,03Z74,40036,X,X,X,03Z74,
2585,,,,,03Z74,,40037,한국투자아세안펀더멘탈인덱스증권투자신탁1호(주식)(C-e),03Z74,03Z74,40037,X,X,X,03Z74,
2586,,,,,03Z76,한국투자워터증권투자신탁1호(주식)(모),40015,한국투자워터증권투자신탁1호(주식)(A),03Z76,03Z76,40015,X,X,X,03Z76,한국투자워터증권투자신탁1호(주식)(모)
2587,,,,,03Z76,,40016,한국투자워터증권투자신탁1호(주식)(C),03Z76,03Z76,40016,X,X,X,03Z76,
2588,,,,,03Z78,한국투자장기주택마련증권투자신탁1호(주식)(모),40017,한국투자장기주택마련증권투자신탁1호(주식)(A),03Z78,03Z78,40017,X,X,X,03Z78,한국투자장기주택마련증권투자신탁1호(주식)(모)
2589,,,,,03Z78,,40018,한국투자장기주택마련증권투자신탁1호(주식)(C),03Z78,03Z78,40018,X,X,X,03Z78,
2590,,,,,03Z80,한국투자네비게이터증권투자신탁1호(주식)(모),03W86,한국투자네비게이터증권투자신탁1호(주식)(S),03Z80,03Z80,03W86,X,X,X,03Z80,한국투자네비게이터증권투자신탁1호(주식)(모)
2591,,,,,03Z80,,03Y10,한국투자네비게이터증권투자신탁1호(주식)(C-e),03Z80,03Z80,03Y10,X,X,X,03Z80,
2592,,,,,03Z80,,03Y23,한국투자네비게이터증권투자신탁1호(주식)(C-W),03Z80,03Z80,03Y23,X,X,X,03Z80,
2593,,,,,03Z80,,03Y71,한국투자네비게이터증권투자신탁1호(주식)(C-F),03Z80,03Z80,03Y71,X,X,X,03Z80,
2594,,,,,03Z80,,04813,한국투자네비게이터증권투자신탁1호(주식)(A),03Z80,03Z80,04813,X,X,X,03Z80,
2595,,,,,03Z80,,05B15,한국투자네비게이터증권투자신탁1호(주식)(A-e),03Z80,03Z80,05B15,X,X,X,03Z80,
2596,,,,,03Z80,,05B96,한국투자네비게이터증권투자신탁1호(주식)(C-J),03Z80,03Z80,05B96,X,X,X,03Z80,
2597,,,,,03Z80,,05G30,한국투자네비게이터증권투자신탁1호(주식)(A-G),03Z80,03Z80,05G30,X,X,X,03Z80,
2598,,,,,03Z80,,05G31,한국투자네비게이터증권투자신탁1호(주식)(C-G),03Z80,03Z80,05G31,X,X,X,03Z80,
2599,,,,,03Z80,,40019,한국투자네비게이터증권투자신탁1호(주식)(C1),03Z80,03Z80,40019,X,X,X,03Z80,
2600,,,,,03Z80,,40179,한국투자네비게이터증권투자신탁1호(주식)(C2),03Z80,03Z80,40179,X,X,X,03Z80,
2601,,,,,03Z80,,40180,한국투자네비게이터증권투자신탁1호(주식)(C3),03Z80,03Z80,40180,X,X,X,03Z80,
2602,,,,,03Z80,,40181,한국투자네비게이터증권투자신탁1호(주식)(C4),03Z80,03Z80,40181,X,X,X,03Z80,
2603,,,,,03Z80,,40182,한국투자네비게이터증권투자신탁1호(주식)(C5),03Z80,03Z80,40182,X,X,X,03Z80,
2604,,,,,03Z82,한국투자코리아펀더멘탈인덱스증권투자신탁1호(주식)(모),40020,한국투자코리아펀더멘탈인덱스증권투자신탁1호(주식)(A),03Z82,03Z82,40020,X,X,X,03Z82,한국투자코리아펀더멘탈인덱스증권투자신탁1호(주식)(모)
2605,,,,,03Z82,,40021,한국투자코리아펀더멘탈인덱스증권투자신탁1호(주식)(C2),03Z82,03Z82,40021,X,X,X,03Z82,
2606,,,,,03Z82,,40022,한국투자코리아펀더멘탈인덱스증권투자신탁1호(주식)(C1),03Z82,03Z82,40022,X,X,X,03Z82,
2607,,,,,03Z82,,40033,한국투자코리아펀더멘탈인덱스증권투자신탁1호(주식)(C-e),03Z82,03Z82,40033,X,X,X,03Z82,
2608,,,,,03Z86,한국투자월스트리트투자은행증권투자신탁1호(주식)(모),03W93,한국투자월스트리트투자은행증권투자신탁1호(주식)(S),03Z86,03Z86,03W93,X,X,X,03Z86,한국투자월스트리트투자은행증권투자신탁1호(주식)(모)
2609,,,,,03Z86,,03Y27,한국투자월스트리트투자은행증권투자신탁1호(주식)(C-W),03Z86,03Z86,03Y27,X,X,X,03Z86,
2610,,,,,03Z86,,03Y30,한국투자월스트리트투자은행증권투자신탁1호(주식)(C-F),03Z86,03Z86,03Y30,X,X,X,03Z86,
2611,,,,,03Z86,,03Y31,한국투자월스트리트투자은행증권투자신탁1호(주식)(C-S1),03Z86,03Z86,03Y31,X,X,X,03Z86,
2612,,,,,03Z86,,03Z83,한국투자월스트리트투자은행증권투자신탁1호(주식)(A),03Z86,03Z86,03Z83,X,X,X,03Z86,
2613,,,,,03Z86,,03Z84,한국투자월스트리트투자은행증권투자신탁1호(주식)(C),03Z86,03Z86,03Z84,X,X,X,03Z86,
2614,,,,,03Z86,,04X02,한국투자월스트리트투자은행증권투자신탁1호(주식)(C-S2),03Z86,03Z86,04X02,X,X,X,03Z86,
2615,,,,,03Z86,,04X03,한국투자월스트리트투자은행증권투자신탁1호(주식)(C-S3),03Z86,03Z86,04X03,X,X,X,03Z86,
2616,,,,,03Z86,,04X18,한국투자월스트리트투자은행증권투자신탁1호(주식)(C-S4),03Z86,03Z86,04X18,X,X,X,03Z86,
2617,,,,,03Z86,,04X47,한국투자월스트리트투자은행증권투자신탁1호(주식)(C-S5),03Z86,03Z86,04X47,X,X,X,03Z86,
2618,,,,,03Z86,,04X52,한국투자월스트리트투자은행증권투자신탁1호(주식)(C2),03Z86,03Z86,04X52,X,X,X,03Z86,
2619,,,,,03Z86,,04Y12,한국투자월스트리트투자은행증권투자신탁1호(주식)(A-e),03Z86,03Z86,04Y12,X,X,X,03Z86,
2620,,,,,03Z86,,05B91,한국투자월스트리트투자은행증권투자신탁1호(주식)(C-e),03Z86,03Z86,05B91,X,X,X,03Z86,
2621,,,,,03Z86,,05M90,한국투자월스트리트투자은행증권투자신탁1호(주식)(C-P),03Z86,03Z86,05M90,X,X,X,03Z86,
2622,,,,,03Z86,,05M91,한국투자월스트리트투자은행증권투자신탁1호(주식)(C-Pe),03Z86,03Z86,05M91,X,X,X,03Z86,
2623,,,,,03Z86,,05Z23,한국투자월스트리트투자은행증권투자신탁1호(주식)(C-R),03Z86,03Z86,05Z23,X,X,X,03Z86,
2624,,,,,03Z86,,05Z24,한국투자월스트리트투자은행증권투자신탁1호(주식)(C-Re),03Z86,03Z86,05Z24,X,X,X,03Z86,
2625,,,,,03Z86,,07A98,한국투자월스트리트투자은행증권투자신탁1호(주식)(S-P),03Z86,03Z86,07A98,X,X,X,03Z86,
2626,,,,,03Z86,,07A99,한국투자월스트리트투자은행증권투자신탁1호(주식)(S-R),03Z86,03Z86,07A99,X,X,X,03Z86,
2627,,,,,03Z86,,40160,한국투자월스트리트투자은행증권투자신탁1호(주식)(C1),03Z86,03Z86,40160,X,X,X,03Z86,
2628,,,,,03Z88,한국투자라틴펀더멘탈인덱스증권투자신탁1호(주식)(모),40023,한국투자라틴펀더멘탈인덱스증권투자신탁1호(주식)(A),03Z88,03Z88,40023,X,X,X,03Z88,한국투자라틴펀더멘탈인덱스증권투자신탁1호(주식)(모)
2629,,,,,03Z88,,40040,한국투자라틴펀더멘탈인덱스증권투자신탁1호(주식)(C2),03Z88,03Z88,40040,X,X,X,03Z88,
2630,,,,,03Z88,,40041,한국투자라틴펀더멘탈인덱스증권투자신탁1호(주식)(C-e),03Z88,03Z88,40041,X,X,X,03Z88,
2631,,,,,03Z90,한국투자미리미리증권투자신탁1호(채권혼합)(모),20078,한국투자미리미리증권투자신탁1호(채권혼합)(A),03Z90,03Z90,20078,X,X,X,03Z90,한국투자미리미리증권투자신탁1호(채권혼합)(모)
2632,,,,,03Z90,,20079,한국투자미리미리증권투자신탁1호(채권혼합)(C),03Z90,03Z90,20079,X,X,X,03Z90,
2633,,,,,04B66,한국투자분리과세고수익고위험증권투자신탁2호(채권혼합)(모),20082,한국투자분리과세고수익고위험증권투자신탁2호(채권혼합)(C),04B66,04B66,20082,X,X,X,04B66,한국투자분리과세고수익고위험증권투자신탁2호(채권혼합)(모)
2634,,,,,04B75,한국투자엄브렐러증권전환형투자신탁1호(채권혼합)(모),04905,한국투자엄브렐러증권전환형투자신탁1호(채권혼합)(A),04B75,04B75,04905,X,X,X,04B75,한국투자엄브렐러증권전환형투자신탁1호(채권혼합)(모)
2635,,,,,04B75,,04D92,한국투자엄브렐러증권전환형투자신탁1호(채권혼합)(S),04B75,04B75,04D92,X,X,X,04B75,
2636,,,,,04B75,,05V19,한국투자엄브렐러증권전환형투자신탁1호(채권혼합)(C-F),04B75,04B75,05V19,X,X,X,04B75,
2637,,,,,04B75,,20084,한국투자엄브렐러증권전환형투자신탁1호(채권혼합)(A-I),04B75,04B75,20084,X,X,X,04B75,
2638,,,,,04B75,,20085,한국투자엄브렐러증권전환형투자신탁1호(채권혼합)(A-e),04B75,04B75,20085,X,X,X,04B75,
2639,,,,,04C10,한국투자크루즈엄브렐러U5.6증권전환형투자신탁1호(채권혼합)(모),20A95,한국투자크루즈엄브렐러U5.6증권전환형투자신탁1호(채권혼합)(A-e),04C10,04C10,20A95,X,X,X,04C10,한국투자크루즈엄브렐러U5.6증권전환형투자신탁1호(채권혼합)(모)
2640,,,,,04C10,,20A96,한국투자크루즈엄브렐러U5.6증권전환형투자신탁1호(채권혼합)(C-e),04C10,04C10,20A96,X,X,X,04C10,
2641,,,,,04C30,한국투자분할매수증권투자신탁1호(채권혼합)(모),04C31,한국투자분할매수증권투자신탁1호(채권혼합)(C),04C30,04C30,04C31,X,X,X,04C30,한국투자분할매수증권투자신탁1호(채권혼합)(모)
2642,,,,,04C34,한국투자현대차그룹리딩플러스30증권투자신탁1호(채권혼합)(모),04C35,한국투자현대차그룹리딩플러스30증권투자신탁1호(채권혼합)(C),04C34,04C34,04C35,X,X,X,04C34,한국투자현대차그룹리딩플러스30증권투자신탁1호(채권혼합)(모)
2643,,,,,04C34,,04C36,한국투자현대차그룹리딩플러스30증권투자신탁1호(채권혼합)(A),04C34,04C34,04C36,X,X,X,04C34,
2644,,,,,04C34,,04C37,한국투자현대차그룹리딩플러스30증권투자신탁1호(채권혼합)(C-e),04C34,04C34,04C37,X,X,X,04C34,
2645,,,,,04C34,,04D66,한국투자현대차그룹리딩플러스30증권투자신탁1호(채권혼합)(S),04C34,04C34,04D66,X,X,X,04C34,
2646,,,,,04C76,한국투자라이프플랜증권투자신탁1호(채권)(모),02476,한국투자라이프플랜증권투자신탁1호(채권)(C),04C76,04C76,02476,X,X,X,04C76,한국투자라이프플랜증권투자신탁1호(채권)(모)
2647,,,,,04C76,,04C82,한국투자라이프플랜증권투자신탁1호(채권)(A-RJ),04C76,04C76,04C82,X,X,X,04C76,
2648,,,,,04D51,한국투자롱텀밸류배당30증권투자신탁(채권혼합)(모),04735,한국투자롱텀밸류배당30증권투자신탁(채권혼합)(C),04D51,04D51,04735,X,X,X,04D51,한국투자롱텀밸류배당30증권투자신탁(채권혼합)(모)
2649,,,,,04D51,,04D63,한국투자롱텀밸류배당30증권투자신탁(채권혼합)(S),04D51,04D51,04D63,X,X,X,04D51,
2650,,,,,04D51,,04N23,한국투자롱텀밸류배당30증권투자신탁(채권혼합)(C-W),04D51,04D51,04N23,X,X,X,04D51,
2651,,,,,04D51,,04N24,한국투자롱텀밸류배당30증권투자신탁(채권혼합)(A),04D51,04D51,04N24,X,X,X,04D51,
2652,,,,,04D99,한국투자사모중국국유기업증권투자신탁1호(채권)(모),06G22,한국투자사모중국국유기업증권투자신탁1호(채권)(C-F),04D99,04D99,06G22,X,X,X,04D99,한국투자사모중국국유기업증권투자신탁1호(채권)(모)
2653,,,,,04D99,,06G23,한국투자사모중국국유기업증권투자신탁1호(채권)(A),04D99,04D99,06G23,X,X,X,04D99,
2654,,,,,04X12,한국투자압축포트폴리오프리미어목표전환형증권투자신탁1호(채권)(모),04X13,한국투자압축포트폴리오프리미어목표전환형증권투자신탁1호(채권)(A),04X12,04X12,04X13,X,X,X,04X12,한국투자압축포트폴리오프리미어목표전환형증권투자신탁1호(채권)(모)
2655,,,,,04X15,한국투자압축포트폴리오프리미어목표전환형증권투자신탁2호(채권),04X16,한국투자압축포트폴리오프리미어목표전환형증권투자신탁2호(채권)(A),04X15,04X15,04X16,X,X,X,04X15,한국투자압축포트폴리오프리미어목표전환형증권투자신탁2호(채권)
2656,,,,,04X22,한국투자액티브인덱스증권투자신탁1호(주식)(모),04X20,한국투자액티브인덱스증권투자신탁1호(주식)(C),04X22,04X22,04X20,X,X,X,04X22,한국투자액티브인덱스증권투자신탁1호(주식)(모)
2657,,,,,04X22,,04X53,한국투자액티브인덱스증권투자신탁1호(주식)(C2),04X22,04X22,04X53,X,X,X,04X22,
2658,,,,,04X22,,04Y07,한국투자액티브인덱스증권투자신탁1호(주식)(S),04X22,04X22,04Y07,X,X,X,04X22,
2659,,,,,04X22,,05X10,한국투자액티브인덱스증권투자신탁1호(주식)(C3),04X22,04X22,05X10,X,X,X,04X22,
2660,,,,,04X22,,40254,한국투자액티브인덱스증권투자신탁1호(주식)(A),04X22,04X22,40254,X,X,X,04X22,
2661,,,,,04X22,,40255,한국투자액티브인덱스증권투자신탁1호(주식)(C-e),04X22,04X22,40255,X,X,X,04X22,
2662,,,,,04X22,,40256,한국투자액티브인덱스증권투자신탁1호(주식)(C-F),04X22,04X22,40256,X,X,X,04X22,
2663,,,,,04X34,한국투자중소형주증권투자신탁1호(주식)(모),03W15,한국투자중소형주증권투자신탁1호(주식)(C3),04X34,04X34,03W15,X,X,X,04X34,한국투자중소형주증권투자신탁1호(주식)(모)
2664,,,,,04X34,,04X35,한국투자중소형주증권투자신탁1호(주식)(A),04X34,04X34,04X35,X,X,X,04X34,
2665,,,,,04X34,,04X36,한국투자중소형주증권투자신탁1호(주식)(C),04X34,04X34,04X36,X,X,X,04X34,
2666,,,,,04X34,,04X37,한국투자중소형주증권투자신탁1호(주식)(C-e),04X34,04X34,04X37,X,X,X,04X34,
2667,,,,,04X34,,04X66,한국투자중소형주증권투자신탁1호(주식)(C2),04X34,04X34,04X66,X,X,X,04X34,
2668,,,,,04X34,,04Y03,한국투자중소형주증권투자신탁1호(주식)(S),04X34,04X34,04Y03,X,X,X,04X34,
2669,,,,,04X34,,05X40,한국투자중소형주증권투자신탁1호(주식)(C4),04X34,04X34,05X40,X,X,X,04X34,
2670,,,,,04X39,한국투자프리스타일증권투자신탁1호(주식)(모),03W20,한국투자프리스타일증권투자신탁1호(주식)(C3),04X39,04X39,03W20,X,X,X,04X39,한국투자프리스타일증권투자신탁1호(주식)(모)
2671,,,,,04X39,,05X44,한국투자프리스타일증권투자신탁1호(주식)(C4),04X39,04X39,05X44,X,X,X,04X39,
2672,,,,,04X39,,40259,한국투자프리스타일증권투자신탁1호(주식)(A),04X39,04X39,40259,X,X,X,04X39,
2673,,,,,04X39,,40260,한국투자프리스타일증권투자신탁1호(주식)(C-e),04X39,04X39,40260,X,X,X,04X39,
2674,,,,,04X39,,40263,한국투자프리스타일증권투자신탁1호(주식)(C),04X39,04X39,40263,X,X,X,04X39,
2675,,,,,04X39,,40264,한국투자프리스타일증권투자신탁1호(주식)(C2),04X39,04X39,40264,X,X,X,04X39,
2676,,,,,04X51,한국투자크루즈T2.8인덱스증권투자신탁1호(주식-파생형)(모),04129,한국투자크루즈T2.8인덱스증권투자신탁1호(주식-파생형)(C-e),04X51,04X51,04129,X,X,X,04X51,한국투자크루즈T2.8인덱스증권투자신탁1호(주식-파생형)(모)
2677,,,,,04X51,,50064,한국투자크루즈T2.8인덱스증권투자신탁1호(주식-파생형)(C-F),04X51,04X51,50064,X,X,X,04X51,
2678,,,,,04X77,한국투자골든칩목표전환형증권투자신탁1호(채권)(모),40273,한국투자골든칩목표전환형증권투자신탁1호(채권)(A),04X77,04X77,40273,X,X,X,04X77,한국투자골든칩목표전환형증권투자신탁1호(채권)(모)
2679,,,,,04X90,한국투자대표그룹리딩플러스목표전환형증권투자신탁1호(채권)(모),04X91,한국투자대표그룹리딩플러스목표전환형증권투자신탁1호(채권)(A),04X90,04X90,04X91,X,X,X,04X90,한국투자대표그룹리딩플러스목표전환형증권투자신탁1호(채권)(모)
2680,,,,,04X90,,04X92,한국투자대표그룹리딩플러스목표전환형증권투자신탁1호(채권)(C),04X90,04X90,04X92,X,X,X,04X90,
2681,,,,,05A02,한국투자단기채플러스ESG증권투자신탁(채권)(모),05A04,한국투자단기채플러스ESG증권투자신탁(채권)(C),05A02,05A02,05A04,X,X,X,05A02,한국투자단기채플러스ESG증권투자신탁(채권)(모)
2682,,,,,05A02,,05A05,한국투자단기채플러스ESG증권투자신탁(채권)(C-F),05A02,05A02,05A05,X,X,X,05A02,
2683,,,,,05A02,,05A06,한국투자단기채플러스ESG증권투자신탁(채권)(C-P),05A02,05A02,05A06,X,X,X,05A02,
2684,,,,,05A02,,05A07,한국투자단기채플러스ESG증권투자신탁(채권)(C-R),05A02,05A02,05A07,X,X,X,05A02,
2685,,,,,05A02,,05A08,한국투자단기채플러스ESG증권투자신탁(채권)(C-W),05A02,05A02,05A08,X,X,X,05A02,
2686,,,,,05A02,,05A09,한국투자단기채플러스ESG증권투자신탁(채권)(S),05A02,05A02,05A09,X,X,X,05A02,
2687,,,,,05A02,,05A10,한국투자단기채플러스ESG증권투자신탁(채권)(S-P),05A02,05A02,05A10,X,X,X,05A02,
2688,,,,,05A02,,05B37,한국투자단기채플러스ESG증권투자신탁(채권)(A),05A02,05A02,05B37,X,X,X,05A02,
2689,,,,,05A02,,05K46,한국투자단기채플러스ESG증권투자신탁(채권)(A-e),05A02,05A02,05K46,X,X,X,05A02,
2690,,,,,05A02,,05K47,한국투자단기채플러스ESG증권투자신탁(채권)(C-e),05A02,05A02,05K47,X,X,X,05A02,
2691,,,,,05A02,,05K48,한국투자단기채플러스ESG증권투자신탁(채권)(C-Pe),05A02,05A02,05K48,X,X,X,05A02,
2692,,,,,05A02,,05K49,한국투자단기채플러스ESG증권투자신탁(채권)(C-Re),05A02,05A02,05K49,X,X,X,05A02,
2693,,,,,05A02,,05W89,한국투자단기채플러스ESG증권투자신탁(채권)(A1),05A02,05A02,05W89,X,X,X,05A02,
2694,,,,,05A02,,05Z16,한국투자단기채플러스ESG증권투자신탁(채권)(S-R),05A02,05A02,05Z16,X,X,X,05A02,
2695,,,,,05A83,한국투자글로벌매크로팩터자산배분증권투자신탁(주식혼합-재간접형)(모),05A84,한국투자글로벌매크로팩터자산배분증권투자신탁(주식혼합-재간접형)(A),05A83,05A83,05A84,X,X,X,05A83,한국투자글로벌매크로팩터자산배분증권투자신탁(주식혼합-재간접형)(모)
2696,,,,,05A83,,05A85,한국투자글로벌매크로팩터자산배분증권투자신탁(주식혼합-재간접형)(A-e),05A83,05A83,05A85,X,X,X,05A83,
2697,,,,,05A83,,05A86,한국투자글로벌매크로팩터자산배분증권투자신탁(주식혼합-재간접형)(C),05A83,05A83,05A86,X,X,X,05A83,
2698,,,,,05A83,,05A87,한국투자글로벌매크로팩터자산배분증권투자신탁(주식혼합-재간접형)(C-e),05A83,05A83,05A87,X,X,X,05A83,
2699,,,,,05A83,,05A88,한국투자글로벌매크로팩터자산배분증권투자신탁(주식혼합-재간접형)(C-F),05A83,05A83,05A88,X,X,X,05A83,
2700,,,,,05A83,,05A89,한국투자글로벌매크로팩터자산배분증권투자신탁(주식혼합-재간접형)(C-W),05A83,05A83,05A89,X,X,X,05A83,
2701,,,,,05A83,,05A90,한국투자글로벌매크로팩터자산배분증권투자신탁(주식혼합-재간접형)(S),05A83,05A83,05A90,X,X,X,05A83,
2702,,,,,05A83,,05A91,한국투자글로벌매크로팩터자산배분증권투자신탁(주식혼합-재간접형)(C-P),05A83,05A83,05A91,X,X,X,05A83,
2703,,,,,05A83,,05A92,한국투자글로벌매크로팩터자산배분증권투자신탁(주식혼합-재간접형)(C-Pe),05A83,05A83,05A92,X,X,X,05A83,
2704,,,,,05A83,,05A93,한국투자글로벌매크로팩터자산배분증권투자신탁(주식혼합-재간접형)(C-R),05A83,05A83,05A93,X,X,X,05A83,
2705,,,,,05A83,,05K58,한국투자글로벌매크로팩터자산배분증권투자신탁(주식혼합-재간접형)(C-Re),05A83,05A83,05K58,X,X,X,05A83,
2706,,,,,05A83,,07J18,한국투자글로벌매크로팩터자산배분증권투자신탁(주식혼합-재간접형)(S-R),05A83,05A83,07J18,X,X,X,05A83,
2707,,,,,05A83,,07J19,한국투자글로벌매크로팩터자산배분증권투자신탁(주식혼합-재간접형)(S-P),05A83,05A83,07J19,X,X,X,05A83,
2708,,,,,05B23,한국투자e단기채공모주증권투자신탁(채권혼합)(모),05B24,한국투자e단기채공모주증권투자신탁(채권혼합)(A),05B23,05B23,05B24,X,X,X,05B23,한국투자e단기채공모주증권투자신탁(채권혼합)(모)
2709,,,,,05B23,,05B25,한국투자e단기채공모주증권투자신탁(채권혼합)(C),05B23,05B23,05B25,X,X,X,05B23,
2710,,,,,05B23,,05B26,한국투자e단기채공모주증권투자신탁(채권혼합)(C-F),05B23,05B23,05B26,X,X,X,05B23,
2711,,,,,05B23,,05B27,한국투자e단기채공모주증권투자신탁(채권혼합)(C-P),05B23,05B23,05B27,X,X,X,05B23,
2712,,,,,05B54,한국투자법인용MMF2호(국공채)(모),01Z12,한국투자법인용MMF2호(국공채)(C),05B54,05B54,01Z12,X,X,X,05B54,한국투자법인용MMF2호(국공채)(모)
2713,,,,,05B54,,05B55,한국투자법인용MMF2호(국공채)(C-I),05B54,05B54,05B55,X,X,X,05B54,
2714,,,,,05B54,,05B56,한국투자법인용MMF2호(국공채)(C-J),05B54,05B54,05B56,X,X,X,05B54,
2715,,,,,05B61,한국투자만기투자형증권투자신탁(채권혼합)(모),05B63,한국투자만기투자형증권투자신탁(채권혼합)(C-R),05B61,05B61,05B63,X,X,X,05B61,한국투자만기투자형증권투자신탁(채권혼합)(모)
2716,,,,,05C02,한국투자TDF알아서2015증권투자신탁(채권혼합-재간접형)(모),05C03,한국투자TDF알아서2015증권투자신탁(채권혼합-재간접형)(A),05C02,05C02,05C03,X,X,X,05C02,한국투자TDF알아서2015증권투자신탁(채권혼합-재간접형)(모)
2717,,,,,05C02,,05C04,한국투자TDF알아서2015증권투자신탁(채권혼합-재간접형)(A-e),05C02,05C02,05C04,X,X,X,05C02,
2718,,,,,05C02,,05C05,한국투자TDF알아서2015증권투자신탁(채권혼합-재간접형)(C),05C02,05C02,05C05,X,X,X,05C02,
2719,,,,,05C02,,05C06,한국투자TDF알아서2015증권투자신탁(채권혼합-재간접형)(C-e),05C02,05C02,05C06,X,X,X,05C02,
2720,,,,,05C02,,05C07,한국투자TDF알아서2015증권투자신탁(채권혼합-재간접형)(C-F),05C02,05C02,05C07,X,X,X,05C02,
2721,,,,,05C02,,05C08,한국투자TDF알아서2015증권투자신탁(채권혼합-재간접형)(C-P),05C02,05C02,05C08,X,X,X,05C02,
2722,,,,,05C02,,05C09,한국투자TDF알아서2015증권투자신탁(채권혼합-재간접형)(C-R),05C02,05C02,05C09,X,X,X,05C02,
2723,,,,,05C02,,05C11,한국투자TDF알아서2015증권투자신탁(채권혼합-재간접형)(C-W),05C02,05C02,05C11,X,X,X,05C02,
2724,,,,,05C02,,05C12,한국투자TDF알아서2015증권투자신탁(채권혼합-재간접형)(S),05C02,05C02,05C12,X,X,X,05C02,
2725,,,,,05C02,,05C13,한국투자TDF알아서2015증권투자신탁(채권혼합-재간접형)(S-P),05C02,05C02,05C13,X,X,X,05C02,
2726,,,,,05C02,,05C99,한국투자TDF알아서2015증권투자신탁(채권혼합-재간접형)(S-R),05C02,05C02,05C99,X,X,X,05C02,
2727,,,,,05C02,,05K20,한국투자TDF알아서2015증권투자신탁(채권혼합-재간접형)(C-Pe),05C02,05C02,05K20,X,X,X,05C02,
2728,,,,,05C02,,05K21,한국투자TDF알아서2015증권투자신탁(채권혼합-재간접형)(C-Re),05C02,05C02,05K21,X,X,X,05C02,
2729,,,,,05C30,한국투자적격TDF알아서2025증권투자신탁(채권혼합-재간접형)(모),05C31,한국투자적격TDF알아서2025증권투자신탁(채권혼합-재간접형)(A),05C30,05C30,05C31,X,X,X,05C30,한국투자적격TDF알아서2025증권투자신탁(채권혼합-재간접형)(모)
2730,,,,,05C30,,05C32,한국투자적격TDF알아서2025증권투자신탁(채권혼합-재간접형)(A-e),05C30,05C30,05C32,X,X,X,05C30,
2731,,,,,05C30,,05C33,한국투자적격TDF알아서2025증권투자신탁(채권혼합-재간접형)(C),05C30,05C30,05C33,X,X,X,05C30,
2732,,,,,05C30,,05C34,한국투자적격TDF알아서2025증권투자신탁(채권혼합-재간접형)(C-e),05C30,05C30,05C34,X,X,X,05C30,
2733,,,,,05C30,,05C35,한국투자적격TDF알아서2025증권투자신탁(채권혼합-재간접형)(C-F),05C30,05C30,05C35,X,X,X,05C30,
2734,,,,,05C30,,05C36,한국투자적격TDF알아서2025증권투자신탁(채권혼합-재간접형)(C-P),05C30,05C30,05C36,X,X,X,05C30,
2735,,,,,05C30,,05C37,한국투자적격TDF알아서2025증권투자신탁(채권혼합-재간접형)(C-R),05C30,05C30,05C37,X,X,X,05C30,
2736,,,,,05C30,,05C39,한국투자적격TDF알아서2025증권투자신탁(채권혼합-재간접형)(C-W),05C30,05C30,05C39,X,X,X,05C30,
2737,,,,,05C30,,05C40,한국투자적격TDF알아서2025증권투자신탁(채권혼합-재간접형)(S),05C30,05C30,05C40,X,X,X,05C30,
2738,,,,,05C30,,05C41,한국투자적격TDF알아서2025증권투자신탁(채권혼합-재간접형)(S-P),05C30,05C30,05C41,X,X,X,05C30,
2739,,,,,05C30,,05C42,한국투자적격TDF알아서2025증권투자신탁(채권혼합-재간접형)(S-R),05C30,05C30,05C42,X,X,X,05C30,
2740,,,,,05C30,,05K28,한국투자적격TDF알아서2025증권투자신탁(채권혼합-재간접형)(C-Pe),05C30,05C30,05K28,X,X,X,05C30,
2741,,,,,05C30,,05K29,한국투자적격TDF알아서2025증권투자신탁(채권혼합-재간접형)(C-Re),05C30,05C30,05K29,X,X,X,05C30,
2742,,,,,05C44,한국투자적격TDF알아서2030증권투자신탁(주식혼합-재간접형)(모),05C45,한국투자적격TDF알아서2030증권투자신탁(주식혼합-재간접형)(A),05C44,05C44,05C45,X,X,X,05C44,한국투자적격TDF알아서2030증권투자신탁(주식혼합-재간접형)(모)
2743,,,,,05C44,,05C46,한국투자적격TDF알아서2030증권투자신탁(주식혼합-재간접형)(A-e),05C44,05C44,05C46,X,X,X,05C44,
2744,,,,,05C44,,05C47,한국투자적격TDF알아서2030증권투자신탁(주식혼합-재간접형)(C),05C44,05C44,05C47,X,X,X,05C44,
2745,,,,,05C44,,05C48,한국투자적격TDF알아서2030증권투자신탁(주식혼합-재간접형)(C-e),05C44,05C44,05C48,X,X,X,05C44,
2746,,,,,05C44,,05C49,한국투자적격TDF알아서2030증권투자신탁(주식혼합-재간접형)(C-F),05C44,05C44,05C49,X,X,X,05C44,
2747,,,,,05C44,,05C50,한국투자적격TDF알아서2030증권투자신탁(주식혼합-재간접형)(C-P),05C44,05C44,05C50,X,X,X,05C44,
2748,,,,,05C44,,05C51,한국투자적격TDF알아서2030증권투자신탁(주식혼합-재간접형)(C-R),05C44,05C44,05C51,X,X,X,05C44,
2749,,,,,05C44,,05C53,한국투자적격TDF알아서2030증권투자신탁(주식혼합-재간접형)(C-W),05C44,05C44,05C53,X,X,X,05C44,
2750,,,,,05C44,,05C54,한국투자적격TDF알아서2030증권투자신탁(주식혼합-재간접형)(S),05C44,05C44,05C54,X,X,X,05C44,
2751,,,,,05C44,,05C55,한국투자적격TDF알아서2030증권투자신탁(주식혼합-재간접형)(S-P),05C44,05C44,05C55,X,X,X,05C44,
2752,,,,,05C44,,05C56,한국투자적격TDF알아서2030증권투자신탁(주식혼합-재간접형)(S-R),05C44,05C44,05C56,X,X,X,05C44,
2753,,,,,05C44,,05K32,한국투자적격TDF알아서2030증권투자신탁(주식혼합-재간접형)(C-Pe),05C44,05C44,05K32,X,X,X,05C44,
2754,,,,,05C44,,05K33,한국투자적격TDF알아서2030증권투자신탁(주식혼합-재간접형)(C-Re),05C44,05C44,05K33,X,X,X,05C44,
2755,,,,,05C44,,07J61,한국투자적격TDF알아서2030증권투자신탁(주식혼합-재간접형)(O),05C44,05C44,07J61,X,X,X,05C44,
2756,,,,,05C58,한국투자적격TDF알아서2035증권투자신탁(주식혼합-재간접형)(모),05C59,한국투자적격TDF알아서2035증권투자신탁(주식혼합-재간접형)(A),05C58,05C58,05C59,X,X,X,05C58,한국투자적격TDF알아서2035증권투자신탁(주식혼합-재간접형)(모)
2757,,,,,05C58,,05C60,한국투자적격TDF알아서2035증권투자신탁(주식혼합-재간접형)(A-e),05C58,05C58,05C60,X,X,X,05C58,
2758,,,,,05C58,,05C61,한국투자적격TDF알아서2035증권투자신탁(주식혼합-재간접형)(C),05C58,05C58,05C61,X,X,X,05C58,
2759,,,,,05C58,,05C62,한국투자적격TDF알아서2035증권투자신탁(주식혼합-재간접형)(C-e),05C58,05C58,05C62,X,X,X,05C58,
2760,,,,,05C58,,05C63,한국투자적격TDF알아서2035증권투자신탁(주식혼합-재간접형)(C-F),05C58,05C58,05C63,X,X,X,05C58,
2761,,,,,05C58,,05C64,한국투자적격TDF알아서2035증권투자신탁(주식혼합-재간접형)(C-P),05C58,05C58,05C64,X,X,X,05C58,
2762,,,,,05C58,,05C65,한국투자적격TDF알아서2035증권투자신탁(주식혼합-재간접형)(C-R),05C58,05C58,05C65,X,X,X,05C58,
2763,,,,,05C58,,05C67,한국투자적격TDF알아서2035증권투자신탁(주식혼합-재간접형)(C-W),05C58,05C58,05C67,X,X,X,05C58,
2764,,,,,05C58,,05C68,한국투자적격TDF알아서2035증권투자신탁(주식혼합-재간접형)(S),05C58,05C58,05C68,X,X,X,05C58,
2765,,,,,05C58,,05C69,한국투자적격TDF알아서2035증권투자신탁(주식혼합-재간접형)(S-P),05C58,05C58,05C69,X,X,X,05C58,
2766,,,,,05C58,,05C70,한국투자적격TDF알아서2035증권투자신탁(주식혼합-재간접형)(S-R),05C58,05C58,05C70,X,X,X,05C58,
2767,,,,,05C58,,05K36,한국투자적격TDF알아서2035증권투자신탁(주식혼합-재간접형)(C-Pe),05C58,05C58,05K36,X,X,X,05C58,
2768,,,,,05C58,,05K37,한국투자적격TDF알아서2035증권투자신탁(주식혼합-재간접형)(C-Re),05C58,05C58,05K37,X,X,X,05C58,
2769,,,,,05C58,,07J58,한국투자적격TDF알아서2035증권투자신탁(주식혼합-재간접형)(O),05C58,05C58,07J58,X,X,X,05C58,
2770,,,,,05C72,한국투자적격TDF알아서2040증권투자신탁(주식혼합-재간접형)(모),05C73,한국투자적격TDF알아서2040증권투자신탁(주식혼합-재간접형)(A),05C72,05C72,05C73,X,X,X,05C72,한국투자적격TDF알아서2040증권투자신탁(주식혼합-재간접형)(모)
2771,,,,,05C72,,05C74,한국투자적격TDF알아서2040증권투자신탁(주식혼합-재간접형)(A-e),05C72,05C72,05C74,X,X,X,05C72,
2772,,,,,05C72,,05C75,한국투자적격TDF알아서2040증권투자신탁(주식혼합-재간접형)(C),05C72,05C72,05C75,X,X,X,05C72,
2773,,,,,05C72,,05C76,한국투자적격TDF알아서2040증권투자신탁(주식혼합-재간접형)(C-e),05C72,05C72,05C76,X,X,X,05C72,
2774,,,,,05C72,,05C77,한국투자적격TDF알아서2040증권투자신탁(주식혼합-재간접형)(C-F),05C72,05C72,05C77,X,X,X,05C72,
2775,,,,,05C72,,05C78,한국투자적격TDF알아서2040증권투자신탁(주식혼합-재간접형)(C-P),05C72,05C72,05C78,X,X,X,05C72,
2776,,,,,05C72,,05C79,한국투자적격TDF알아서2040증권투자신탁(주식혼합-재간접형)(C-R),05C72,05C72,05C79,X,X,X,05C72,
2777,,,,,05C72,,05C81,한국투자적격TDF알아서2040증권투자신탁(주식혼합-재간접형)(C-W),05C72,05C72,05C81,X,X,X,05C72,
2778,,,,,05C72,,05C82,한국투자적격TDF알아서2040증권투자신탁(주식혼합-재간접형)(S),05C72,05C72,05C82,X,X,X,05C72,
2779,,,,,05C72,,05C83,한국투자적격TDF알아서2040증권투자신탁(주식혼합-재간접형)(S-P),05C72,05C72,05C83,X,X,X,05C72,
2780,,,,,05C72,,05C84,한국투자적격TDF알아서2040증권투자신탁(주식혼합-재간접형)(S-R),05C72,05C72,05C84,X,X,X,05C72,
2781,,,,,05C72,,05K40,한국투자적격TDF알아서2040증권투자신탁(주식혼합-재간접형)(C-Pe),05C72,05C72,05K40,X,X,X,05C72,
2782,,,,,05C72,,05K41,한국투자적격TDF알아서2040증권투자신탁(주식혼합-재간접형)(C-Re),05C72,05C72,05K41,X,X,X,05C72,
2783,,,,,05C72,,07J57,한국투자적격TDF알아서2040증권투자신탁(주식혼합-재간접형)(O),05C72,05C72,07J57,X,X,X,05C72,
2784,,,,,05C86,한국투자적격TDF알아서2045증권투자신탁(주식혼합-재간접형)(모),05C87,한국투자적격TDF알아서2045증권투자신탁(주식혼합-재간접형)(A),05C86,05C86,05C87,X,X,X,05C86,한국투자적격TDF알아서2045증권투자신탁(주식혼합-재간접형)(모)
2785,,,,,05C86,,05C88,한국투자적격TDF알아서2045증권투자신탁(주식혼합-재간접형)(A-e),05C86,05C86,05C88,X,X,X,05C86,
2786,,,,,05C86,,05C89,한국투자적격TDF알아서2045증권투자신탁(주식혼합-재간접형)(C),05C86,05C86,05C89,X,X,X,05C86,
2787,,,,,05C86,,05C90,한국투자적격TDF알아서2045증권투자신탁(주식혼합-재간접형)(C-e),05C86,05C86,05C90,X,X,X,05C86,
2788,,,,,05C86,,05C91,한국투자적격TDF알아서2045증권투자신탁(주식혼합-재간접형)(C-F),05C86,05C86,05C91,X,X,X,05C86,
2789,,,,,05C86,,05C92,한국투자적격TDF알아서2045증권투자신탁(주식혼합-재간접형)(C-P),05C86,05C86,05C92,X,X,X,05C86,
2790,,,,,05C86,,05C93,한국투자적격TDF알아서2045증권투자신탁(주식혼합-재간접형)(C-R),05C86,05C86,05C93,X,X,X,05C86,
2791,,,,,05C86,,05C95,한국투자적격TDF알아서2045증권투자신탁(주식혼합-재간접형)(C-W),05C86,05C86,05C95,X,X,X,05C86,
2792,,,,,05C86,,05C96,한국투자적격TDF알아서2045증권투자신탁(주식혼합-재간접형)(S),05C86,05C86,05C96,X,X,X,05C86,
2793,,,,,05C86,,05C97,한국투자적격TDF알아서2045증권투자신탁(주식혼합-재간접형)(S-P),05C86,05C86,05C97,X,X,X,05C86,
2794,,,,,05C86,,05C98,한국투자적격TDF알아서2045증권투자신탁(주식혼합-재간접형)(S-R),05C86,05C86,05C98,X,X,X,05C86,
2795,,,,,05C86,,05K44,한국투자적격TDF알아서2045증권투자신탁(주식혼합-재간접형)(C-Pe),05C86,05C86,05K44,X,X,X,05C86,
2796,,,,,05C86,,05K45,한국투자적격TDF알아서2045증권투자신탁(주식혼합-재간접형)(C-Re),05C86,05C86,05K45,X,X,X,05C86,
2797,,,,,05C86,,07J56,한국투자적격TDF알아서2045증권투자신탁(주식혼합-재간접형)(O),05C86,05C86,07J56,X,X,X,05C86,
2798,,,,,05D36,한국투자연속분할매매고편입증권투자신탁1호(주식혼합)(모),04765,한국투자연속분할매매고편입증권투자신탁1호(주식혼합)(A),05D36,05D36,04765,X,X,X,05D36,한국투자연속분할매매고편입증권투자신탁1호(주식혼합)(모)
2799,,,,,05D36,,05D38,한국투자연속분할매매고편입증권투자신탁1호(주식혼합)(C-W),05D36,05D36,05D38,X,X,X,05D36,
2800,,,,,05D36,,05D70,한국투자연속분할매매고편입증권투자신탁1호(주식혼합)(C),05D36,05D36,05D70,X,X,X,05D36,
2801,,,,,05D44,한국투자전략분할매수증권투자신탁1호(주식혼합)(모),05D42,한국투자전략분할매수증권투자신탁1호(주식혼합)(A),05D44,05D44,05D42,X,X,X,05D44,한국투자전략분할매수증권투자신탁1호(주식혼합)(모)
2802,,,,,05D44,,05D43,한국투자전략분할매수증권투자신탁1호(주식혼합)(C),05D44,05D44,05D43,X,X,X,05D44,
2803,,,,,05D50,한국투자전략분할매수운용전환형증권투자신탁1호(주식)(모),04X28,한국투자전략분할매수운용전환형증권투자신탁1호(주식)(C2),05D50,05D50,04X28,X,X,X,05D50,한국투자전략분할매수운용전환형증권투자신탁1호(주식)(모)
2804,,,,,05D50,,04X61,한국투자전략분할매수운용전환형증권투자신탁1호(주식)(C3),05D50,05D50,04X61,X,X,X,05D50,
2805,,,,,05D50,,05D51,한국투자전략분할매수운용전환형증권투자신탁1호(주식)(A),05D50,05D50,05D51,X,X,X,05D50,
2806,,,,,05D50,,05D52,한국투자전략분할매수운용전환형증권투자신탁1호(주식)(C),05D50,05D50,05D52,X,X,X,05D50,
2807,,,,,05D50,,05X17,한국투자전략분할매수운용전환형증권투자신탁1호(주식)(C4),05D50,05D50,05X17,X,X,X,05D50,
2808,,,,,05D65,한국투자사모글로벌CTA증권투자신탁5호(주식혼합-재간접형)(모),05D66,한국투자사모글로벌CTA증권투자신탁5호(주식혼합-재간접형)(C),05D65,05D65,05D66,X,X,X,05D65,한국투자사모글로벌CTA증권투자신탁5호(주식혼합-재간접형)(모)
2809,,,,,05D65,,05D67,한국투자사모글로벌CTA증권투자신탁5호(주식혼합-재간접형)(C-W),05D65,05D65,05D67,X,X,X,05D65,
2810,,,,,05F13,한국투자셀렉트리턴증권투자신탁1호(주식혼합)(모),30013,한국투자셀렉트리턴증권투자신탁1호(주식혼합)(A),05F13,05F13,30013,X,X,X,05F13,한국투자셀렉트리턴증권투자신탁1호(주식혼합)(모)
2811,,,,,05F13,,30014,한국투자셀렉트리턴증권투자신탁1호(주식혼합)(C),05F13,05F13,30014,X,X,X,05F13,
2812,,,,,05F13,,30015,한국투자셀렉트리턴증권투자신탁1호(주식혼합)(C-e),05F13,05F13,30015,X,X,X,05F13,
2813,,,,,05F13,,30016,한국투자셀렉트리턴증권투자신탁1호(주식혼합)(C-W),05F13,05F13,30016,X,X,X,05F13,
2814,,,,,05F13,,30017,한국투자셀렉트리턴증권투자신탁1호(주식혼합)(C-F),05F13,05F13,30017,X,X,X,05F13,
2815,,,,,05F17,한국투자삼성그룹분할매수증권투자신탁1호(주식혼합)(모),30018,한국투자삼성그룹분할매수증권투자신탁1호(주식혼합)(A),05F17,05F17,30018,X,X,X,05F17,한국투자삼성그룹분할매수증권투자신탁1호(주식혼합)(모)
2816,,,,,05F25,한국투자펀더멘털롱숏전문사모투자신탁1호(모),60033,한국투자펀더멘털롱숏전문사모투자신탁1호(C-S),05F25,05F25,60033,X,X,X,05F25,한국투자펀더멘털롱숏전문사모투자신탁1호(모)
2817,,,,,05H50,한국투자중국고배당인컴솔루션증권투자신탁(주식혼합)(모),05H47,한국투자중국고배당인컴솔루션증권투자신탁(주식혼합)(A),05H50,05H50,05H47,X,X,X,05H50,한국투자중국고배당인컴솔루션증권투자신탁(주식혼합)(모)
2818,,,,,05H50,,05H48,한국투자중국고배당인컴솔루션증권투자신탁(주식혼합)(A-e),05H50,05H50,05H48,X,X,X,05H50,
2819,,,,,05H50,,05H49,한국투자중국고배당인컴솔루션증권투자신탁(주식혼합)(C),05H50,05H50,05H49,X,X,X,05H50,
2820,,,,,05H50,,05H51,한국투자중국고배당인컴솔루션증권투자신탁(주식혼합)(C-e),05H50,05H50,05H51,X,X,X,05H50,
2821,,,,,05H50,,05H52,한국투자중국고배당인컴솔루션증권투자신탁(주식혼합)(C-F),05H50,05H50,05H52,X,X,X,05H50,
2822,,,,,05H50,,05H54,한국투자중국고배당인컴솔루션증권투자신탁(주식혼합)(C-P),05H50,05H50,05H54,X,X,X,05H50,
2823,,,,,05H63,한국투자중국본토공모주증권투자신탁(주식혼합-재간접형)(모),05H65,한국투자중국본토공모주증권투자신탁(주식혼합-재간접형)(A),05H63,05H63,05H65,X,X,X,05H63,한국투자중국본토공모주증권투자신탁(주식혼합-재간접형)(모)
2824,,,,,05H63,,05H67,한국투자중국본토공모주증권투자신탁(주식혼합-재간접형)(C),05H63,05H63,05H67,X,X,X,05H63,
2825,,,,,05H63,,05H68,한국투자중국본토공모주증권투자신탁(주식혼합-재간접형)(C-e),05H63,05H63,05H68,X,X,X,05H63,
2826,,,,,05H63,,05H69,한국투자중국본토공모주증권투자신탁(주식혼합-재간접형)(C-F),05H63,05H63,05H69,X,X,X,05H63,
2827,,,,,05M02,한국투자신종개인용MMF10호(모),01124,한국투자신종개인용MMF10호(C),05M02,05M02,01124,X,X,X,05M02,한국투자신종개인용MMF10호(모)
2828,,,,,05M02,,05M03,한국투자신종개인용MMF10호(C-e),05M02,05M02,05M03,X,X,X,05M02,
2829,,,,,05M05,한국투자신종개인용MMF5호(모),05M06,한국투자신종개인용MMF5호(C-e),05M05,05M05,05M06,X,X,X,05M05,한국투자신종개인용MMF5호(모)
2830,,,,,05M05,,34905,한국투자신종개인용MMF5호(C),05M05,05M05,34905,X,X,X,05M05,
2831,,,,,05M72,한국투자글로벌전기차&자율주행증권투자신탁(주식)(모),05M74,한국투자글로벌전기차&자율주행증권투자신탁(주식)(A),05M72,05M72,05M74,X,X,X,05M72,한국투자글로벌전기차&자율주행증권투자신탁(주식)(모)
2832,,,,,05M72,,05M75,한국투자글로벌전기차&자율주행증권투자신탁(주식)(A-e),05M72,05M72,05M75,X,X,X,05M72,
2833,,,,,05M72,,05M77,한국투자글로벌전기차&자율주행증권투자신탁(주식)(C),05M72,05M72,05M77,X,X,X,05M72,
2834,,,,,05M72,,05M78,한국투자글로벌전기차&자율주행증권투자신탁(주식)(C2),05M72,05M72,05M78,X,X,X,05M72,
2835,,,,,05M72,,05M79,한국투자글로벌전기차&자율주행증권투자신탁(주식)(C3),05M72,05M72,05M79,X,X,X,05M72,
2836,,,,,05M72,,05M80,한국투자글로벌전기차&자율주행증권투자신탁(주식)(C4),05M72,05M72,05M80,X,X,X,05M72,
2837,,,,,05M72,,05M81,한국투자글로벌전기차&자율주행증권투자신탁(주식)(C-e),05M72,05M72,05M81,X,X,X,05M72,
2838,,,,,05M72,,05M82,한국투자글로벌전기차&자율주행증권투자신탁(주식)(C-F),05M72,05M72,05M82,X,X,X,05M72,
2839,,,,,05M72,,05M85,한국투자글로벌전기차&자율주행증권투자신탁(주식)(C-P),05M72,05M72,05M85,X,X,X,05M72,
2840,,,,,05M72,,05M86,한국투자글로벌전기차&자율주행증권투자신탁(주식)(C-Pe),05M72,05M72,05M86,X,X,X,05M72,
2841,,,,,05M72,,05M87,한국투자글로벌전기차&자율주행증권투자신탁(주식)(C-W),05M72,05M72,05M87,X,X,X,05M72,
2842,,,,,05M72,,05P95,한국투자글로벌전기차&자율주행증권투자신탁(주식)(S),05M72,05M72,05P95,X,X,X,05M72,
2843,,,,,05M72,,05P96,한국투자글로벌전기차&자율주행증권투자신탁(주식)(S-P),05M72,05M72,05P96,X,X,X,05M72,
2844,,,,,05M72,,05Q38,한국투자글로벌전기차&자율주행증권투자신탁(주식)(C-R),05M72,05M72,05Q38,X,X,X,05M72,
2845,,,,,05M72,,05Q39,한국투자글로벌전기차&자율주행증권투자신탁(주식)(C-Re),05M72,05M72,05Q39,X,X,X,05M72,
2846,,,,,05M72,,07A76,한국투자글로벌전기차&자율주행증권투자신탁(주식)(S-R),05M72,05M72,07A76,X,X,X,05M72,
2847,,,,,05N02,한국투자VIPC증권투자신탁(주식-재간접형)(모),05N03,한국투자VIPC증권투자신탁(주식-재간접형)(A),05N02,05N02,05N03,X,X,X,05N02,한국투자VIPC증권투자신탁(주식-재간접형)(모)
2848,,,,,05N02,,05N04,한국투자VIPC증권투자신탁(주식-재간접형)(A-e),05N02,05N02,05N04,X,X,X,05N02,
2849,,,,,05N02,,05N06,한국투자VIPC증권투자신탁(주식-재간접형)(C),05N02,05N02,05N06,X,X,X,05N02,
2850,,,,,05N02,,05N07,한국투자VIPC증권투자신탁(주식-재간접형)(C2),05N02,05N02,05N07,X,X,X,05N02,
2851,,,,,05N02,,05N08,한국투자VIPC증권투자신탁(주식-재간접형)(C3),05N02,05N02,05N08,X,X,X,05N02,
2852,,,,,05N02,,05N09,한국투자VIPC증권투자신탁(주식-재간접형)(C4),05N02,05N02,05N09,X,X,X,05N02,
2853,,,,,05N02,,05N10,한국투자VIPC증권투자신탁(주식-재간접형)(C-e),05N02,05N02,05N10,X,X,X,05N02,
2854,,,,,05N02,,05N11,한국투자VIPC증권투자신탁(주식-재간접형)(C-F),05N02,05N02,05N11,X,X,X,05N02,
2855,,,,,05N02,,05N14,한국투자VIPC증권투자신탁(주식-재간접형)(C-P),05N02,05N02,05N14,X,X,X,05N02,
2856,,,,,05N02,,05N15,한국투자VIPC증권투자신탁(주식-재간접형)(C-Pe),05N02,05N02,05N15,X,X,X,05N02,
2857,,,,,05N02,,05P97,한국투자VIPC증권투자신탁(주식-재간접형)(S),05N02,05N02,05P97,X,X,X,05N02,
2858,,,,,05N02,,05P98,한국투자VIPC증권투자신탁(주식-재간접형)(S-P),05N02,05N02,05P98,X,X,X,05N02,
2859,,,,,05N17,한국투자한국의제4차산업혁명목표전환형증권투자신탁1호(채권)(모),05N18,한국투자한국의제4차산업혁명목표전환형증권투자신탁1호(채권)(A),05N17,05N17,05N18,X,X,X,05N17,한국투자한국의제4차산업혁명목표전환형증권투자신탁1호(채권)(모)
2860,,,,,05N17,,05N19,한국투자한국의제4차산업혁명목표전환형증권투자신탁1호(채권)(A-e),05N17,05N17,05N19,X,X,X,05N17,
2861,,,,,05N17,,05N20,한국투자한국의제4차산업혁명목표전환형증권투자신탁1호(채권)(C),05N17,05N17,05N20,X,X,X,05N17,
2862,,,,,05N17,,05N21,한국투자한국의제4차산업혁명목표전환형증권투자신탁1호(채권)(C-e),05N17,05N17,05N21,X,X,X,05N17,
2863,,,,,05N17,,05N96,한국투자한국의제4차산업혁명목표전환형증권투자신탁1호(채권)(C-F),05N17,05N17,05N96,X,X,X,05N17,
2864,,,,,05P02,한국투자코스닥두배로증권투자신탁(주식-재간접파생형)(모),05P03,한국투자코스닥두배로증권투자신탁(주식-재간접파생형)(A),05P02,05P02,05P03,X,X,X,05P02,한국투자코스닥두배로증권투자신탁(주식-재간접파생형)(모)
2865,,,,,05P02,,05P04,한국투자코스닥두배로증권투자신탁(주식-재간접파생형)(A-e),05P02,05P02,05P04,X,X,X,05P02,
2866,,,,,05P02,,05P05,한국투자코스닥두배로증권투자신탁(주식-재간접파생형)(C),05P02,05P02,05P05,X,X,X,05P02,
2867,,,,,05P02,,05P06,한국투자코스닥두배로증권투자신탁(주식-재간접파생형)(C-e),05P02,05P02,05P06,X,X,X,05P02,
2868,,,,,05P02,,05P09,한국투자코스닥두배로증권투자신탁(주식-재간접파생형)(C-W),05P02,05P02,05P09,X,X,X,05P02,
2869,,,,,05P02,,05P10,한국투자코스닥두배로증권투자신탁(주식-재간접파생형)(S),05P02,05P02,05P10,X,X,X,05P02,
2870,,,,,05P12,한국투자코스닥인버스증권투자신탁(주식-재간접파생형)(모),05P13,한국투자코스닥인버스증권투자신탁(주식-재간접파생형)(A),05P12,05P12,05P13,X,X,X,05P12,한국투자코스닥인버스증권투자신탁(주식-재간접파생형)(모)
2871,,,,,05P12,,05P14,한국투자코스닥인버스증권투자신탁(주식-재간접파생형)(A-e),05P12,05P12,05P14,X,X,X,05P12,
2872,,,,,05P12,,05P15,한국투자코스닥인버스증권투자신탁(주식-재간접파생형)(C),05P12,05P12,05P15,X,X,X,05P12,
2873,,,,,05P12,,05P16,한국투자코스닥인버스증권투자신탁(주식-재간접파생형)(C-e),05P12,05P12,05P16,X,X,X,05P12,
2874,,,,,05P12,,05P17,한국투자코스닥인버스증권투자신탁(주식-재간접파생형)(C-F),05P12,05P12,05P17,X,X,X,05P12,
2875,,,,,05P12,,05P20,한국투자코스닥인버스증권투자신탁(주식-재간접파생형)(S),05P12,05P12,05P20,X,X,X,05P12,
2876,,,,,05P24,한국투자베트남IPO증권투자신탁(채권혼합)(모),05P25,한국투자베트남IPO증권투자신탁(채권혼합)(A),05P24,05P24,05P25,X,X,X,05P24,한국투자베트남IPO증권투자신탁(채권혼합)(모)
2877,,,,,05P24,,05P26,한국투자베트남IPO증권투자신탁(채권혼합)(A-e),05P24,05P24,05P26,X,X,X,05P24,
2878,,,,,05P24,,05P27,한국투자베트남IPO증권투자신탁(채권혼합)(C),05P24,05P24,05P27,X,X,X,05P24,
2879,,,,,05P24,,05P28,한국투자베트남IPO증권투자신탁(채권혼합)(C-e),05P24,05P24,05P28,X,X,X,05P24,
2880,,,,,05P24,,05P30,한국투자베트남IPO증권투자신탁(채권혼합)(C-W),05P24,05P24,05P30,X,X,X,05P24,
2881,,,,,05P24,,05P31,한국투자베트남IPO증권투자신탁(채권혼합)(S),05P24,05P24,05P31,X,X,X,05P24,
2882,,,,,05P33,한국투자KRX300인덱스증권투자신탁(주식)(모),05P34,한국투자KRX300인덱스증권투자신탁(주식)(A),05P33,05P33,05P34,X,X,X,05P33,한국투자KRX300인덱스증권투자신탁(주식)(모)
2883,,,,,05P33,,05P35,한국투자KRX300인덱스증권투자신탁(주식)(A-e),05P33,05P33,05P35,X,X,X,05P33,
2884,,,,,05P33,,05P37,한국투자KRX300인덱스증권투자신탁(주식)(C),05P33,05P33,05P37,X,X,X,05P33,
2885,,,,,05P33,,05P38,한국투자KRX300인덱스증권투자신탁(주식)(C-e),05P33,05P33,05P38,X,X,X,05P33,
2886,,,,,05P33,,05P41,한국투자KRX300인덱스증권투자신탁(주식)(C-P),05P33,05P33,05P41,X,X,X,05P33,
2887,,,,,05P33,,05P42,한국투자KRX300인덱스증권투자신탁(주식)(C-Pe),05P33,05P33,05P42,X,X,X,05P33,
2888,,,,,05P33,,05P43,한국투자KRX300인덱스증권투자신탁(주식)(C-R),05P33,05P33,05P43,X,X,X,05P33,
2889,,,,,05P33,,05P44,한국투자KRX300인덱스증권투자신탁(주식)(C-Re),05P33,05P33,05P44,X,X,X,05P33,
2890,,,,,05P33,,05P45,한국투자KRX300인덱스증권투자신탁(주식)(C-W),05P33,05P33,05P45,X,X,X,05P33,
2891,,,,,05P33,,05P46,한국투자KRX300인덱스증권투자신탁(주식)(S),05P33,05P33,05P46,X,X,X,05P33,
2892,,,,,05P33,,05P47,한국투자KRX300인덱스증권투자신탁(주식)(S-P),05P33,05P33,05P47,X,X,X,05P33,
2893,,,,,05P54,한국투자글로벌4차밸류체인증권투자신탁(주식)(모),05P55,한국투자글로벌4차밸류체인증권투자신탁(주식)(A),05P54,05P54,05P55,X,X,X,05P54,한국투자글로벌4차밸류체인증권투자신탁(주식)(모)
2894,,,,,05P54,,05P56,한국투자글로벌4차밸류체인증권투자신탁(주식)(A-e),05P54,05P54,05P56,X,X,X,05P54,
2895,,,,,05P54,,05P58,한국투자글로벌4차밸류체인증권투자신탁(주식)(C),05P54,05P54,05P58,X,X,X,05P54,
2896,,,,,05P54,,05P59,한국투자글로벌4차밸류체인증권투자신탁(주식)(C2),05P54,05P54,05P59,X,X,X,05P54,
2897,,,,,05P54,,05P60,한국투자글로벌4차밸류체인증권투자신탁(주식)(C3),05P54,05P54,05P60,X,X,X,05P54,
2898,,,,,05P54,,05P62,한국투자글로벌4차밸류체인증권투자신탁(주식)(C-e),05P54,05P54,05P62,X,X,X,05P54,
2899,,,,,05P54,,05P63,한국투자글로벌4차밸류체인증권투자신탁(주식)(C-F),05P54,05P54,05P63,X,X,X,05P54,
2900,,,,,05P54,,05P65,한국투자글로벌4차밸류체인증권투자신탁(주식)(C-P),05P54,05P54,05P65,X,X,X,05P54,
2901,,,,,05P54,,05P66,한국투자글로벌4차밸류체인증권투자신탁(주식)(C-Pe),05P54,05P54,05P66,X,X,X,05P54,
2902,,,,,05P54,,05P68,한국투자글로벌4차밸류체인증권투자신탁(주식)(C-Re),05P54,05P54,05P68,X,X,X,05P54,
2903,,,,,05P54,,05P70,한국투자글로벌4차밸류체인증권투자신탁(주식)(S),05P54,05P54,05P70,X,X,X,05P54,
2904,,,,,05P54,,05P71,한국투자글로벌4차밸류체인증권투자신탁(주식)(S-P),05P54,05P54,05P71,X,X,X,05P54,
2905,,,,,05P73,한국투자차이나AI빅테크플러스증권투자신탁(주식)(모),05P74,한국투자차이나AI빅테크플러스증권투자신탁(주식)(A),05P73,05P73,05P74,X,X,X,05P73,한국투자차이나AI빅테크플러스증권투자신탁(주식)(모)
2906,,,,,05P73,,05P75,한국투자차이나AI빅테크플러스증권투자신탁(주식)(A-e),05P73,05P73,05P75,X,X,X,05P73,
2907,,,,,05P73,,05P77,한국투자차이나AI빅테크플러스증권투자신탁(주식)(C),05P73,05P73,05P77,X,X,X,05P73,
2908,,,,,05P73,,05P78,한국투자차이나AI빅테크플러스증권투자신탁(주식)(C2),05P73,05P73,05P78,X,X,X,05P73,
2909,,,,,05P73,,05P79,한국투자차이나AI빅테크플러스증권투자신탁(주식)(C3),05P73,05P73,05P79,X,X,X,05P73,
2910,,,,,05P73,,05P80,한국투자차이나AI빅테크플러스증권투자신탁(주식)(C4),05P73,05P73,05P80,X,X,X,05P73,
2911,,,,,05P73,,05P81,한국투자차이나AI빅테크플러스증권투자신탁(주식)(C-e),05P73,05P73,05P81,X,X,X,05P73,
2912,,,,,05P73,,05P82,한국투자차이나AI빅테크플러스증권투자신탁(주식)(C-F),05P73,05P73,05P82,X,X,X,05P73,
2913,,,,,05P73,,05P84,한국투자차이나AI빅테크플러스증권투자신탁(주식)(C-P),05P73,05P73,05P84,X,X,X,05P73,
2914,,,,,05P73,,05P85,한국투자차이나AI빅테크플러스증권투자신탁(주식)(C-Pe),05P73,05P73,05P85,X,X,X,05P73,
2915,,,,,05P73,,05P86,한국투자차이나AI빅테크플러스증권투자신탁(주식)(C-R),05P73,05P73,05P86,X,X,X,05P73,
2916,,,,,05P73,,05P87,한국투자차이나AI빅테크플러스증권투자신탁(주식)(C-Re),05P73,05P73,05P87,X,X,X,05P73,
2917,,,,,05P73,,05P89,한국투자차이나AI빅테크플러스증권투자신탁(주식)(S),05P73,05P73,05P89,X,X,X,05P73,
2918,,,,,05P73,,05P90,한국투자차이나AI빅테크플러스증권투자신탁(주식)(S-P),05P73,05P73,05P90,X,X,X,05P73,
2919,,,,,05Q45,한국투자일본혁신기업증권투자신탁(주식)(모),05Q46,한국투자일본혁신기업증권투자신탁(주식)(A),05Q45,05Q45,05Q46,X,X,X,05Q45,한국투자일본혁신기업증권투자신탁(주식)(모)
2920,,,,,05Q45,,05Q47,한국투자일본혁신기업증권투자신탁(주식)(A-e),05Q45,05Q45,05Q47,X,X,X,05Q45,
2921,,,,,05Q45,,05Q48,한국투자일본혁신기업증권투자신탁(주식)(C),05Q45,05Q45,05Q48,X,X,X,05Q45,
2922,,,,,05Q45,,05Q49,한국투자일본혁신기업증권투자신탁(주식)(C2),05Q45,05Q45,05Q49,X,X,X,05Q45,
2923,,,,,05Q45,,05Q52,한국투자일본혁신기업증권투자신탁(주식)(C-e),05Q45,05Q45,05Q52,X,X,X,05Q45,
2924,,,,,05Q45,,05Q53,한국투자일본혁신기업증권투자신탁(주식)(C-F),05Q45,05Q45,05Q53,X,X,X,05Q45,
2925,,,,,05Q45,,05Q54,한국투자일본혁신기업증권투자신탁(주식)(C-P),05Q45,05Q45,05Q54,X,X,X,05Q45,
2926,,,,,05Q45,,05Q55,한국투자일본혁신기업증권투자신탁(주식)(C-Pe),05Q45,05Q45,05Q55,X,X,X,05Q45,
2927,,,,,05Q45,,05Q56,한국투자일본혁신기업증권투자신탁(주식)(C-R),05Q45,05Q45,05Q56,X,X,X,05Q45,
2928,,,,,05Q45,,05Q57,한국투자일본혁신기업증권투자신탁(주식)(C-Re),05Q45,05Q45,05Q57,X,X,X,05Q45,
2929,,,,,05Q45,,05Q59,한국투자일본혁신기업증권투자신탁(주식)(S),05Q45,05Q45,05Q59,X,X,X,05Q45,
2930,,,,,05Q45,,05Q60,한국투자일본혁신기업증권투자신탁(주식)(S-P),05Q45,05Q45,05Q60,X,X,X,05Q45,
2931,,,,,05Q62,한국투자코스피솔루션증권투자신탁(채권혼합)(모),05Q63,한국투자코스피솔루션증권투자신탁(채권혼합)(A),05Q62,05Q62,05Q63,X,X,X,05Q62,한국투자코스피솔루션증권투자신탁(채권혼합)(모)
2932,,,,,05Q62,,05Q64,한국투자코스피솔루션증권투자신탁(채권혼합)(A-e),05Q62,05Q62,05Q64,X,X,X,05Q62,
2933,,,,,05Q62,,05Q66,한국투자코스피솔루션증권투자신탁(채권혼합)(C),05Q62,05Q62,05Q66,X,X,X,05Q62,
2934,,,,,05Q62,,05Q67,한국투자코스피솔루션증권투자신탁(채권혼합)(C-e),05Q62,05Q62,05Q67,X,X,X,05Q62,
2935,,,,,05Q62,,05Q68,한국투자코스피솔루션증권투자신탁(채권혼합)(C-F),05Q62,05Q62,05Q68,X,X,X,05Q62,
2936,,,,,05Q62,,05Q70,한국투자코스피솔루션증권투자신탁(채권혼합)(C-P),05Q62,05Q62,05Q70,X,X,X,05Q62,
2937,,,,,05Q62,,05Q71,한국투자코스피솔루션증권투자신탁(채권혼합)(C-Pe),05Q62,05Q62,05Q71,X,X,X,05Q62,
2938,,,,,05Q62,,05Q72,한국투자코스피솔루션증권투자신탁(채권혼합)(C-R),05Q62,05Q62,05Q72,X,X,X,05Q62,
2939,,,,,05Q62,,05Q73,한국투자코스피솔루션증권투자신탁(채권혼합)(C-Re),05Q62,05Q62,05Q73,X,X,X,05Q62,
2940,,,,,05Q62,,05Q74,한국투자코스피솔루션증권투자신탁(채권혼합)(C-W),05Q62,05Q62,05Q74,X,X,X,05Q62,
2941,,,,,05Q62,,05Q75,한국투자코스피솔루션증권투자신탁(채권혼합)(S),05Q62,05Q62,05Q75,X,X,X,05Q62,
2942,,,,,05Q62,,05Q76,한국투자코스피솔루션증권투자신탁(채권혼합)(S-P),05Q62,05Q62,05Q76,X,X,X,05Q62,
2943,,,,,05Q83,한국투자만기투자형증권투자신탁5호(채권)(모),05Q84,한국투자만기투자형증권투자신탁5호(채권)(C-J),05Q83,05Q83,05Q84,X,X,X,05Q83,한국투자만기투자형증권투자신탁5호(채권)(모)
2944,,,,,05Q83,,05Q85,한국투자만기투자형증권투자신탁5호(채권)(C-P),05Q83,05Q83,05Q85,X,X,X,05Q83,
2945,,,,,05Q83,,05Q86,한국투자만기투자형증권투자신탁5호(채권)(C-Pe),05Q83,05Q83,05Q86,X,X,X,05Q83,
2946,,,,,05Q83,,05Q87,한국투자만기투자형증권투자신탁5호(채권)(C-R),05Q83,05Q83,05Q87,X,X,X,05Q83,
2947,,,,,05Q83,,05Q88,한국투자만기투자형증권투자신탁5호(채권)(C-Re),05Q83,05Q83,05Q88,X,X,X,05Q83,
2948,,,,,05V01,한국투자글로벌착한기업ESG증권투자신탁(주식-재간접형)(모),05V02,한국투자글로벌착한기업ESG증권투자신탁(주식-재간접형)(A),05V01,05V01,05V02,X,X,X,05V01,한국투자글로벌착한기업ESG증권투자신탁(주식-재간접형)(모)
2949,,,,,05V01,,05V03,한국투자글로벌착한기업ESG증권투자신탁(주식-재간접형)(A-e),05V01,05V01,05V03,X,X,X,05V01,
2950,,,,,05V01,,05V05,한국투자글로벌착한기업ESG증권투자신탁(주식-재간접형)(C),05V01,05V01,05V05,X,X,X,05V01,
2951,,,,,05V01,,05V06,한국투자글로벌착한기업ESG증권투자신탁(주식-재간접형)(C-e),05V01,05V01,05V06,X,X,X,05V01,
2952,,,,,05V01,,05V07,한국투자글로벌착한기업ESG증권투자신탁(주식-재간접형)(C-F),05V01,05V01,05V07,X,X,X,05V01,
2953,,,,,05V01,,05V09,한국투자글로벌착한기업ESG증권투자신탁(주식-재간접형)(C-P),05V01,05V01,05V09,X,X,X,05V01,
2954,,,,,05V01,,05V10,한국투자글로벌착한기업ESG증권투자신탁(주식-재간접형)(C-Pe),05V01,05V01,05V10,X,X,X,05V01,
2955,,,,,05V01,,05V11,한국투자글로벌착한기업ESG증권투자신탁(주식-재간접형)(C-R),05V01,05V01,05V11,X,X,X,05V01,
2956,,,,,05V01,,05V12,한국투자글로벌착한기업ESG증권투자신탁(주식-재간접형)(C-Re),05V01,05V01,05V12,X,X,X,05V01,
2957,,,,,05V01,,05V13,한국투자글로벌착한기업ESG증권투자신탁(주식-재간접형)(C-W),05V01,05V01,05V13,X,X,X,05V01,
2958,,,,,05V01,,05V14,한국투자글로벌착한기업ESG증권투자신탁(주식-재간접형)(S),05V01,05V01,05V14,X,X,X,05V01,
2959,,,,,05V01,,05V15,한국투자글로벌착한기업ESG증권투자신탁(주식-재간접형)(S-P),05V01,05V01,05V15,X,X,X,05V01,
2960,,,,,05W91,한국투자다이나믹헤지인컴목표전환형증권투자신탁(채권-재간접형)(모),05W93,한국투자다이나믹헤지인컴목표전환형증권투자신탁(채권-재간접형)(A),05W91,05W91,05W93,X,X,X,05W91,한국투자다이나믹헤지인컴목표전환형증권투자신탁(채권-재간접형)(모)
2961,,,,,05W91,,05W95,한국투자다이나믹헤지인컴목표전환형증권투자신탁(채권-재간접형)(C),05W91,05W91,05W95,X,X,X,05W91,
2962,,,,,05W91,,05W96,한국투자다이나믹헤지인컴목표전환형증권투자신탁(채권-재간접형)(C-F),05W91,05W91,05W96,X,X,X,05W91,
2963,,,,,05W91,,05W97,한국투자다이나믹헤지인컴목표전환형증권투자신탁(채권-재간접형)(C-e),05W91,05W91,05W97,X,X,X,05W91,
2964,,,,,05X07,한국투자경기민감주목표전환형증권투자신탁1호(채권)(모),05X09,한국투자경기민감주목표전환형증권투자신탁1호(채권)(A),05X07,05X07,05X09,X,X,X,05X07,한국투자경기민감주목표전환형증권투자신탁1호(채권)(모)
2965,,,,,05X20,한국투자사모플렉서블증권투자신탁1호(주식혼합-파생형)(모),05X21,한국투자사모플렉서블증권투자신탁1호(주식혼합-파생형)(C-F),05X20,05X20,05X21,X,X,X,05X20,한국투자사모플렉서블증권투자신탁1호(주식혼합-파생형)(모)
2966,,,,,05X20,,05X22,한국투자사모플렉서블증권투자신탁1호(주식혼합-파생형)(C),05X20,05X20,05X22,X,X,X,05X20,
2967,,,,,05X26,한국투자유럽경기회복수혜주목표전환형증권투자신탁1호(채권-재간접형)(모),05X28,한국투자유럽경기회복수혜주목표전환형증권투자신탁1호(채권-재간접형)(A),05X26,05X26,05X28,X,X,X,05X26,한국투자유럽경기회복수혜주목표전환형증권투자신탁1호(채권-재간접형)(모)
2968,,,,,05X26,,05X29,한국투자유럽경기회복수혜주목표전환형증권투자신탁1호(채권-재간접형 )(C),05X26,05X26,05X29,X,X,X,05X26,
2969,,,,,05X43,한국투자달러표시중국국유기업목표전환형증권투자신탁(채권)(모),05X47,한국투자달러표시중국국유기업목표전환형증권투자신탁(채권)(A),05X43,05X43,05X47,X,X,X,05X43,한국투자달러표시중국국유기업목표전환형증권투자신탁(채권)(모)
2970,,,,,05X51,한국투자달러표시중국국유기업목표전환형증권투자신탁2호(채권)(모),05X52,한국투자달러표시중국국유기업목표전환형증권투자신탁2호(채권)(A),05X51,05X51,05X52,X,X,X,05X51,한국투자달러표시중국국유기업목표전환형증권투자신탁2호(채권)(모)
2971,,,,,05X51,,05X53,한국투자달러표시중국국유기업목표전환형증권투자신탁2호(채권)(C-F),05X51,05X51,05X53,X,X,X,05X51,
2972,,,,,05Z01,한국투자소부장코리아혼합자산투자신탁(사모투자재간접형)(모),05Z02,한국투자소부장코리아혼합자산투자신탁(사모투자재간접형)(A),05Z01,05Z01,05Z02,X,X,X,05Z01,한국투자소부장코리아혼합자산투자신탁(사모투자재간접형)(모)
2973,,,,,05Z01,,05Z03,한국투자소부장코리아혼합자산투자신탁(사모투자재간접형)(C),05Z01,05Z01,05Z03,X,X,X,05Z01,
2974,,,,,06A39,한국투자엄브렐러인덱스증권전환형투자신탁1호(주식-파생형)(모),04254,한국투자엄브렐러인덱스증권전환형투자신탁1호(주식-파생형)(A),06A39,06A39,04254,X,X,X,06A39,한국투자엄브렐러인덱스증권전환형투자신탁1호(주식-파생형)(모)
2975,,,,,06A39,,06D97,한국투자엄브렐러인덱스증권전환형투자신탁1호(주식-파생형)(A-I),06A39,06A39,06D97,X,X,X,06A39,
2976,,,,,06A39,,06F91,한국투자엄브렐러인덱스증권전환형투자신탁1호(주식-파생형)(S),06A39,06A39,06F91,X,X,X,06A39,
2977,,,,,06A39,,50016,한국투자엄브렐러인덱스증권전환형투자신탁1호(주식-파생형)(A-e),06A39,06A39,50016,X,X,X,06A39,
2978,,,,,06A41,한국투자엄브렐러리버스인덱스증권전환형투자신탁1호(주식-파생형)(모),04255,한국투자엄브렐러리버스인덱스증권전환형투자신탁1호(주식-파생형)(A),06A41,06A41,04255,X,X,X,06A41,한국투자엄브렐러리버스인덱스증권전환형투자신탁1호(주식-파생형)(모)
2979,,,,,06A41,,06F83,한국투자엄브렐러리버스인덱스증권전환형투자신탁1호(주식-파생형)(S),06A41,06A41,06F83,X,X,X,06A41,
2980,,,,,06A41,,50018,한국투자엄브렐러리버스인덱스증권전환형투자신탁1호(주식-파생형)(A-e),06A41,06A41,50018,X,X,X,06A41,
2981,,,,,06A43,한국투자엄브렐러국채선물인덱스증권전환형투자신탁1호(채권-파생형)(모),04606,한국투자엄브렐러국채선물인덱스증권전환형투자신탁1호(채권-파생형)(A),06A43,06A43,04606,X,X,X,06A43,한국투자엄브렐러국채선물인덱스증권전환형투자신탁1호(채권-파생형)(모)
2982,,,,,06A43,,50020,한국투자엄브렐러국채선물인덱스증권전환형투자신탁1호(채권-파생형)(A-e),06A43,06A43,50020,X,X,X,06A43,
2983,,,,,06A55,한국바이킹알파1단위파생상품투자1호(모),50021,한국바이킹알파1단위파생상품투자1호(A),06A55,06A55,50021,X,X,X,06A55,한국바이킹알파1단위파생상품투자1호(모)
2984,,,,,06A55,,50022,한국바이킹알파1단위파생상품투자1호(C),06A55,06A55,50022,X,X,X,06A55,
2985,,,,,06A55,,50023,한국바이킹알파1단위파생상품투자1호(C-I),06A55,06A55,50023,X,X,X,06A55,
2986,,,,,06A94,한국투자크루즈엄브렐러U5.6인덱스증권전환형투자신탁1호(주식-파생형)(모),50053,한국투자크루즈엄브렐러U5.6인덱스증권전환형투자신탁1호(주식-파생형)(C-W),06A94,06A94,50053,X,X,X,06A94,한국투자크루즈엄브렐러U5.6인덱스증권전환형투자신탁1호(주식-파생형)(모)
2987,,,,,06A94,,50A34,한국투자크루즈엄브렐러U5.6인덱스증권전환형투자신탁1호(주식-파생형)(A-e),06A94,06A94,50A34,X,X,X,06A94,
2988,,,,,06A94,,50A35,한국투자크루즈엄브렐러U5.6인덱스증권전환형투자신탁1호(주식-파생형)(C-e),06A94,06A94,50A35,X,X,X,06A94,
2989,,,,,06A96,한국투자크루즈엄브렐러U5.6리버스인덱스증권전환형투자신탁1호(주식-파생형)(모),50A36,한국투자크루즈엄브렐러U5.6리버스인덱스증권전환형투자신탁1호(주식-파생형)(A-e),06A96,06A96,50A36,X,X,X,06A96,한국투자크루즈엄브렐러U5.6리버스인덱스증권전환형투자신탁1호(주식-파생형)(모)
2990,,,,,06A96,,50A37,한국투자크루즈엄브렐러U5.6리버스인덱스증권전환형투자신탁1호(주식-파생형)(C-e),06A96,06A96,50A37,X,X,X,06A96,
2991,,,,,06F77,한국투자ELS지수연계솔루션증권투자신탁(주식혼합-파생형)(모),05H98,한국투자ELS지수연계솔루션증권투자신탁(주식혼합-파생형)(C-W),06F77,06F77,05H98,X,X,X,06F77,한국투자ELS지수연계솔루션증권투자신탁(주식혼합-파생형)(모)
2992,,,,,06F77,,06F78,한국투자ELS지수연계솔루션증권투자신탁(주식혼합-파생형)(A),06F77,06F77,06F78,X,X,X,06F77,
2993,,,,,06F77,,06F79,한국투자ELS지수연계솔루션증권투자신탁(주식혼합-파생형)(C),06F77,06F77,06F79,X,X,X,06F77,
2994,,,,,06F77,,06F80,한국투자ELS지수연계솔루션증권투자신탁(주식혼합-파생형)(C-F),06F77,06F77,06F80,X,X,X,06F77,
2995,,,,,06F77,,06F81,한국투자ELS지수연계솔루션증권투자신탁(주식혼합-파생형)(A-e),06F77,06F77,06F81,X,X,X,06F77,
2996,,,,,06F77,,06F82,한국투자ELS지수연계솔루션증권투자신탁(주식혼합-파생형)(C-e),06F77,06F77,06F82,X,X,X,06F77,
2997,,,,,06F99,한국투자KP플러스증권투자신탁1호(채권)(모),06G02,한국투자KP플러스증권투자신탁1호(채권)(C),06F99,06F99,06G02,X,X,X,06F99,한국투자KP플러스증권투자신탁1호(채권)(모)
2998,,,,,06G08,한국투자골드플랜연금증권전환형투자신탁1호(국공채)(모),03555,한국투자골드플랜연금증권전환형투자신탁1호(국공채)(C),06G08,06G08,03555,X,X,X,06G08,한국투자골드플랜연금증권전환형투자신탁1호(국공채)(모)
2999,,,,,06G08,,05B32,한국투자골드플랜연금증권전환형투자신탁1호(국공채)(C-e),06G08,06G08,05B32,X,X,X,06G08,
3000,,,,,06G08,,06G11,한국투자골드플랜연금증권전환형투자신탁1호(국공채)(S-P),06G08,06G08,06G11,X,X,X,06G08,
3001,,,,,06G35,한국투자금리연계전문투자형사모증권투자신탁10호(채권)(모),06G36,한국투자금리연계전문투자형사모증권투자신탁10호(채권)(C),06G35,06G35,06G36,X,X,X,06G35,한국투자금리연계전문투자형사모증권투자신탁10호(채권)(모)
3002,,,,,06G35,,06G37,한국투자금리연계전문투자형사모증권투자신탁10호(채권)(C-J),06G35,06G35,06G37,X,X,X,06G35,
3003,,,,,06G84,한국투자성장기업메자닌전문투자형사모투자신탁2호(모),06G85,한국투자성장기업메자닌전문투자형사모투자신탁2호(1종),06G84,06G84,06G85,X,X,X,06G84,한국투자성장기업메자닌전문투자형사모투자신탁2호(모)
3004,,,,,06G84,,06G86,한국투자성장기업메자닌전문투자형사모투자신탁2호(2종),06G84,06G84,06G86,X,X,X,06G84,
3005,,,,,06H12,한국투자베트남IPO전문투자형사모증권투자신탁1호(채권혼합)(모),06H13,한국투자베트남IPO전문투자형사모증권투자신탁1호(채권혼합)(A),06H12,06H12,06H13,X,X,X,06H12,한국투자베트남IPO전문투자형사모증권투자신탁1호(채권혼합)(모)
3006,,,,,06H12,,06H14,한국투자베트남IPO전문투자형사모증권투자신탁1호(채권혼합)(C-F),06H12,06H12,06H14,X,X,X,06H12,
3007,,,,,06H40,한국투자스마트전문투자형사모투자신탁1호(모),06H42,한국투자스마트전문투자형사모투자신탁1호(C-R),06H40,06H40,06H42,X,X,X,06H40,한국투자스마트전문투자형사모투자신탁1호(모)
3008,,,,,06H53,한국투자성장기업일반사모혼합자산투자신탁3호(모),06H54,한국투자성장기업일반사모혼합자산투자신탁3호(1종),06H53,06H53,06H54,X,X,X,06H53,한국투자성장기업일반사모혼합자산투자신탁3호(모)
3009,,,,,06H53,,06H55,한국투자성장기업일반사모혼합자산투자신탁3호(2종),06H53,06H53,06H55,X,X,X,06H53,
3010,,,,,06H85,한국투자대법인론전문투자형사모투자신탁1호(모),06H86,한국투자대법인론전문투자형사모투자신탁1호(1종),06H85,06H85,06H86,X,X,X,06H85,한국투자대법인론전문투자형사모투자신탁1호(모)
3011,,,,,06H85,,06H87,한국투자대법인론전문투자형사모투자신탁1호(2종),06H85,06H85,06H87,X,X,X,06H85,
3012,,,,,06K06,한국투자크레딧전문투자형사모증권투자신탁(채권)(모),06K07,한국투자크레딧전문투자형사모증권투자신탁(채권)(C-J),06K06,06K06,06K07,X,X,X,06K06,한국투자크레딧전문투자형사모증권투자신탁(채권)(모)
3013,,,,,06K06,,06K08,한국투자크레딧전문투자형사모증권투자신탁(채권)(C-R),06K06,06K06,06K08,X,X,X,06K06,
3014,,,,,06K41,한국투자베이직전문투자형사모증권투자신탁92호(채권)(모),06K42,한국투자베이직전문투자형사모증권투자신탁92호(채권)(C),06K41,06K41,06K42,X,X,X,06K41,한국투자베이직전문투자형사모증권투자신탁92호(채권)(모)
3015,,,,,06K41,,06K43,한국투자베이직전문투자형사모증권투자신탁92호(채권)(C-W),06K41,06K41,06K43,X,X,X,06K41,
3016,,,,,06K85,한국투자스마트글로벌전문투자형사모투자신탁(모),06K87,한국투자스마트글로벌전문투자형사모투자신탁(1종),06K85,06K85,06K87,X,X,X,06K85,한국투자스마트글로벌전문투자형사모투자신탁(모)
3017,,,,,06K85,,06K88,한국투자스마트글로벌전문투자형사모투자신탁(2종),06K85,06K85,06K88,X,X,X,06K85,
3018,,,,,06N62,한국투자인덱스플러스증권투자신탁1호(주식-파생형)(모),05B38,한국투자인덱스플러스증권투자신탁1호(주식-파생형)(C-Pe),06N62,06N62,05B38,X,X,X,06N62,한국투자인덱스플러스증권투자신탁1호(주식-파생형)(모)
3019,,,,,06N62,,05M34,한국투자인덱스플러스증권투자신탁1호(주식-파생형)(A-e),06N62,06N62,05M34,X,X,X,06N62,
3020,,,,,06N62,,06A28,한국투자인덱스플러스증권투자신탁1호(주식-파생형)(A-H),06N62,06N62,06A28,X,X,X,06N62,
3021,,,,,06N62,,06N59,한국투자인덱스플러스증권투자신탁1호(주식-파생형)(C),06N62,06N62,06N59,X,X,X,06N62,
3022,,,,,06N62,,06N60,한국투자인덱스플러스증권투자신탁1호(주식-파생형)(A),06N62,06N62,06N60,X,X,X,06N62,
3023,,,,,06N62,,06N66,한국투자인덱스플러스증권투자신탁1호(주식-파생형)(C-e),06N62,06N62,06N66,X,X,X,06N62,
3024,,,,,06N62,,06P17,한국투자인덱스플러스증권투자신탁1호(주식-파생형)(S),06N62,06N62,06P17,X,X,X,06N62,
3025,,,,,06N62,,06P18,한국투자인덱스플러스증권투자신탁1호(주식-파생형)(S-P),06N62,06N62,06P18,X,X,X,06N62,
3026,,,,,06N62,,07A23,한국투자인덱스플러스증권투자신탁1호(주식-파생형)(C-F),06N62,06N62,07A23,X,X,X,06N62,
3027,,,,,06N62,,50070,한국투자인덱스플러스증권투자신탁1호(주식-파생형)(C-P),06N62,06N62,50070,X,X,X,06N62,
3028,,,,,06P03,한국투자차익거래증권투자신탁1호(주식혼합-파생형)(모),03Y85,한국투자차익거래증권투자신탁1호(주식혼합-파생형)(C-I),06P03,06P03,03Y85,X,X,X,06P03,한국투자차익거래증권투자신탁1호(주식혼합-파생형)(모)
3029,,,,,06P03,,50046,한국투자차익거래증권투자신탁1호(주식혼합-파생형)(A),06P03,06P03,50046,X,X,X,06P03,
3030,,,,,06P03,,50047,한국투자차익거래증권투자신탁1호(주식혼합-파생형)(A-e),06P03,06P03,50047,X,X,X,06P03,
3031,,,,,06P03,,50048,한국투자차익거래증권투자신탁1호(주식혼합-파생형)(C),06P03,06P03,50048,X,X,X,06P03,
3032,,,,,06P03,,50049,한국투자차익거래증권투자신탁1호(주식혼합-파생형)(C-e),06P03,06P03,50049,X,X,X,06P03,
3033,,,,,06P11,한국투자두배로증권투자신탁1호(주식-재간접파생형)(모),06P12,한국투자두배로증권투자신탁1호(주식-재간접파생형)(A),06P11,06P11,06P12,X,X,X,06P11,한국투자두배로증권투자신탁1호(주식-재간접파생형)(모)
3034,,,,,06P11,,06P15,한국투자두배로증권투자신탁1호(주식-재간접파생형)(C-e),06P11,06P11,06P15,X,X,X,06P11,
3035,,,,,06P11,,06P16,한국투자두배로증권투자신탁1호(주식-재간접파생형)(C),06P11,06P11,06P16,X,X,X,06P11,
3036,,,,,06P11,,06P21,한국투자두배로증권투자신탁1호(주식-재간접파생형)(C2),06P11,06P11,06P21,X,X,X,06P11,
3037,,,,,06P11,,06P26,한국투자두배로증권투자신탁1호(주식-재간접파생형)(A-e),06P11,06P11,06P26,X,X,X,06P11,
3038,,,,,06P11,,06P27,한국투자두배로증권투자신탁1호(주식-재간접파생형)(C3),06P11,06P11,06P27,X,X,X,06P11,
3039,,,,,06P11,,06P28,한국투자두배로증권투자신탁1호(주식-재간접파생형)(C4),06P11,06P11,06P28,X,X,X,06P11,
3040,,,,,06P11,,09D69,한국투자두배로증권투자신탁1호(주식-재간접파생형)(S),06P11,06P11,09D69,X,X,X,06P11,
3041,,,,,06W07,한국투자중국공모주투자일반사모투자신탁1호(모),06W08,한국투자중국공모주투자일반사모투자신탁1호(A),06W07,06W07,06W08,X,X,X,06W07,한국투자중국공모주투자일반사모투자신탁1호(모)
3042,,,,,06W07,,06W09,한국투자중국공모주투자일반사모투자신탁1호(C),06W07,06W07,06W09,X,X,X,06W07,
3043,,,,,06W07,,06W15,한국투자중국공모주투자일반사모투자신탁1호(C-W),06W07,06W07,06W15,X,X,X,06W07,
3044,,,,,06W07,,06W22,한국투자중국공모주투자일반사모투자신탁1호(C-F),06W07,06W07,06W22,X,X,X,06W07,
3045,,,,,06W11,한국투자PIS스마트시티일반사모투자신탁1호(모),06W12,한국투자PIS스마트시티일반사모투자신탁1호(1종),06W11,06W11,06W12,X,X,X,06W11,한국투자PIS스마트시티일반사모투자신탁1호(모)
3046,,,,,06W11,,06W13,한국투자PIS스마트시티일반사모투자신탁1호(2종),06W11,06W11,06W13,X,X,X,06W11,
3047,,,,,06W47,한국투자스마트리얼에셋일반사모투자신탁2호(모),06W48,한국투자스마트리얼에셋일반사모투자신탁2호(1종),06W47,06W47,06W48,X,X,X,06W47,한국투자스마트리얼에셋일반사모투자신탁2호(모)
3048,,,,,06W47,,06W49,한국투자스마트리얼에셋일반사모투자신탁2호(2종),06W47,06W47,06W49,X,X,X,06W47,
3049,,,,,06W71,한국투자스마트리얼에셋일반사모투자신탁3호(모),06W72,한국투자스마트리얼에셋일반사모투자신탁3호(1종),06W71,06W71,06W72,X,X,X,06W71,한국투자스마트리얼에셋일반사모투자신탁3호(모)
3050,,,,,06W71,,06W73,한국투자스마트리얼에셋일반사모투자신탁3호(2종),06W71,06W71,06W73,X,X,X,06W71,
3051,,,,,06W79,한국투자개발금융일반사모투자신탁1-1호(모),06W80,한국투자개발금융일반사모투자신탁1-1호(1종),06W79,06W79,06W80,X,X,X,06W79,한국투자개발금융일반사모투자신탁1-1호(모)
3052,,,,,06W79,,06W81,한국투자개발금융일반사모투자신탁1-1호(2종),06W79,06W79,06W81,X,X,X,06W79,
3053,,,,,06W86,한국투자3개월매칭형일반사모증권투자신탁(채권)(모),06W87,한국투자3개월매칭형일반사모증권투자신탁(채권)(C),06W86,06W86,06W87,X,X,X,06W86,한국투자3개월매칭형일반사모증권투자신탁(채권)(모)
3054,,,,,06W89,한국투자단기채권형일반사모증권투자신탁(채권)(모),06W90,한국투자단기채권형일반사모증권투자신탁(채권)(C),06W89,06W89,06W90,X,X,X,06W89,한국투자단기채권형일반사모증권투자신탁(채권)(모)
3055,,,,,06W92,한국투자6개월매칭형일반사모증권투자신탁(채권)(모),06W93,한국투자6개월매칭형일반사모증권투자신탁(채권)(C),06W92,06W92,06W93,X,X,X,06W92,한국투자6개월매칭형일반사모증권투자신탁(채권)(모)
3056,,,,,06X01,한국투자개발프론티어블라인드일반사모투자신탁1호(모),06X02,한국투자개발프론티어블라인드일반사모투자신탁1호(1종),06X01,06X01,06X02,X,X,X,06X01,한국투자개발프론티어블라인드일반사모투자신탁1호(모)
3057,,,,,06X01,,06X03,한국투자개발프론티어블라인드일반사모투자신탁1호(2종),06X01,06X01,06X03,X,X,X,06X01,
3058,,,,,06X04,한국투자중구오피스일반사모부동산투자신탁(재간접형)(모),06X05,한국투자중구오피스일반사모부동산투자신탁(재간접형)(1종),06X04,06X04,06X05,X,X,X,06X04,한국투자중구오피스일반사모부동산투자신탁(재간접형)(모)
3059,,,,,06X04,,06X06,한국투자중구오피스일반사모부동산투자신탁(재간접형)(2종),06X04,06X04,06X06,X,X,X,06X04,
3060,,,,,06X24,한국투자개발시드일반사모투자신탁1호(모),06X25,한국투자개발시드일반사모투자신탁1호(1종),06X24,06X24,06X25,X,X,X,06X24,한국투자개발시드일반사모투자신탁1호(모)
3061,,,,,06X24,,06X26,한국투자개발시드일반사모투자신탁1호(2종),06X24,06X24,06X26,X,X,X,06X24,
3062,,,,,06X34,한국투자글로벌셀렉티브부동산블라인드일반사모투자신탁1-1호(모),06X35,한국투자글로벌셀렉티브부동산블라인드일반사모투자신탁1-1호(1종),06X34,06X34,06X35,X,X,X,06X34,한국투자글로벌셀렉티브부동산블라인드일반사모투자신탁1-1호(모)
3063,,,,,06X34,,06X36,한국투자글로벌셀렉티브부동산블라인드일반사모투자신탁1-1호(2종),06X34,06X34,06X36,X,X,X,06X34,
3064,,,,,06X40,한국투자개발브릿지블라인드일반사모투자신탁1-1호(모),06X41,한국투자개발브릿지블라인드일반사모투자신탁1-1호(1종),06X40,06X40,06X41,X,X,X,06X40,한국투자개발브릿지블라인드일반사모투자신탁1-1호(모)
3065,,,,,06X40,,06X42,한국투자개발브릿지블라인드일반사모투자신탁1-1호(2종),06X40,06X40,06X42,X,X,X,06X40,
3066,,,,,06X46,한국투자탑메자닌일반사모부동산투자신탁1호(모),06X47,한국투자탑메자닌일반사모부동산투자신탁1호(1종),06X46,06X46,06X47,X,X,X,06X46,한국투자탑메자닌일반사모부동산투자신탁1호(모)
3067,,,,,06X46,,06X48,한국투자탑메자닌일반사모부동산투자신탁1호(2종),06X46,06X46,06X48,X,X,X,06X46,
3068,,,,,06X62,한국투자개발브릿지블라인드일반사모투자신탁2호(모),06X63,한국투자개발브릿지블라인드일반사모투자신탁2호(1종),06X62,06X62,06X63,X,X,X,06X62,한국투자개발브릿지블라인드일반사모투자신탁2호(모)
3069,,,,,06X62,,06X64,한국투자개발브릿지블라인드일반사모투자신탁2호(2종),06X62,06X62,06X64,X,X,X,06X62,
3070,,,,,06X67,한국투자KIARA일반사모투자신탁(파생형)(모),06X68,한국투자KIARA일반사모투자신탁(파생형)(A),06X67,06X67,06X68,X,X,X,06X67,한국투자KIARA일반사모투자신탁(파생형)(모)
3071,,,,,06X67,,06X69,한국투자KIARA일반사모투자신탁(파생형)(C-F),06X67,06X67,06X69,X,X,X,06X67,
3072,,,,,06X82,한국투자도쿄간다오피스일반사모부동산투자신탁(파생형)(모),06X83,한국투자도쿄간다오피스일반사모부동산투자신탁(파생형)(1종),06X82,06X82,06X83,X,X,X,06X82,한국투자도쿄간다오피스일반사모부동산투자신탁(파생형)(모)
3073,,,,,06X82,,06X84,한국투자도쿄간다오피스일반사모부동산투자신탁(파생형)(2종),06X82,06X82,06X84,X,X,X,06X82,
3074,,,,,06Y04,한국투자뉴에이스일반사모증권투자신탁1호(채권)(모),06Y05,한국투자뉴에이스일반사모증권투자신탁1호(채권)(1종),06Y04,06Y04,06Y05,X,X,X,06Y04,한국투자뉴에이스일반사모증권투자신탁1호(채권)(모)
3075,,,,,06Y04,,06Y06,한국투자뉴에이스일반사모증권투자신탁1호(채권)(2종),06Y04,06Y04,06Y06,X,X,X,06Y04,
3076,,,,,06Y22,한국투자글로벌전기차&배터리일반사모투자신탁(모),06Y23,한국투자글로벌전기차&배터리일반사모투자신탁(1종),06Y22,06Y22,06Y23,X,X,X,06Y22,한국투자글로벌전기차&배터리일반사모투자신탁(모)
3077,,,,,06Y22,,06Y24,한국투자글로벌전기차&배터리일반사모투자신탁(2종),06Y22,06Y22,06Y24,X,X,X,06Y22,
3078,,,,,06Y30,한국투자베트남EMP알파일반사모투자신탁(모),06Y31,한국투자베트남EMP알파일반사모투자신탁(1종),06Y30,06Y30,06Y31,X,X,X,06Y30,한국투자베트남EMP알파일반사모투자신탁(모)
3079,,,,,06Y30,,06Y32,한국투자베트남EMP알파일반사모투자신탁(2종),06Y30,06Y30,06Y32,X,X,X,06Y30,
3080,,,,,06Y51,한국투자반도체핵심기업일반사모증권투자신탁(모),06Y52,한국투자반도체핵심기업일반사모증권투자신탁(1종),06Y51,06Y51,06Y52,X,X,X,06Y51,한국투자반도체핵심기업일반사모증권투자신탁(모)
3081,,,,,06Y51,,06Y53,한국투자반도체핵심기업일반사모증권투자신탁(2종),06Y51,06Y51,06Y53,X,X,X,06Y51,
3082,,,,,06Y54,한국투자AI성장리더기업일반사모증권투자신탁(모),06Y55,한국투자AI성장리더기업일반사모증권투자신탁(1종),06Y54,06Y54,06Y55,X,X,X,06Y54,한국투자AI성장리더기업일반사모증권투자신탁(모)
3083,,,,,06Y54,,06Y56,한국투자AI성장리더기업일반사모증권투자신탁(2종),06Y54,06Y54,06Y56,X,X,X,06Y54,
3084,,,,,06Y57,한국투자자율주행전기차일반사모증권투자신탁(모),06Y58,한국투자자율주행전기차일반사모증권투자신탁(1종),06Y57,06Y57,06Y58,X,X,X,06Y57,한국투자자율주행전기차일반사모증권투자신탁(모)
3085,,,,,06Y57,,06Y59,한국투자자율주행전기차일반사모증권투자신탁(2종),06Y57,06Y57,06Y59,X,X,X,06Y57,
3086,,,,,06Y60,한국투자바이오혁신리더일반사모증권투자신탁(모),06Y61,한국투자바이오혁신리더일반사모증권투자신탁(1종),06Y60,06Y60,06Y61,X,X,X,06Y60,한국투자바이오혁신리더일반사모증권투자신탁(모)
3087,,,,,06Y60,,06Y62,한국투자바이오혁신리더일반사모증권투자신탁(2종),06Y60,06Y60,06Y62,X,X,X,06Y60,
3088,,,,,06Y63,한국투자글로벌명품기업일반사모증권투자신탁(모),06Y64,한국투자글로벌명품기업일반사모증권투자신탁(1종),06Y63,06Y63,06Y64,X,X,X,06Y63,한국투자글로벌명품기업일반사모증권투자신탁(모)
3089,,,,,06Y63,,06Y65,한국투자글로벌명품기업일반사모증권투자신탁(2종),06Y63,06Y63,06Y65,X,X,X,06Y63,
3090,,,,,06Y66,한국투자글로벌우주경제일반사모증권투자신탁(모),06Y67,한국투자글로벌우주경제일반사모증권투자신탁(1종),06Y66,06Y66,06Y67,X,X,X,06Y66,한국투자글로벌우주경제일반사모증권투자신탁(모)
3091,,,,,06Y66,,06Y68,한국투자글로벌우주경제일반사모증권투자신탁(2종),06Y66,06Y66,06Y68,X,X,X,06Y66,
3092,,,,,06Y69,한국투자클라우드일반사모증권투자신탁(모),06Y70,한국투자클라우드일반사모증권투자신탁(1종),06Y69,06Y69,06Y70,X,X,X,06Y69,한국투자클라우드일반사모증권투자신탁(모)
3093,,,,,06Y69,,06Y71,한국투자클라우드일반사모증권투자신탁(2종),06Y69,06Y69,06Y71,X,X,X,06Y69,
3094,,,,,06Y78,한국투자앱솔루트일반사모증권투자신탁1호(채권)(모),06Y79,한국투자앱솔루트일반사모증권투자신탁1호(채권)(C),06Y78,06Y78,06Y79,X,X,X,06Y78,한국투자앱솔루트일반사모증권투자신탁1호(채권)(모)
3095,,,,,06Y78,,06Y80,한국투자앱솔루트일반사모증권투자신탁1호(채권)(C-R),06Y78,06Y78,06Y80,X,X,X,06Y78,
3096,,,,,06Z12,한국투자뉴에이스일반사모증권투자신탁2호(채권)(모),06Z13,한국투자뉴에이스일반사모증권투자신탁2호(채권)(A),06Z12,06Z12,06Z13,X,X,X,06Z12,한국투자뉴에이스일반사모증권투자신탁2호(채권)(모)
3097,,,,,06Z21,한국투자뉴에이스일반사모증권투자신탁3호(채권)(모),06Z22,한국투자뉴에이스일반사모증권투자신탁3호(채권)(1종),06Z21,06Z21,06Z22,X,X,X,06Z21,한국투자뉴에이스일반사모증권투자신탁3호(채권)(모)
3098,,,,,06Z21,,06Z23,한국투자뉴에이스일반사모증권투자신탁3호(채권)(2종),06Z21,06Z21,06Z23,X,X,X,06Z21,
3099,,,,,06Z30,한국투자클라우드&AI서비스일반사모증권투자신탁(모),06Z31,한국투자클라우드&AI서비스일반사모증권투자신탁(1종),06Z30,06Z30,06Z31,X,X,X,06Z30,한국투자클라우드&AI서비스일반사모증권투자신탁(모)
3100,,,,,06Z30,,06Z32,한국투자클라우드&AI서비스일반사모증권투자신탁(2종),06Z30,06Z30,06Z32,X,X,X,06Z30,
3101,,,,,06Z33,한국투자IT시스템일반사모증권투자신탁(모),06Z34,한국투자IT시스템일반사모증권투자신탁(1종),06Z33,06Z33,06Z34,X,X,X,06Z33,한국투자IT시스템일반사모증권투자신탁(모)
3102,,,,,06Z33,,06Z35,한국투자IT시스템일반사모증권투자신탁(2종),06Z33,06Z33,06Z35,X,X,X,06Z33,
3103,,,,,06Z36,한국투자반도체솔루션일반사모증권투자신탁(모),06Z37,한국투자반도체솔루션일반사모증권투자신탁(1종),06Z36,06Z36,06Z37,X,X,X,06Z36,한국투자반도체솔루션일반사모증권투자신탁(모)
3104,,,,,06Z36,,06Z38,한국투자반도체솔루션일반사모증권투자신탁(2종),06Z36,06Z36,06Z38,X,X,X,06Z36,
3105,,,,,06Z39,한국투자스마트헬스케어일반사모증권투자신탁(모),06Z40,한국투자스마트헬스케어일반사모증권투자신탁(1종),06Z39,06Z39,06Z40,X,X,X,06Z39,한국투자스마트헬스케어일반사모증권투자신탁(모)
3106,,,,,06Z39,,06Z41,한국투자스마트헬스케어일반사모증권투자신탁(2종),06Z39,06Z39,06Z41,X,X,X,06Z39,
3107,,,,,06Z42,한국투자자동화&모빌리티서비스일반사모증권투자신탁(모),06Z43,한국투자자동화&모빌리티서비스일반사모증권투자신탁(1종),06Z42,06Z42,06Z43,X,X,X,06Z42,한국투자자동화&모빌리티서비스일반사모증권투자신탁(모)
3108,,,,,06Z42,,06Z44,한국투자자동화&모빌리티서비스일반사모증권투자신탁(2종),06Z42,06Z42,06Z44,X,X,X,06Z42,
3109,,,,,06Z45,한국투자빅테크플랫폼일반사모증권투자신탁(모),06Z46,한국투자빅테크플랫폼일반사모증권투자신탁(1종),06Z45,06Z45,06Z46,X,X,X,06Z45,한국투자빅테크플랫폼일반사모증권투자신탁(모)
3110,,,,,06Z45,,06Z47,한국투자빅테크플랫폼일반사모증권투자신탁(2종),06Z45,06Z45,06Z47,X,X,X,06Z45,
3111,,,,,06Z48,한국투자미래금융서비스일반사모증권투자신탁(모),06Z49,한국투자미래금융서비스일반사모증권투자신탁(1종),06Z48,06Z48,06Z49,X,X,X,06Z48,한국투자미래금융서비스일반사모증권투자신탁(모)
3112,,,,,06Z48,,06Z50,한국투자미래금융서비스일반사모증권투자신탁(2종),06Z48,06Z48,06Z50,X,X,X,06Z48,
3113,,,,,06Z57,한국투자뉴에이스일반사모증권투자신탁4호(채권)(모),06Z58,한국투자뉴에이스일반사모증권투자신탁4호(채권)(1종),06Z57,06Z57,06Z58,X,X,X,06Z57,한국투자뉴에이스일반사모증권투자신탁4호(채권)(모)
3114,,,,,06Z57,,06Z59,한국투자뉴에이스일반사모증권투자신탁4호(채권)(2종),06Z57,06Z57,06Z59,X,X,X,06Z57,
3115,,,,,06Z74,한국투자뉴에이스일반사모증권투자신탁5호(채권)(모),06Z75,한국투자뉴에이스일반사모증권투자신탁5호(채권)(1종),06Z74,06Z74,06Z75,X,X,X,06Z74,한국투자뉴에이스일반사모증권투자신탁5호(채권)(모)
3116,,,,,06Z74,,06Z76,한국투자뉴에이스일반사모증권투자신탁5호(채권)(2종),06Z74,06Z74,06Z76,X,X,X,06Z74,
3117,,,,,06Z81,한국투자2차전지&소부장일반사모증권투자신탁(모),06Z82,한국투자2차전지&소부장일반사모증권투자신탁(1종),06Z81,06Z81,06Z82,X,X,X,06Z81,한국투자2차전지&소부장일반사모증권투자신탁(모)
3118,,,,,06Z81,,06Z83,한국투자2차전지&소부장일반사모증권투자신탁(2종),06Z81,06Z81,06Z83,X,X,X,06Z81,
3119,,,,,06Z84,한국투자모빌리티전장일반사모증권투자신탁(모),06Z85,한국투자모빌리티전장일반사모증권투자신탁(1종),06Z84,06Z84,06Z85,X,X,X,06Z84,한국투자모빌리티전장일반사모증권투자신탁(모)
3120,,,,,06Z84,,06Z86,한국투자모빌리티전장일반사모증권투자신탁(2종),06Z84,06Z84,06Z86,X,X,X,06Z84,
3121,,,,,06Z87,한국투자바이오위탁생산&바이오시밀러일반사모증권투자신탁(모),06Z88,한국투자바이오위탁생산&바이오시밀러일반사모증권투자신탁(1종),06Z87,06Z87,06Z88,X,X,X,06Z87,한국투자바이오위탁생산&바이오시밀러일반사모증권투자신탁(모)
3122,,,,,06Z87,,06Z89,한국투자바이오위탁생산&바이오시밀러일반사모증권투자신탁(2종),06Z87,06Z87,06Z89,X,X,X,06Z87,
3123,,,,,06Z90,한국투자반도체소부장일반사모증권투자신탁(모),06Z91,한국투자반도체소부장일반사모증권투자신탁(1종),06Z90,06Z90,06Z91,X,X,X,06Z90,한국투자반도체소부장일반사모증권투자신탁(모)
3124,,,,,06Z90,,06Z92,한국투자반도체소부장일반사모증권투자신탁(2종),06Z90,06Z90,06Z92,X,X,X,06Z90,
3125,,,,,06Z93,한국투자웨어러블&차세대통신기술일반사모증권투자신탁(모),06Z94,한국투자웨어러블&차세대통신기술일반사모증권투자신탁(1종),06Z93,06Z93,06Z94,X,X,X,06Z93,한국투자웨어러블&차세대통신기술일반사모증권투자신탁(모)
3126,,,,,06Z93,,06Z95,한국투자웨어러블&차세대통신기술일반사모증권투자신탁(2종),06Z93,06Z93,06Z95,X,X,X,06Z93,
3127,,,,,06Z96,한국투자인공지능&로보틱스일반사모증권투자신탁(모),06Z97,한국투자인공지능&로보틱스일반사모증권투자신탁(1종),06Z96,06Z96,06Z97,X,X,X,06Z96,한국투자인공지능&로보틱스일반사모증권투자신탁(모)
3128,,,,,06Z96,,06Z98,한국투자인공지능&로보틱스일반사모증권투자신탁(2종),06Z96,06Z96,06Z98,X,X,X,06Z96,
3129,,,,,07B03,한국투자시스템알파증권투자신탁(채권-파생형)(모),07B09,한국투자시스템알파증권투자신탁(채권-파생형)(C-W),07B03,07B03,07B09,X,X,X,07B03,한국투자시스템알파증권투자신탁(채권-파생형)(모)
3130,,,,,07J04,한국투자크레딧플러스증권투자신탁(채권)(모),07J09,한국투자크레딧플러스증권투자신탁(채권)(C-F),07J04,07J04,07J09,X,X,X,07J04,한국투자크레딧플러스증권투자신탁(채권)(모)
3131,,,,,07J04,,07J10,한국투자크레딧플러스증권투자신탁(채권)(C-V),07J04,07J04,07J10,X,X,X,07J04,
3132,,,,,07J15,한국투자이탈리아물류부동산투자신탁1호(모),07J16,한국투자이탈리아물류부동산투자신탁1호(A),07J15,07J15,07J16,X,X,X,07J15,한국투자이탈리아물류부동산투자신탁1호(모)
3133,,,,,07J66,한국투자적격TDF알아서ETF포커스2030증권투자신탁(주식혼합-재간접형)(모),07J67,한국투자적격TDF알아서ETF포커스2030증권투자신탁(주식혼합-재간접형)(C-R),07J66,07J66,07J67,X,X,X,07J66,한국투자적격TDF알아서ETF포커스2030증권투자신탁(주식혼합-재간접형)(모)
3134,,,,,07J66,,07J68,한국투자적격TDF알아서ETF포커스2030증권투자신탁(주식혼합-재간접형)(C-Re),07J66,07J66,07J68,X,X,X,07J66,
3135,,,,,07J66,,07J69,한국투자적격TDF알아서ETF포커스2030증권투자신탁(주식혼합-재간접형)(C-F),07J66,07J66,07J69,X,X,X,07J66,
3136,,,,,07J66,,07M07,한국투자적격TDF알아서ETF포커스2030증권투자신탁(주식혼합-재간접형)(A),07J66,07J66,07M07,X,X,X,07J66,
3137,,,,,07J66,,07M08,한국투자적격TDF알아서ETF포커스2030증권투자신탁(주식혼합-재간접형)(A-e),07J66,07J66,07M08,X,X,X,07J66,
3138,,,,,07J66,,07M09,한국투자적격TDF알아서ETF포커스2030증권투자신탁(주식혼합-재간접형)(C),07J66,07J66,07M09,X,X,X,07J66,
3139,,,,,07J66,,07M10,한국투자적격TDF알아서ETF포커스2030증권투자신탁(주식혼합-재간접형)(C-e),07J66,07J66,07M10,X,X,X,07J66,
3140,,,,,07J66,,07M11,한국투자적격TDF알아서ETF포커스2030증권투자신탁(주식혼합-재간접형)(C-P),07J66,07J66,07M11,X,X,X,07J66,
3141,,,,,07J66,,07M12,한국투자적격TDF알아서ETF포커스2030증권투자신탁(주식혼합-재간접형)(C-Pe),07J66,07J66,07M12,X,X,X,07J66,
3142,,,,,07J66,,07P40,한국투자적격TDF알아서ETF포커스2030증권투자신탁(주식혼합-재간접형)(S),07J66,07J66,07P40,X,X,X,07J66,
3143,,,,,07J66,,07P41,한국투자적격TDF알아서ETF포커스2030증권투자신탁(주식혼합-재간접형)(S-P),07J66,07J66,07P41,X,X,X,07J66,
3144,,,,,07J66,,07P42,한국투자적격TDF알아서ETF포커스2030증권투자신탁(주식혼합-재간접형)(S-R),07J66,07J66,07P42,X,X,X,07J66,
3145,,,,,07J71,한국투자적격TDF알아서ETF포커스2035증권투자신탁(주식혼합-재간접형)(모),07J72,한국투자적격TDF알아서ETF포커스2035증권투자신탁(주식혼합-재간접형)(C-R),07J71,07J71,07J72,X,X,X,07J71,한국투자적격TDF알아서ETF포커스2035증권투자신탁(주식혼합-재간접형)(모)
3146,,,,,07J71,,07J73,한국투자적격TDF알아서ETF포커스2035증권투자신탁(주식혼합-재간접형)(C-Re),07J71,07J71,07J73,X,X,X,07J71,
3147,,,,,07J71,,07J74,한국투자적격TDF알아서ETF포커스2035증권투자신탁(주식혼합-재간접형)(C-F),07J71,07J71,07J74,X,X,X,07J71,
3148,,,,,07J71,,07M13,한국투자적격TDF알아서ETF포커스2035증권투자신탁(주식혼합-재간접형)(A),07J71,07J71,07M13,X,X,X,07J71,
3149,,,,,07J71,,07M14,한국투자적격TDF알아서ETF포커스2035증권투자신탁(주식혼합-재간접형)(A-e),07J71,07J71,07M14,X,X,X,07J71,
3150,,,,,07J71,,07M15,한국투자적격TDF알아서ETF포커스2035증권투자신탁(주식혼합-재간접형)(C),07J71,07J71,07M15,X,X,X,07J71,
3151,,,,,07J71,,07M16,한국투자적격TDF알아서ETF포커스2035증권투자신탁(주식혼합-재간접형)(C-e),07J71,07J71,07M16,X,X,X,07J71,
3152,,,,,07J71,,07M17,한국투자적격TDF알아서ETF포커스2035증권투자신탁(주식혼합-재간접형)(C-P),07J71,07J71,07M17,X,X,X,07J71,
3153,,,,,07J71,,07M18,한국투자적격TDF알아서ETF포커스2035증권투자신탁(주식혼합-재간접형)(C-Pe),07J71,07J71,07M18,X,X,X,07J71,
3154,,,,,07J76,한국투자적격TDF알아서ETF포커스2040증권투자신탁(주식혼합-재간접형)(모),07J77,한국투자적격TDF알아서ETF포커스2040증권투자신탁(주식혼합-재간접형)(C-R),07J76,07J76,07J77,X,X,X,07J76,한국투자적격TDF알아서ETF포커스2040증권투자신탁(주식혼합-재간접형)(모)
3155,,,,,07J76,,07J78,한국투자적격TDF알아서ETF포커스2040증권투자신탁(주식혼합-재간접형)(C-Re),07J76,07J76,07J78,X,X,X,07J76,
3156,,,,,07J76,,07J79,한국투자적격TDF알아서ETF포커스2040증권투자신탁(주식혼합-재간접형)(C-F),07J76,07J76,07J79,X,X,X,07J76,
3157,,,,,07J76,,07M19,한국투자적격TDF알아서ETF포커스2040증권투자신탁(주식혼합-재간접형)(A),07J76,07J76,07M19,X,X,X,07J76,
3158,,,,,07J76,,07M20,한국투자적격TDF알아서ETF포커스2040증권투자신탁(주식혼합-재간접형)(A-e),07J76,07J76,07M20,X,X,X,07J76,
3159,,,,,07J76,,07M21,한국투자적격TDF알아서ETF포커스2040증권투자신탁(주식혼합-재간접형)(C),07J76,07J76,07M21,X,X,X,07J76,
3160,,,,,07J76,,07M22,한국투자적격TDF알아서ETF포커스2040증권투자신탁(주식혼합-재간접형)(C-e),07J76,07J76,07M22,X,X,X,07J76,
3161,,,,,07J76,,07M23,한국투자적격TDF알아서ETF포커스2040증권투자신탁(주식혼합-재간접형)(C-P),07J76,07J76,07M23,X,X,X,07J76,
3162,,,,,07J76,,07M24,한국투자적격TDF알아서ETF포커스2040증권투자신탁(주식혼합-재간접형)(C-Pe),07J76,07J76,07M24,X,X,X,07J76,
3163,,,,,07J76,,07P43,한국투자적격TDF알아서ETF포커스2040증권투자신탁(주식혼합-재간접형)(S),07J76,07J76,07P43,X,X,X,07J76,
3164,,,,,07J76,,07P44,한국투자적격TDF알아서ETF포커스2040증권투자신탁(주식혼합-재간접형)(S-P),07J76,07J76,07P44,X,X,X,07J76,
3165,,,,,07J76,,07P45,한국투자적격TDF알아서ETF포커스2040증권투자신탁(주식혼합-재간접형)(S-R),07J76,07J76,07P45,X,X,X,07J76,
3166,,,,,07J81,한국투자적격TDF알아서ETF포커스2045증권투자신탁(주식혼합-재간접형)(모),07J82,한국투자적격TDF알아서ETF포커스2045증권투자신탁(주식혼합-재간접형)(C-R),07J81,07J81,07J82,X,X,X,07J81,한국투자적격TDF알아서ETF포커스2045증권투자신탁(주식혼합-재간접형)(모)
3167,,,,,07J81,,07J83,한국투자적격TDF알아서ETF포커스2045증권투자신탁(주식혼합-재간접형)(C-Re),07J81,07J81,07J83,X,X,X,07J81,
3168,,,,,07J81,,07J84,한국투자적격TDF알아서ETF포커스2045증권투자신탁(주식혼합-재간접형)(C-F),07J81,07J81,07J84,X,X,X,07J81,
3169,,,,,07J81,,07M25,한국투자적격TDF알아서ETF포커스2045증권투자신탁(주식혼합-재간접형)(A),07J81,07J81,07M25,X,X,X,07J81,
3170,,,,,07J81,,07M26,한국투자적격TDF알아서ETF포커스2045증권투자신탁(주식혼합-재간접형)(A-e),07J81,07J81,07M26,X,X,X,07J81,
3171,,,,,07J81,,07M27,한국투자적격TDF알아서ETF포커스2045증권투자신탁(주식혼합-재간접형)(C),07J81,07J81,07M27,X,X,X,07J81,
3172,,,,,07J81,,07M28,한국투자적격TDF알아서ETF포커스2045증권투자신탁(주식혼합-재간접형)(C-e),07J81,07J81,07M28,X,X,X,07J81,
3173,,,,,07J81,,07M29,한국투자적격TDF알아서ETF포커스2045증권투자신탁(주식혼합-재간접형)(C-P),07J81,07J81,07M29,X,X,X,07J81,
3174,,,,,07J81,,07M30,한국투자적격TDF알아서ETF포커스2045증권투자신탁(주식혼합-재간접형)(C-Pe),07J81,07J81,07M30,X,X,X,07J81,
3175,,,,,07J81,,07Z91,한국투자적격TDF알아서ETF포커스2045증권투자신탁(주식혼합-재간접형)(S),07J81,07J81,07Z91,X,X,X,07J81,
3176,,,,,07J81,,07Z92,한국투자적격TDF알아서ETF포커스2045증권투자신탁(주식혼합-재간접형)(S-R),07J81,07J81,07Z92,X,X,X,07J81,
3177,,,,,07J81,,07Z94,한국투자적격TDF알아서ETF포커스2045증권투자신탁(주식혼합-재간접형)(S-P),07J81,07J81,07Z94,X,X,X,07J81,
3178,,,,,07J86,한국투자적격TDF알아서ETF포커스2050증권투자신탁(주식혼합-재간접형)(모),07J87,한국투자적격TDF알아서ETF포커스2050증권투자신탁(주식혼합-재간접형)(C-R),07J86,07J86,07J87,X,X,X,07J86,한국투자적격TDF알아서ETF포커스2050증권투자신탁(주식혼합-재간접형)(모)
3179,,,,,07J86,,07J88,한국투자적격TDF알아서ETF포커스2050증권투자신탁(주식혼합-재간접형)(C-Re),07J86,07J86,07J88,X,X,X,07J86,
3180,,,,,07J86,,07J89,한국투자적격TDF알아서ETF포커스2050증권투자신탁(주식혼합-재간접형)(C-F),07J86,07J86,07J89,X,X,X,07J86,
3181,,,,,07J86,,07M31,한국투자적격TDF알아서ETF포커스2050증권투자신탁(주식혼합-재간접형)(A),07J86,07J86,07M31,X,X,X,07J86,
3182,,,,,07J86,,07M32,한국투자적격TDF알아서ETF포커스2050증권투자신탁(주식혼합-재간접형)(A-e),07J86,07J86,07M32,X,X,X,07J86,
3183,,,,,07J86,,07M33,한국투자적격TDF알아서ETF포커스2050증권투자신탁(주식혼합-재간접형)(C),07J86,07J86,07M33,X,X,X,07J86,
3184,,,,,07J86,,07M34,한국투자적격TDF알아서ETF포커스2050증권투자신탁(주식혼합-재간접형)(C-e),07J86,07J86,07M34,X,X,X,07J86,
3185,,,,,07J86,,07M35,한국투자적격TDF알아서ETF포커스2050증권투자신탁(주식혼합-재간접형)(C-P),07J86,07J86,07M35,X,X,X,07J86,
3186,,,,,07J86,,07M36,한국투자적격TDF알아서ETF포커스2050증권투자신탁(주식혼합-재간접형)(C-Pe),07J86,07J86,07M36,X,X,X,07J86,
3187,,,,,07J86,,07P46,한국투자적격TDF알아서ETF포커스2050증권투자신탁(주식혼합-재간접형)(S),07J86,07J86,07P46,X,X,X,07J86,
3188,,,,,07J86,,07P47,한국투자적격TDF알아서ETF포커스2050증권투자신탁(주식혼합-재간접형)(S-P),07J86,07J86,07P47,X,X,X,07J86,
3189,,,,,07J86,,07P48,한국투자적격TDF알아서ETF포커스2050증권투자신탁(주식혼합-재간접형)(S-R),07J86,07J86,07P48,X,X,X,07J86,
3190,,,,,07J91,한국투자적격TDF알아서ETF포커스2055증권투자신탁(주식혼합-재간접형)(모),07J92,한국투자적격TDF알아서ETF포커스2055증권투자신탁(주식혼합-재간접형)(C-R),07J91,07J91,07J92,X,X,X,07J91,한국투자적격TDF알아서ETF포커스2055증권투자신탁(주식혼합-재간접형)(모)
3191,,,,,07J91,,07J93,한국투자적격TDF알아서ETF포커스2055증권투자신탁(주식혼합-재간접형)(C-Re),07J91,07J91,07J93,X,X,X,07J91,
3192,,,,,07J91,,07J94,한국투자적격TDF알아서ETF포커스2055증권투자신탁(주식혼합-재간접형)(C-F),07J91,07J91,07J94,X,X,X,07J91,
3193,,,,,07J91,,07J95,한국투자적격TDF알아서ETF포커스2055증권투자신탁(주식혼합-재간접형)(O),07J91,07J91,07J95,X,X,X,07J91,
3194,,,,,07J91,,07M37,한국투자적격TDF알아서ETF포커스2055증권투자신탁(주식혼합-재간접형)(A),07J91,07J91,07M37,X,X,X,07J91,
3195,,,,,07J91,,07M38,한국투자적격TDF알아서ETF포커스2055증권투자신탁(주식혼합-재간접형)(A-e),07J91,07J91,07M38,X,X,X,07J91,
3196,,,,,07J91,,07M39,한국투자적격TDF알아서ETF포커스2055증권투자신탁(주식혼합-재간접형)(C),07J91,07J91,07M39,X,X,X,07J91,
3197,,,,,07J91,,07M40,한국투자적격TDF알아서ETF포커스2055증권투자신탁(주식혼합-재간접형)(C-e),07J91,07J91,07M40,X,X,X,07J91,
3198,,,,,07J91,,07M41,한국투자적격TDF알아서ETF포커스2055증권투자신탁(주식혼합-재간접형)(C-P),07J91,07J91,07M41,X,X,X,07J91,
3199,,,,,07J91,,07M42,한국투자적격TDF알아서ETF포커스2055증권투자신탁(주식혼합-재간접형)(C-Pe),07J91,07J91,07M42,X,X,X,07J91,
3200,,,,,07J96,한국투자적격TDF알아서ETF포커스2060증권투자신탁(주식혼합-재간접형)(모),07J97,한국투자적격TDF알아서ETF포커스2060증권투자신탁(주식혼합-재간접형)(C-R),07J96,07J96,07J97,X,X,X,07J96,한국투자적격TDF알아서ETF포커스2060증권투자신탁(주식혼합-재간접형)(모)
3201,,,,,07J96,,07J98,한국투자적격TDF알아서ETF포커스2060증권투자신탁(주식혼합-재간접형)(C-Re),07J96,07J96,07J98,X,X,X,07J96,
3202,,,,,07J96,,07J99,한국투자적격TDF알아서ETF포커스2060증권투자신탁(주식혼합-재간접형)(C-F),07J96,07J96,07J99,X,X,X,07J96,
3203,,,,,07J96,,07M43,한국투자적격TDF알아서ETF포커스2060증권투자신탁(주식혼합-재간접형)(A),07J96,07J96,07M43,X,X,X,07J96,
3204,,,,,07J96,,07M44,한국투자적격TDF알아서ETF포커스2060증권투자신탁(주식혼합-재간접형)(A-e),07J96,07J96,07M44,X,X,X,07J96,
3205,,,,,07J96,,07M45,한국투자적격TDF알아서ETF포커스2060증권투자신탁(주식혼합-재간접형)(C),07J96,07J96,07M45,X,X,X,07J96,
3206,,,,,07J96,,07M46,한국투자적격TDF알아서ETF포커스2060증권투자신탁(주식혼합-재간접형)(C-e),07J96,07J96,07M46,X,X,X,07J96,
3207,,,,,07J96,,07M47,한국투자적격TDF알아서ETF포커스2060증권투자신탁(주식혼합-재간접형)(C-P),07J96,07J96,07M47,X,X,X,07J96,
3208,,,,,07J96,,07M48,한국투자적격TDF알아서ETF포커스2060증권투자신탁(주식혼합-재간접형)(C-Pe),07J96,07J96,07M48,X,X,X,07J96,
3209,,,,,07J96,,07P49,한국투자적격TDF알아서ETF포커스2060증권투자신탁(주식혼합-재간접형)(S),07J96,07J96,07P49,X,X,X,07J96,
3210,,,,,07J96,,07P50,한국투자적격TDF알아서ETF포커스2060증권투자신탁(주식혼합-재간접형)(S-P),07J96,07J96,07P50,X,X,X,07J96,
3211,,,,,07J96,,07P51,한국투자적격TDF알아서ETF포커스2060증권투자신탁(주식혼합-재간접형)(S-R),07J96,07J96,07P51,X,X,X,07J96,
3212,,,,,07K25,한국투자사모뉴코아부동산투자신탁(모),07K26,한국투자사모뉴코아부동산투자신탁(A),07K25,07K25,07K26,X,X,X,07K25,한국투자사모뉴코아부동산투자신탁(모)
3213,,,,,07K25,,07K27,한국투자사모뉴코아부동산투자신탁(A-I),07K25,07K25,07K27,X,X,X,07K25,
3214,,,,,07K48,한국투자리테일일반사모부동산투자신탁1호(모),08K09,한국투자리테일일반사모부동산투자신탁1호(1종),07K48,07K48,08K09,X,X,X,07K48,한국투자리테일일반사모부동산투자신탁1호(모)
3215,,,,,07K48,,08K10,한국투자리테일일반사모부동산투자신탁1호(2종),07K48,07K48,08K10,X,X,X,07K48,
3216,,,,,07K69,한국투자벨기에코어오피스부동산투자신탁(파생형)(모),07K70,한국투자벨기에코어오피스부동산투자신탁(파생형)(A),07K69,07K69,07K70,X,X,X,07K69,한국투자벨기에코어오피스부동산투자신탁(파생형)(모)
3217,,,,,07K69,,07K71,한국투자벨기에코어오피스부동산투자신탁(파생형)(C-I),07K69,07K69,07K71,X,X,X,07K69,
3218,,,,,07K74,한국투자괌메디컬센터일반사모부동산투자신탁1호(파생형)(모),07K75,한국투자괌메디컬센터일반사모부동산투자신탁1호(파생형)(1종),07K74,07K74,07K75,X,X,X,07K74,한국투자괌메디컬센터일반사모부동산투자신탁1호(파생형)(모)
3219,,,,,07K74,,07K76,한국투자괌메디컬센터일반사모부동산투자신탁1호(파생형)(2종),07K74,07K74,07K76,X,X,X,07K74,
3220,,,,,07K89,한국투자룩셈부르크코어오피스부동산투자신탁(파생형)(모),07K90,한국투자룩셈부르크코어오피스부동산투자신탁(파생형)(A),07K89,07K89,07K90,X,X,X,07K89,한국투자룩셈부르크코어오피스부동산투자신탁(파생형)(모)
3221,,,,,07K89,,07K91,한국투자룩셈부르크코어오피스부동산투자신탁(파생형)(C-I),07K89,07K89,07K91,X,X,X,07K89,
3222,,,,,07K97,한국투자도쿄레지던스일반사모부동산투자신탁(H)(파생형)(모),07K98,한국투자도쿄레지던스일반사모부동산투자신탁(H)(파생형)(1종),07K97,07K97,07K98,X,X,X,07K97,한국투자도쿄레지던스일반사모부동산투자신탁(H)(파생형)(모)
3223,,,,,07K97,,07K99,한국투자도쿄레지던스일반사모부동산투자신탁(H)(파생형)(2종),07K97,07K97,07K99,X,X,X,07K97,
3224,,,,,07M02,한국투자TIF알아서평생소득ETF포커스증권투자신탁(채권혼합-재간접형)(모),07M03,한국투자TIF알아서평생소득ETF포커스증권투자신탁(채권혼합-재간접형)(C-R),07M02,07M02,07M03,X,X,X,07M02,한국투자TIF알아서평생소득ETF포커스증권투자신탁(채권혼합-재간접형)(모)
3225,,,,,07M02,,07M04,한국투자TIF알아서평생소득ETF포커스증권투자신탁(채권혼합-재간접형)(C-Re),07M02,07M02,07M04,X,X,X,07M02,
3226,,,,,07M02,,07M05,한국투자TIF알아서평생소득ETF포커스증권투자신탁(채권혼합-재간접형)(C-F),07M02,07M02,07M05,X,X,X,07M02,
3227,,,,,07M02,,07M49,한국투자TIF알아서평생소득ETF포커스증권투자신탁(채권혼합-재간접형)(A),07M02,07M02,07M49,X,X,X,07M02,
3228,,,,,07M02,,07M50,한국투자TIF알아서평생소득ETF포커스증권투자신탁(채권혼합-재간접형)(A-e),07M02,07M02,07M50,X,X,X,07M02,
3229,,,,,07M02,,07M51,한국투자TIF알아서평생소득ETF포커스증권투자신탁(채권혼합-재간접형)(C),07M02,07M02,07M51,X,X,X,07M02,
3230,,,,,07M02,,07M52,한국투자TIF알아서평생소득ETF포커스증권투자신탁(채권혼합-재간접형)(C-e),07M02,07M02,07M52,X,X,X,07M02,
3231,,,,,07M02,,07M53,한국투자TIF알아서평생소득ETF포커스증권투자신탁(채권혼합-재간접형)(C-P),07M02,07M02,07M53,X,X,X,07M02,
3232,,,,,07M02,,07M54,한국투자TIF알아서평생소득ETF포커스증권투자신탁(채권혼합-재간접형)(C-Pe),07M02,07M02,07M54,X,X,X,07M02,
3233,,,,,07M61,한국투자만기가있는채권형ETF증권투자신탁(채권-재간접형)(모),07M62,한국투자만기가있는채권형ETF증권투자신탁(채권-재간접형)(C-F),07M61,07M61,07M62,X,X,X,07M61,한국투자만기가있는채권형ETF증권투자신탁(채권-재간접형)(모)
3234,,,,,07M61,,07M63,한국투자만기가있는채권형ETF증권투자신탁(채권-재간접형)(C-R),07M61,07M61,07M63,X,X,X,07M61,
3235,,,,,07M61,,07M64,한국투자만기가있는채권형ETF증권투자신탁(채권-재간접형)(C-Re),07M61,07M61,07M64,X,X,X,07M61,
3236,,,,,07M61,,07M65,한국투자만기가있는채권형ETF증권투자신탁(채권-재간접형)(C-W),07M61,07M61,07M65,X,X,X,07M61,
3237,,,,,07P23,한국투자법인용달러MMF(USD)(모),07P24,한국투자법인용달러MMF(USD)(C),07P23,07P23,07P24,X,X,X,07P23,한국투자법인용달러MMF(USD)(모)
3238,,,,,07P23,,07P25,한국투자법인용달러MMF(USD)(C-e),07P23,07P23,07P25,X,X,X,07P23,
3239,,,,,07P23,,07P26,한국투자법인용달러MMF(USD)(C-F),07P23,07P23,07P26,X,X,X,07P23,
3240,,,,,07P23,,07P27,한국투자법인용달러MMF(USD)(C-I),07P23,07P23,07P27,X,X,X,07P23,
3241,,,,,07P23,,07P28,한국투자법인용달러MMF(USD)(C-W),07P23,07P23,07P28,X,X,X,07P23,
3242,,,,,07P29,한국투자글로벌신성장증권투자신탁1호(사모투자재간접형)(모),07P30,한국투자글로벌신성장증권투자신탁1호(사모투자재간접형)(A),07P29,07P29,07P30,X,X,X,07P29,한국투자글로벌신성장증권투자신탁1호(사모투자재간접형)(모)
3243,,,,,07P29,,07P31,한국투자글로벌신성장증권투자신탁1호(사모투자재간접형)(A-e),07P29,07P29,07P31,X,X,X,07P29,
3244,,,,,07P32,한국투자글로벌신성장증권투자신탁2호(사모투자재간접형)(모),07P33,한국투자글로벌신성장증권투자신탁2호(사모투자재간접형)(A),07P32,07P32,07P33,X,X,X,07P32,한국투자글로벌신성장증권투자신탁2호(사모투자재간접형)(모)
3245,,,,,07P32,,07P34,한국투자글로벌신성장증권투자신탁2호(사모투자재간접형)(A-e),07P32,07P32,07P34,X,X,X,07P32,
3246,,,,,07P52,한국투자인도5대대표그룹증권투자신탁(주식)(모),07P53,한국투자인도5대대표그룹증권투자신탁(주식)(A),07P52,07P52,07P53,X,X,X,07P52,한국투자인도5대대표그룹증권투자신탁(주식)(모)
3247,,,,,07P52,,07P54,한국투자인도5대대표그룹증권투자신탁(주식)(A-e),07P52,07P52,07P54,X,X,X,07P52,
3248,,,,,07P52,,07P56,한국투자인도5대대표그룹증권투자신탁(주식)(C),07P52,07P52,07P56,X,X,X,07P52,
3249,,,,,07P52,,07P57,한국투자인도5대대표그룹증권투자신탁(주식)(C-e),07P52,07P52,07P57,X,X,X,07P52,
3250,,,,,07P52,,07P58,한국투자인도5대대표그룹증권투자신탁(주식)(C-F),07P52,07P52,07P58,X,X,X,07P52,
3251,,,,,07P52,,07P60,한국투자인도5대대표그룹증권투자신탁(주식)(C-P),07P52,07P52,07P60,X,X,X,07P52,
3252,,,,,07P52,,07P61,한국투자인도5대대표그룹증권투자신탁(주식)(C-Pe),07P52,07P52,07P61,X,X,X,07P52,
3253,,,,,07P52,,07P62,한국투자인도5대대표그룹증권투자신탁(주식)(C-R),07P52,07P52,07P62,X,X,X,07P52,
3254,,,,,07P52,,07P63,한국투자인도5대대표그룹증권투자신탁(주식)(C-Re),07P52,07P52,07P63,X,X,X,07P52,
3255,,,,,07P52,,07P64,한국투자인도5대대표그룹증권투자신탁(주식)(C-W),07P52,07P52,07P64,X,X,X,07P52,
3256,,,,,07P52,,07Q17,한국투자인도5대대표그룹증권투자신탁(주식)(S),07P52,07P52,07Q17,X,X,X,07P52,
3257,,,,,07P52,,07Q18,한국투자인도5대대표그룹증권투자신탁(주식)(S-P),07P52,07P52,07Q18,X,X,X,07P52,
3258,,,,,07P52,,07Q19,한국투자인도5대대표그룹증권투자신탁(주식)(S-R),07P52,07P52,07Q19,X,X,X,07P52,
3259,,,,,07P70,한국투자골든그로스글로벌자산배분증권투자신탁(혼합-재간접형)(모),07P74,한국투자골든그로스글로벌자산배분증권투자신탁(혼합-재간접형)(C),07P70,07P70,07P74,X,X,X,07P70,한국투자골든그로스글로벌자산배분증권투자신탁(혼합-재간접형)(모)
3260,,,,,07P70,,07P75,한국투자골든그로스글로벌자산배분증권투자신탁(혼합-재간접형)(C-e),07P70,07P70,07P75,X,X,X,07P70,
3261,,,,,07P70,,07P76,한국투자골든그로스글로벌자산배분증권투자신탁(혼합-재간접형)(C-F),07P70,07P70,07P76,X,X,X,07P70,
3262,,,,,07P70,,09C85,한국투자골든그로스글로벌자산배분증권투자신탁(혼합-재간접형)(A1),07P70,07P70,09C85,X,X,X,07P70,
3263,,,,,07P70,,09C86,한국투자골든그로스글로벌자산배분증권투자신탁(혼합-재간접형)(A1-e),07P70,07P70,09C86,X,X,X,07P70,
3264,,,,,07Q11,한국투자글로벌AI빅테크증권투자신탁1호(사모투자재간접형)(모),07Q12,한국투자글로벌AI빅테크증권투자신탁1호(사모투자재간접형)(A),07Q11,07Q11,07Q12,X,X,X,07Q11,한국투자글로벌AI빅테크증권투자신탁1호(사모투자재간접형)(모)
3265,,,,,07Q11,,07Q13,한국투자글로벌AI빅테크증권투자신탁1호(사모투자재간접형)(A-e),07Q11,07Q11,07Q13,X,X,X,07Q11,
3266,,,,,07Q14,한국투자글로벌AI빅테크증권투자신탁2호(사모투자재간접형)(모),07Q15,한국투자글로벌AI빅테크증권투자신탁2호(사모투자재간접형)(A),07Q14,07Q14,07Q15,X,X,X,07Q14,한국투자글로벌AI빅테크증권투자신탁2호(사모투자재간접형)(모)
3267,,,,,07Q14,,07Q16,한국투자글로벌AI빅테크증권투자신탁2호(사모투자재간접형)(A-e),07Q14,07Q14,07Q16,X,X,X,07Q14,
3268,,,,,07Q80,한국투자지배구조주주환원증권투자신탁(주식)(모),07Q81,한국투자지배구조주주환원증권투자신탁(주식)(A),07Q80,07Q80,07Q81,X,X,X,07Q80,한국투자지배구조주주환원증권투자신탁(주식)(모)
3269,,,,,07Q80,,07Q82,한국투자지배구조주주환원증권투자신탁(주식)(A-e),07Q80,07Q80,07Q82,X,X,X,07Q80,
3270,,,,,07Q80,,07Q85,한국투자지배구조주주환원증권투자신탁(주식)(C-e),07Q80,07Q80,07Q85,X,X,X,07Q80,
3271,,,,,07Q80,,07Q86,한국투자지배구조주주환원증권투자신탁(주식)(C-F),07Q80,07Q80,07Q86,X,X,X,07Q80,
3272,,,,,07Q80,,07Q88,한국투자지배구조주주환원증권투자신탁(주식)(C-P),07Q80,07Q80,07Q88,X,X,X,07Q80,
3273,,,,,07Q80,,07Q89,한국투자지배구조주주환원증권투자신탁(주식)(C-Pe),07Q80,07Q80,07Q89,X,X,X,07Q80,
3274,,,,,07Q80,,07Q90,한국투자지배구조주주환원증권투자신탁(주식)(C-R),07Q80,07Q80,07Q90,X,X,X,07Q80,
3275,,,,,07Q80,,07Q91,한국투자지배구조주주환원증권투자신탁(주식)(C-Re),07Q80,07Q80,07Q91,X,X,X,07Q80,
3276,,,,,07Q80,,07Q92,한국투자지배구조주주환원증권투자신탁(주식)(C-W),07Q80,07Q80,07Q92,X,X,X,07Q80,
3277,,,,,07Q80,,09G71,한국투자지배구조주주환원증권투자신탁(주식)(A1),07Q80,07Q80,09G71,X,X,X,07Q80,
3278,,,,,07Q80,,09L15,한국투자지배구조주주환원증권투자신탁(주식)(S),07Q80,07Q80,09L15,X,X,X,07Q80,
3279,,,,,07Q80,,09L16,한국투자지배구조주주환원증권투자신탁(주식)(S-P),07Q80,07Q80,09L16,X,X,X,07Q80,
3280,,,,,07Q80,,09L17,한국투자지배구조주주환원증권투자신탁(주식)(S-R),07Q80,07Q80,09L17,X,X,X,07Q80,
3281,,,,,07Q93,한국투자TDF알아서장기자산배분증권투자신탁(주식혼합-재간접형)(모),07Q97,한국투자TDF알아서장기자산배분증권투자신탁(주식혼합-재간접형)(C-Re),07Q93,07Q93,07Q97,X,X,X,07Q93,한국투자TDF알아서장기자산배분증권투자신탁(주식혼합-재간접형)(모)
3282,,,,,07Q93,,07Q98,한국투자TDF알아서장기자산배분증권투자신탁(주식혼합-재간접형)(C-R),07Q93,07Q93,07Q98,X,X,X,07Q93,
3283,,,,,07Q93,,07Q99,한국투자TDF알아서장기자산배분증권투자신탁(주식혼합-재간접형)(C-Pe),07Q93,07Q93,07Q99,X,X,X,07Q93,
3284,,,,,07Q93,,07V01,한국투자TDF알아서장기자산배분증권투자신탁(주식혼합-재간접형)(C-P),07Q93,07Q93,07V01,X,X,X,07Q93,
3285,,,,,07Q93,,07V02,한국투자TDF알아서장기자산배분증권투자신탁(주식혼합-재간접형)(C-F),07Q93,07Q93,07V02,X,X,X,07Q93,
3286,,,,,07V24,한국투자삼성그룹성장테마증권투자신탁1호(사모투자재간접형)(모),07V25,한국투자삼성그룹성장테마증권투자신탁1호(사모투자재간접형)(A),07V24,07V24,07V25,X,X,X,07V24,한국투자삼성그룹성장테마증권투자신탁1호(사모투자재간접형)(모)
3287,,,,,07V24,,07V26,한국투자삼성그룹성장테마증권투자신탁1호(사모투자재간접형)(A-e),07V24,07V24,07V26,X,X,X,07V24,
3288,,,,,07V27,한국투자삼성그룹성장테마증권투자신탁2호(사모투자재간접형)(모),07V28,한국투자삼성그룹성장테마증권투자신탁2호(사모투자재간접형)(A),07V27,07V27,07V28,X,X,X,07V27,한국투자삼성그룹성장테마증권투자신탁2호(사모투자재간접형)(모)
3289,,,,,07V27,,07V29,한국투자삼성그룹성장테마증권투자신탁2호(사모투자재간접형)(A-e),07V27,07V27,07V29,X,X,X,07V27,
3290,,,,,07V30,한국투자글로벌M7스텝업분할매수목표전환증권투자신탁(채권-재간접형)(모),07V31,한국투자글로벌M7스텝업분할매수목표전환증권투자신탁(채권-재간접형)(A),07V30,07V30,07V31,X,X,X,07V30,한국투자글로벌M7스텝업분할매수목표전환증권투자신탁(채권-재간접형)(모)
3291,,,,,07V30,,07V32,한국투자글로벌M7스텝업분할매수목표전환증권투자신탁(채권-재간접형)(A-e),07V30,07V30,07V32,X,X,X,07V30,
3292,,,,,07V30,,07V33,한국투자글로벌M7스텝업분할매수목표전환증권투자신탁(채권-재간접형)(C),07V30,07V30,07V33,X,X,X,07V30,
3293,,,,,07V30,,07V34,한국투자글로벌M7스텝업분할매수목표전환증권투자신탁(채권-재간접형)(C-e),07V30,07V30,07V34,X,X,X,07V30,
3294,,,,,07V35,한국투자글로벌M7스텝업분할매수목표전환증권투자신탁2호(채권-재간접형)(모),07V36,한국투자글로벌M7스텝업분할매수목표전환증권투자신탁2호(채권-재간접형)(A),07V35,07V35,07V36,X,X,X,07V35,한국투자글로벌M7스텝업분할매수목표전환증권투자신탁2호(채권-재간접형)(모)
3295,,,,,07V35,,07V38,한국투자글로벌M7스텝업분할매수목표전환증권투자신탁2호(채권-재간접형)(A-e),07V35,07V35,07V38,X,X,X,07V35,
3296,,,,,07V35,,07V92,한국투자글로벌M7스텝업분할매수목표전환증권투자신탁2호(채권-재간접형)(C-W),07V35,07V35,07V92,X,X,X,07V35,
3297,,,,,07V48,한국투자글로벌지수&테마로테이션증권투자신탁(주식-재간접형)(모),07V49,한국투자글로벌지수&테마로테이션증권투자신탁(주식-재간접형)(A),07V48,07V48,07V49,X,X,X,07V48,한국투자글로벌지수&테마로테이션증권투자신탁(주식-재간접형)(모)
3298,,,,,07V48,,07V50,한국투자글로벌지수&테마로테이션증권투자신탁(주식-재간접형)(A-e),07V48,07V48,07V50,X,X,X,07V48,
3299,,,,,07V48,,07V51,한국투자글로벌지수&테마로테이션증권투자신탁(주식-재간접형)(A-G),07V48,07V48,07V51,X,X,X,07V48,
3300,,,,,07V48,,07V52,한국투자글로벌지수&테마로테이션증권투자신탁(주식-재간접형)(C),07V48,07V48,07V52,X,X,X,07V48,
3301,,,,,07V48,,07V53,한국투자글로벌지수&테마로테이션증권투자신탁(주식-재간접형)(C-e),07V48,07V48,07V53,X,X,X,07V48,
3302,,,,,07V48,,07V54,한국투자글로벌지수&테마로테이션증권투자신탁(주식-재간접형)(C-F),07V48,07V48,07V54,X,X,X,07V48,
3303,,,,,07V48,,07V56,한국투자글로벌지수&테마로테이션증권투자신탁(주식-재간접형)(C-P),07V48,07V48,07V56,X,X,X,07V48,
3304,,,,,07V48,,07V57,한국투자글로벌지수&테마로테이션증권투자신탁(주식-재간접형)(C-Pe),07V48,07V48,07V57,X,X,X,07V48,
3305,,,,,07V48,,07V58,한국투자글로벌지수&테마로테이션증권투자신탁(주식-재간접형)(C-R),07V48,07V48,07V58,X,X,X,07V48,
3306,,,,,07V48,,07V59,한국투자글로벌지수&테마로테이션증권투자신탁(주식-재간접형)(C-Re),07V48,07V48,07V59,X,X,X,07V48,
3307,,,,,07V61,한국투자미국나스닥+ETF모으기증권투자신탁(주식-재간접형)(모),07V62,한국투자미국나스닥+ETF모으기증권투자신탁(주식-재간접형)(A),07V61,07V61,07V62,X,X,X,07V61,한국투자미국나스닥+ETF모으기증권투자신탁(주식-재간접형)(모)
3308,,,,,07V61,,07V63,한국투자미국나스닥+ETF모으기증권투자신탁(주식-재간접형)(A-e),07V61,07V61,07V63,X,X,X,07V61,
3309,,,,,07V61,,07V65,한국투자미국나스닥+ETF모으기증권투자신탁(주식-재간접형)(C),07V61,07V61,07V65,X,X,X,07V61,
3310,,,,,07V61,,07V66,한국투자미국나스닥+ETF모으기증권투자신탁(주식-재간접형)(C-e),07V61,07V61,07V66,X,X,X,07V61,
3311,,,,,07V61,,07V67,한국투자미국나스닥+ETF모으기증권투자신탁(주식-재간접형)(C-F),07V61,07V61,07V67,X,X,X,07V61,
3312,,,,,07V61,,07V69,한국투자미국나스닥+ETF모으기증권투자신탁(주식-재간접형)(C-P),07V61,07V61,07V69,X,X,X,07V61,
3313,,,,,07V61,,07V70,한국투자미국나스닥+ETF모으기증권투자신탁(주식-재간접형)(C-Pe),07V61,07V61,07V70,X,X,X,07V61,
3314,,,,,07V61,,07V71,한국투자미국나스닥+ETF모으기증권투자신탁(주식-재간접형)(C-R),07V61,07V61,07V71,X,X,X,07V61,
3315,,,,,07V61,,07V72,한국투자미국나스닥+ETF모으기증권투자신탁(주식-재간접형)(C-Re),07V61,07V61,07V72,X,X,X,07V61,
3316,,,,,07V77,한국투자삼성그룹&글로벌성장테마증권투자신탁1호(사모투자재간접형)(모),07V78,한국투자삼성그룹&글로벌성장테마증권투자신탁1호(사모투자재간접형)(A),07V77,07V77,07V78,X,X,X,07V77,한국투자삼성그룹&글로벌성장테마증권투자신탁1호(사모투자재간접형)(모)
3317,,,,,07V77,,07V79,한국투자삼성그룹&글로벌성장테마증권투자신탁1호(사모투자재간접형)(A1),07V77,07V77,07V79,X,X,X,07V77,
3318,,,,,07V77,,07V80,한국투자삼성그룹&글로벌성장테마증권투자신탁1호(사모투자재간접형)(A-e),07V77,07V77,07V80,X,X,X,07V77,
3319,,,,,07V77,,07V81,한국투자삼성그룹&글로벌성장테마증권투자신탁1호(사모투자재간접형)(A1-e),07V77,07V77,07V81,X,X,X,07V77,
3320,,,,,07V82,한국투자삼성그룹&글로벌성장테마증권투자신탁2호(사모투자재간접형)(모),07V83,한국투자삼성그룹&글로벌성장테마증권투자신탁2호(사모투자재간접형)(A),07V82,07V82,07V83,X,X,X,07V82,한국투자삼성그룹&글로벌성장테마증권투자신탁2호(사모투자재간접형)(모)
3321,,,,,07V82,,07V84,한국투자삼성그룹&글로벌성장테마증권투자신탁2호(사모투자재간접형)(A1),07V82,07V82,07V84,X,X,X,07V82,
3322,,,,,07V82,,07V85,한국투자삼성그룹&글로벌성장테마증권투자신탁2호(사모투자재간접형)(A-e),07V82,07V82,07V85,X,X,X,07V82,
3323,,,,,07V82,,07V86,한국투자삼성그룹&글로벌성장테마증권투자신탁2호(사모투자재간접형)(A1-e),07V82,07V82,07V86,X,X,X,07V82,
3324,,,,,07V87,한국투자삼성그룹&글로벌성장테마증권투자신탁3호(사모투자재간접형)(모),07V88,한국투자삼성그룹&글로벌성장테마증권투자신탁3호(사모투자재간접형)(A),07V87,07V87,07V88,X,X,X,07V87,한국투자삼성그룹&글로벌성장테마증권투자신탁3호(사모투자재간접형)(모)
3325,,,,,07V87,,07V89,한국투자삼성그룹&글로벌성장테마증권투자신탁3호(사모투자재간접형)(A1),07V87,07V87,07V89,X,X,X,07V87,
3326,,,,,07V87,,07V90,한국투자삼성그룹&글로벌성장테마증권투자신탁3호(사모투자재간접형)(A-e),07V87,07V87,07V90,X,X,X,07V87,
3327,,,,,07V87,,07V91,한국투자삼성그룹&글로벌성장테마증권투자신탁3호(사모투자재간접형)(A1-e),07V87,07V87,07V91,X,X,X,07V87,
3328,,,,,07V94,한국투자미국대표동일가중목표전환증권투자신탁(채권-재간접형)(모),07V95,한국투자미국대표동일가중목표전환증권투자신탁(채권-재간접형)(A),07V94,07V94,07V95,X,X,X,07V94,한국투자미국대표동일가중목표전환증권투자신탁(채권-재간접형)(모)
3329,,,,,07V94,,07V96,한국투자미국대표동일가중목표전환증권투자신탁(채권-재간접형)(A-e),07V94,07V94,07V96,X,X,X,07V94,
3330,,,,,07V94,,07V99,한국투자미국대표동일가중목표전환증권투자신탁(채권-재간접형)(C-W),07V94,07V94,07V99,X,X,X,07V94,
3331,,,,,07W01,한국투자미국국채와대표기업목표전환증권투자신탁1호(채권-재간접형)(모),07W10,한국투자미국국채와대표기업목표전환증권투자신탁1호(채권-재간접형)(A),07W01,07W01,07W10,X,X,X,07W01,한국투자미국국채와대표기업목표전환증권투자신탁1호(채권-재간접형)(모)
3332,,,,,07W01,,07W11,한국투자미국국채와대표기업목표전환증권투자신탁1호(채권-재간접형)(A-e),07W01,07W01,07W11,X,X,X,07W01,
3333,,,,,07W01,,07W13,한국투자미국국채와대표기업목표전환증권투자신탁1호(채권-재간접형)(C-W),07W01,07W01,07W13,X,X,X,07W01,
3334,,,,,07W26,한국투자초단기내일드림증권투자신탁(채권)(모),07W27,한국투자초단기내일드림증권투자신탁(채권)(A),07W26,07W26,07W27,X,X,X,07W26,한국투자초단기내일드림증권투자신탁(채권)(모)
3335,,,,,07W26,,07W28,한국투자초단기내일드림증권투자신탁(채권)(A-e),07W26,07W26,07W28,X,X,X,07W26,
3336,,,,,07W26,,07W29,한국투자초단기내일드림증권투자신탁(채권)(C),07W26,07W26,07W29,X,X,X,07W26,
3337,,,,,07W26,,07W30,한국투자초단기내일드림증권투자신탁(채권)(C-e),07W26,07W26,07W30,X,X,X,07W26,
3338,,,,,07W26,,07W31,한국투자초단기내일드림증권투자신탁(채권)(C-F),07W26,07W26,07W31,X,X,X,07W26,
3339,,,,,07W26,,07W33,한국투자초단기내일드림증권투자신탁(채권)(C-Pe),07W26,07W26,07W33,X,X,X,07W26,
3340,,,,,07W26,,09C84,한국투자초단기내일드림증권투자신탁(채권)(C-Re),07W26,07W26,09C84,X,X,X,07W26,
3341,,,,,07Z84,한국투자글로벌M7스텝업분할매수목표전환증권투자신탁3호(채권-재간접형),07Z85,한국투자글로벌M7스텝업분할매수목표전환증권투자신탁3호(채권-재간접형)(A),07Z84,07Z84,07Z85,X,X,X,07Z84,한국투자글로벌M7스텝업분할매수목표전환증권투자신탁3호(채권-재간접형)
3342,,,,,07Z84,,07Z87,한국투자글로벌M7스텝업분할매수목표전환증권투자신탁3호(채권-재간접형)(A-e),07Z84,07Z84,07Z87,X,X,X,07Z84,
3343,,,,,07Z84,,07Z89,한국투자글로벌M7스텝업분할매수목표전환증권투자신탁3호(채권-재간접형)(C-W),07Z84,07Z84,07Z89,X,X,X,07Z84,
3344,,,,,07Z95,한국투자미국우선주의목표전환증권투자신탁(채권-재간접형)(모),07Z96,한국투자미국우선주의목표전환증권투자신탁(채권-재간접형)(A),07Z95,07Z95,07Z96,X,X,X,07Z95,한국투자미국우선주의목표전환증권투자신탁(채권-재간접형)(모)
3345,,,,,07Z95,,07Z97,한국투자미국우선주의목표전환증권투자신탁(채권-재간접형)(A-e),07Z95,07Z95,07Z97,X,X,X,07Z95,
3346,,,,,07Z95,,09A01,한국투자미국우선주의목표전환증권투자신탁(채권-재간접형)(C-w),07Z95,07Z95,09A01,X,X,X,07Z95,
3347,,,,,08A14,한국사모명품아트특별자산투자신탁1호(모),08A12,한국사모명품아트특별자산투자신탁1호(A),08A14,08A14,08A12,X,X,X,08A14,한국사모명품아트특별자산투자신탁1호(모)
3348,,,,,08A14,,08A15,한국사모명품아트특별자산투자신탁1호(C),08A14,08A14,08A15,X,X,X,08A14,
3349,,,,,08A22,한국투자사모컨템포러리명품아트특별자산투자1호(금전채권)(모),08A19,한국투자사모컨템포러리명품아트특별자산투자1호(금전채권)(A),08A22,08A22,08A19,X,X,X,08A22,한국투자사모컨템포러리명품아트특별자산투자1호(금전채권)(모)
3350,,,,,08A22,,08A20,한국투자사모컨템포러리명품아트특별자산투자1호(금전채권)(C),08A22,08A22,08A20,X,X,X,08A22,
3351,,,,,08A29,한국투자에너지드림배당목표전환형특별자산투자1(에너지-재간접형)(모),08A30,한국투자에너지드림배당목표전환형특별자산투자신탁1호(에너지-재간접형)(A),08A29,08A29,08A30,X,X,X,08A29,한국투자에너지드림배당목표전환형특별자산투자1(에너지-재간접형)(모)
3352,,,,,08A42,한국투자사모BTL인프라특별자산투자신탁3호(금전채권)(모),08A41,한국투자사모BTL인프라특별자산투자신탁3호(금전채권)(C),08A42,08A42,08A41,X,X,X,08A42,한국투자사모BTL인프라특별자산투자신탁3호(금전채권)(모)
3353,,,,,08A84,한국투자글로벌ACED일반사모특별자산투자신탁(대출채권-재간접형)(모),08A85,한국투자글로벌ACED일반사모특별자산투자신탁(대출채권-재간접형)(C),08A84,08A84,08A85,X,X,X,08A84,한국투자글로벌ACED일반사모특별자산투자신탁(대출채권-재간접형)(모)
3354,,,,,08A84,,08A86,한국투자글로벌ACED일반사모특별자산투자신탁(대출채권-재간접형)(C-J),08A84,08A84,08A86,X,X,X,08A84,
3355,,,,,08K04,한국투자성수동리테일일반사모부동산투자신탁(모),08K05,한국투자성수동리테일일반사모부동산투자신탁(1종),08K04,08K04,08K05,X,X,X,08K04,한국투자성수동리테일일반사모부동산투자신탁(모)
3356,,,,,08K04,,08K06,한국투자성수동리테일일반사모부동산투자신탁(2종),08K04,08K04,08K06,X,X,X,08K04,
3357,,,,,08K04,,08K07,한국투자성수동리테일일반사모부동산투자신탁(3종),08K04,08K04,08K07,X,X,X,08K04,
3358,,,,,08K12,한국투자스마트리얼에셋일반사모투자신탁1호(모),08K13,한국투자스마트리얼에셋일반사모투자신탁1호(1종),08K12,08K12,08K13,X,X,X,08K12,한국투자스마트리얼에셋일반사모투자신탁1호(모)
3359,,,,,08K12,,08K14,한국투자스마트리얼에셋일반사모투자신탁1호(2종),08K12,08K12,08K14,X,X,X,08K12,
3360,,,,,08K30,한국투자차세대반도체일반사모증권투자신탁(모),08K31,한국투자차세대반도체일반사모증권투자신탁(1종),08K30,08K30,08K31,X,X,X,08K30,한국투자차세대반도체일반사모증권투자신탁(모)
3361,,,,,08K30,,08K32,한국투자차세대반도체일반사모증권투자신탁(2종),08K30,08K30,08K32,X,X,X,08K30,
3362,,,,,08K33,한국투자중국턴어라운드일반사모투자신탁(모),08K34,한국투자중국턴어라운드일반사모투자신탁(1종),08K33,08K33,08K34,X,X,X,08K33,한국투자중국턴어라운드일반사모투자신탁(모)
3363,,,,,08K33,,08K35,한국투자중국턴어라운드일반사모투자신탁(2종),08K33,08K33,08K35,X,X,X,08K33,
3364,,,,,08K44,한국투자베트남EMP알파일반사모투자신탁2호(모),08K45,한국투자베트남EMP알파일반사모투자신탁2호(1종),08K44,08K44,08K45,X,X,X,08K44,한국투자베트남EMP알파일반사모투자신탁2호(모)
3365,,,,,08K44,,08K46,한국투자베트남EMP알파일반사모투자신탁2호(2종),08K44,08K44,08K46,X,X,X,08K44,
3366,,,,,08K62,한국투자2차전지&소부장일반사모증권투자신탁2호(모),08K63,한국투자2차전지&소부장일반사모증권투자신탁2호(1종),08K62,08K62,08K63,X,X,X,08K62,한국투자2차전지&소부장일반사모증권투자신탁2호(모)
3367,,,,,08K62,,08K64,한국투자2차전지&소부장일반사모증권투자신탁2호(2종),08K62,08K62,08K64,X,X,X,08K62,
3368,,,,,08K65,한국투자모빌리티전장일반사모증권투자신탁2호(모),08K66,한국투자모빌리티전장일반사모증권투자신탁2호(1종),08K65,08K65,08K66,X,X,X,08K65,한국투자모빌리티전장일반사모증권투자신탁2호(모)
3369,,,,,08K65,,08K67,한국투자모빌리티전장일반사모증권투자신탁2호(2종),08K65,08K65,08K67,X,X,X,08K65,
3370,,,,,08K68,한국투자바이오위탁생산&바이오시밀러일반사모증권투자신탁2호(모),08K69,한국투자바이오위탁생산&바이오시밀러일반사모증권투자신탁2호(1종),08K68,08K68,08K69,X,X,X,08K68,한국투자바이오위탁생산&바이오시밀러일반사모증권투자신탁2호(모)
3371,,,,,08K68,,08K70,한국투자바이오위탁생산&바이오시밀러일반사모증권투자신탁2호(2종),08K68,08K68,08K70,X,X,X,08K68,
3372,,,,,08K71,한국투자반도체소부장일반사모증권투자신탁2호(모),08K72,한국투자반도체소부장일반사모증권투자신탁2호(1종),08K71,08K71,08K72,X,X,X,08K71,한국투자반도체소부장일반사모증권투자신탁2호(모)
3373,,,,,08K71,,08K73,한국투자반도체소부장일반사모증권투자신탁2호(2종),08K71,08K71,08K73,X,X,X,08K71,
3374,,,,,08K74,한국투자웨어러블&차세대통신기술일반사모증권투자신탁2호(모),08K75,한국투자웨어러블&차세대통신기술일반사모증권투자신탁2호(1종),08K74,08K74,08K75,X,X,X,08K74,한국투자웨어러블&차세대통신기술일반사모증권투자신탁2호(모)
3375,,,,,08K74,,08K76,한국투자웨어러블&차세대통신기술일반사모증권투자신탁2호(2종),08K74,08K74,08K76,X,X,X,08K74,
3376,,,,,08K77,한국투자인공지능&로보틱스일반사모증권투자신탁2호(모),08K78,한국투자인공지능&로보틱스일반사모증권투자신탁2호(1종),08K77,08K77,08K78,X,X,X,08K77,한국투자인공지능&로보틱스일반사모증권투자신탁2호(모)
3377,,,,,08K77,,08K79,한국투자인공지능&로보틱스일반사모증권투자신탁2호(2종),08K77,08K77,08K79,X,X,X,08K77,
3378,,,,,08K80,한국투자차세대반도체일반사모증권투자신탁2호(모),08K81,한국투자차세대반도체일반사모증권투자신탁2호(1종),08K80,08K80,08K81,X,X,X,08K80,한국투자차세대반도체일반사모증권투자신탁2호(모)
3379,,,,,08K80,,08K82,한국투자차세대반도체일반사모증권투자신탁2호(2종),08K80,08K80,08K82,X,X,X,08K80,
3380,,,,,08L07,한국투자반도체&하드웨어일반사모증권투자신탁(모),08L08,한국투자반도체&하드웨어일반사모증권투자신탁(1종),08L07,08L07,08L08,X,X,X,08L07,한국투자반도체&하드웨어일반사모증권투자신탁(모)
3381,,,,,08L07,,08L09,한국투자반도체&하드웨어일반사모증권투자신탁(2종),08L07,08L07,08L09,X,X,X,08L07,
3382,,,,,08L10,한국투자AI&소프트웨어일반사모증권투자신탁(모),08L11,한국투자AI&소프트웨어일반사모증권투자신탁(1종),08L10,08L10,08L11,X,X,X,08L10,한국투자AI&소프트웨어일반사모증권투자신탁(모)
3383,,,,,08L10,,08L12,한국투자AI&소프트웨어일반사모증권투자신탁(2종),08L10,08L10,08L12,X,X,X,08L10,
3384,,,,,08L13,한국투자제약&생명공학일반사모증권투자신탁(모),08L14,한국투자제약&생명공학일반사모증권투자신탁(1종),08L13,08L13,08L14,X,X,X,08L13,한국투자제약&생명공학일반사모증권투자신탁(모)
3385,,,,,08L13,,08L15,한국투자제약&생명공학일반사모증권투자신탁(2종),08L13,08L13,08L15,X,X,X,08L13,
3386,,,,,08L16,한국투자미래금융서비스일반사모증권투자신탁(모),08L17,한국투자미래금융서비스일반사모증권투자신탁(1종),08L16,08L16,08L17,X,X,X,08L16,한국투자미래금융서비스일반사모증권투자신탁(모)
3387,,,,,08L16,,08L18,한국투자미래금융서비스일반사모증권투자신탁(2종),08L16,08L16,08L18,X,X,X,08L16,
3388,,,,,08L19,한국투자전통&미래에너지일반사모증권투자신탁(모),08L20,한국투자전통&미래에너지일반사모증권투자신탁(1종),08L19,08L19,08L20,X,X,X,08L19,한국투자전통&미래에너지일반사모증권투자신탁(모)
3389,,,,,08L19,,08L21,한국투자전통&미래에너지일반사모증권투자신탁(2종),08L19,08L19,08L21,X,X,X,08L19,
3390,,,,,08L22,한국투자전력인프라일반사모증권투자신탁(모),08L23,한국투자전력인프라일반사모증권투자신탁(1종),08L22,08L22,08L23,X,X,X,08L22,한국투자전력인프라일반사모증권투자신탁(모)
3391,,,,,08L22,,08L24,한국투자전력인프라일반사모증권투자신탁(2종),08L22,08L22,08L24,X,X,X,08L22,
3392,,,,,08L25,한국투자우주항공&방산일반사모증권투자신탁(모),08L26,한국투자우주항공&방산일반사모증권투자신탁(1종),08L25,08L25,08L26,X,X,X,08L25,한국투자우주항공&방산일반사모증권투자신탁(모)
3393,,,,,08L25,,08L27,한국투자우주항공&방산일반사모증권투자신탁(2종),08L25,08L25,08L27,X,X,X,08L25,
3394,,,,,08L50,한국투자뉴에이스일반사모증권투자신탁6호(채권)(모),08L51,한국투자뉴에이스일반사모증권투자신탁6호(채권)(1종),08L50,08L50,08L51,X,X,X,08L50,한국투자뉴에이스일반사모증권투자신탁6호(채권)(모)
3395,,,,,08L50,,08L52,한국투자뉴에이스일반사모증권투자신탁6호(채권)(2종),08L50,08L50,08L52,X,X,X,08L50,
3396,,,,,08L59,한국투자주주환원시대일반사모투자신탁(모),08L60,한국투자주주환원시대일반사모투자신탁(1종),08L59,08L59,08L60,X,X,X,08L59,한국투자주주환원시대일반사모투자신탁(모)
3397,,,,,08L59,,08L61,한국투자주주환원시대일반사모투자신탁(2종),08L59,08L59,08L61,X,X,X,08L59,
3398,,,,,08L77,한국투자중국AI빅테크플러스일반사모투자신탁(모),08L78,한국투자중국AI빅테크플러스일반사모투자신탁(1종),08L77,08L77,08L78,X,X,X,08L77,한국투자중국AI빅테크플러스일반사모투자신탁(모)
3399,,,,,08L77,,08L79,한국투자중국AI빅테크플러스일반사모투자신탁(2종),08L77,08L77,08L79,X,X,X,08L77,
3400,,,,,08L90,한국투자중국핵심기술주일반사모증권투자신탁(모),08L91,한국투자중국핵심기술주일반사모증권투자신탁(1종),08L90,08L90,08L91,X,X,X,08L90,한국투자중국핵심기술주일반사모증권투자신탁(모)
3401,,,,,08L90,,08L92,한국투자중국핵심기술주일반사모증권투자신탁(2종),08L90,08L90,08L92,X,X,X,08L90,
3402,,,,,08L93,한국투자중국경기부양수혜기업일반사모증권투자신탁(모),08L94,한국투자중국경기부양수혜기업일반사모증권투자신탁(1종),08L93,08L93,08L94,X,X,X,08L93,한국투자중국경기부양수혜기업일반사모증권투자신탁(모)
3403,,,,,08L93,,08L95,한국투자중국경기부양수혜기업일반사모증권투자신탁(2종),08L93,08L93,08L95,X,X,X,08L93,
3404,,,,,08L96,한국투자유럽주도방위산업일반사모증권투자신탁(모),08L97,한국투자유럽주도방위산업일반사모증권투자신탁(1종),08L96,08L96,08L97,X,X,X,08L96,한국투자유럽주도방위산업일반사모증권투자신탁(모)
3405,,,,,08L96,,08L98,한국투자유럽주도방위산업일반사모증권투자신탁(2종),08L96,08L96,08L98,X,X,X,08L96,
3406,,,,,08L99,한국투자미국중심제조업일반사모증권투자신탁(모),08M01,한국투자미국중심제조업일반사모증권투자신탁(1종),08L99,08L99,08M01,X,X,X,08L99,한국투자미국중심제조업일반사모증권투자신탁(모)
3407,,,,,08L99,,08M02,한국투자미국중심제조업일반사모증권투자신탁(2종),08L99,08L99,08M02,X,X,X,08L99,
3408,,,,,08M03,한국투자한국수출핵심기업일반사모증권투자신탁(모),08M04,한국투자한국수출핵심기업일반사모증권투자신탁(1종),08M03,08M03,08M04,X,X,X,08M03,한국투자한국수출핵심기업일반사모증권투자신탁(모)
3409,,,,,08M03,,08M05,한국투자한국수출핵심기업일반사모증권투자신탁(2종),08M03,08M03,08M05,X,X,X,08M03,
3410,,,,,08M06,한국투자글로벌가치배당일반사모증권투자신탁(모),08M07,한국투자글로벌가치배당일반사모증권투자신탁(1종),08M06,08M06,08M07,X,X,X,08M06,한국투자글로벌가치배당일반사모증권투자신탁(모)
3411,,,,,08M06,,08M08,한국투자글로벌가치배당일반사모증권투자신탁(2종),08M06,08M06,08M08,X,X,X,08M06,
3412,,,,,08M09,한국투자글로벌소외대표기업일반사모증권투자신탁(모),08M10,한국투자글로벌소외대표기업일반사모증권투자신탁(1종),08M09,08M09,08M10,X,X,X,08M09,한국투자글로벌소외대표기업일반사모증권투자신탁(모)
3413,,,,,08M09,,08M11,한국투자글로벌소외대표기업일반사모증권투자신탁(2종),08M09,08M09,08M11,X,X,X,08M09,
3414,,,,,08M60,한국투자뉴에이스일반사모증권투자신탁7호(채권)(모),08M61,한국투자뉴에이스일반사모증권투자신탁7호(채권)(1종),08M60,08M60,08M61,X,X,X,08M60,한국투자뉴에이스일반사모증권투자신탁7호(채권)(모)
3415,,,,,08M60,,08M62,한국투자뉴에이스일반사모증권투자신탁7호(채권)(2종),08M60,08M60,08M62,X,X,X,08M60,
3416,,,,,08M84,한국투자상법개정수혜기업일반사모증권투자신탁(모),08M85,한국투자상법개정수혜기업일반사모증권투자신탁(1종),08M84,08M84,08M85,X,X,X,08M84,한국투자상법개정수혜기업일반사모증권투자신탁(모)
3417,,,,,08M84,,08M86,한국투자상법개정수혜기업일반사모증권투자신탁(2종),08M84,08M84,08M86,X,X,X,08M84,
3418,,,,,08M87,한국투자K웨이브와수출기업일반사모증권투자신탁(모),08M88,한국투자K웨이브와수출기업일반사모증권투자신탁(1종),08M87,08M87,08M88,X,X,X,08M87,한국투자K웨이브와수출기업일반사모증권투자신탁(모)
3419,,,,,08M87,,08M89,한국투자K웨이브와수출기업일반사모증권투자신탁(2종),08M87,08M87,08M89,X,X,X,08M87,
3420,,,,,08M90,한국투자AI인프라일반사모증권투자신탁(모),08M91,한국투자AI인프라일반사모증권투자신탁(1종),08M90,08M90,08M91,X,X,X,08M90,한국투자AI인프라일반사모증권투자신탁(모)
3421,,,,,08M90,,08M92,한국투자AI인프라일반사모증권투자신탁(2종),08M90,08M90,08M92,X,X,X,08M90,
3422,,,,,08M93,한국투자AI혁신기업일반사모증권투자신탁(모),08M94,한국투자AI혁신기업일반사모증권투자신탁(1종),08M93,08M93,08M94,X,X,X,08M93,한국투자AI혁신기업일반사모증권투자신탁(모)
3423,,,,,08M93,,08M95,한국투자AI혁신기업일반사모증권투자신탁(2종),08M93,08M93,08M95,X,X,X,08M93,
3424,,,,,08M96,한국투자디지털금융리더일반사모증권투자신탁(모),08M97,한국투자디지털금융리더일반사모증권투자신탁(1종),08M96,08M96,08M97,X,X,X,08M96,한국투자디지털금융리더일반사모증권투자신탁(모)
3425,,,,,08M96,,08M98,한국투자디지털금융리더일반사모증권투자신탁(2종),08M96,08M96,08M98,X,X,X,08M96,
3426,,,,,08M99,한국투자빅파마&바이오테크일반사모증권투자신탁(모),08N01,한국투자빅파마&바이오테크일반사모증권투자신탁(1종),08M99,08M99,08N01,X,X,X,08M99,한국투자빅파마&바이오테크일반사모증권투자신탁(모)
3427,,,,,08M99,,08N02,한국투자빅파마&바이오테크일반사모증권투자신탁(2종),08M99,08M99,08N02,X,X,X,08M99,
3428,,,,,08N03,한국투자전력인프라일반사모증권투자신탁2호(모),08N04,한국투자전력인프라일반사모증권투자신탁2호(1종),08N03,08N03,08N04,X,X,X,08N03,한국투자전력인프라일반사모증권투자신탁2호(모)
3429,,,,,08N03,,08N05,한국투자전력인프라일반사모증권투자신탁2호(2종),08N03,08N03,08N05,X,X,X,08N03,
3430,,,,,08N22,한국투자중국핵심성장일반사모투자신탁(모),08N23,한국투자중국핵심성장일반사모투자신탁(1종),08N22,08N22,08N23,X,X,X,08N22,한국투자중국핵심성장일반사모투자신탁(모)
3431,,,,,08N22,,08N24,한국투자중국핵심성장일반사모투자신탁(2종),08N22,08N22,08N24,X,X,X,08N22,
3432,,,,,08N25,한국투자주주환원시대일반사모투자신탁2호(모),08N26,한국투자주주환원시대일반사모투자신탁2호(1종),08N25,08N25,08N26,X,X,X,08N25,한국투자주주환원시대일반사모투자신탁2호(모)
3433,,,,,08N25,,08N27,한국투자주주환원시대일반사모투자신탁2호(2종),08N25,08N25,08N27,X,X,X,08N25,
3434,,,,,08N28,한국투자성장소비주일반사모투자신탁(모),08N29,한국투자성장소비주일반사모투자신탁(1종),08N28,08N28,08N29,X,X,X,08N28,한국투자성장소비주일반사모투자신탁(모)
3435,,,,,08N28,,08N30,한국투자성장소비주일반사모투자신탁(2종),08N28,08N28,08N30,X,X,X,08N28,
3436,,,,,08N56,한국투자뉴에이스일반사모증권투자신탁8호(채권)(모),08N57,한국투자뉴에이스일반사모증권투자신탁8호(채권)(1종),08N56,08N56,08N57,X,X,X,08N56,한국투자뉴에이스일반사모증권투자신탁8호(채권)(모)
3437,,,,,08N56,,08N58,한국투자뉴에이스일반사모증권투자신탁8호(채권)(2종),08N56,08N56,08N58,X,X,X,08N56,
3438,,,,,08N59,한국투자디지털플랫폼일반사모증권투자신탁(모),08N60,한국투자디지털플랫폼일반사모증권투자신탁(1종),08N59,08N59,08N60,X,X,X,08N59,한국투자디지털플랫폼일반사모증권투자신탁(모)
3439,,,,,08N59,,08N61,한국투자디지털플랫폼일반사모증권투자신탁(2종),08N59,08N59,08N61,X,X,X,08N59,
3440,,,,,08N62,한국투자미래금융일반사모증권투자신탁(모),08N63,한국투자미래금융일반사모증권투자신탁(1종),08N62,08N62,08N63,X,X,X,08N62,한국투자미래금융일반사모증권투자신탁(모)
3441,,,,,08N62,,08N64,한국투자미래금융일반사모증권투자신탁(2종),08N62,08N62,08N64,X,X,X,08N62,
3442,,,,,08N65,한국투자첨단제조일반사모증권투자신탁(모),08N66,한국투자첨단제조일반사모증권투자신탁(1종),08N65,08N65,08N66,X,X,X,08N65,한국투자첨단제조일반사모증권투자신탁(모)
3443,,,,,08N65,,08N67,한국투자첨단제조일반사모증권투자신탁(2종),08N65,08N65,08N67,X,X,X,08N65,
3444,,,,,08N68,한국투자미국AI인프라일반사모증권투자신탁(모),08N69,한국투자미국AI인프라일반사모증권투자신탁(1종),08N68,08N68,08N69,X,X,X,08N68,한국투자미국AI인프라일반사모증권투자신탁(모)
3445,,,,,08N68,,08N70,한국투자미국AI인프라일반사모증권투자신탁(2종),08N68,08N68,08N70,X,X,X,08N68,
3446,,,,,08N71,한국투자한국정책수혜일반사모증권투자신탁(모),08N72,한국투자한국정책수혜일반사모증권투자신탁(1종),08N71,08N71,08N72,X,X,X,08N71,한국투자한국정책수혜일반사모증권투자신탁(모)
3447,,,,,08N71,,08N73,한국투자한국정책수혜일반사모증권투자신탁(2종),08N71,08N71,08N73,X,X,X,08N71,
3448,,,,,08N74,한국투자한국AI인프라일반사모증권투자신탁(모),08N75,한국투자한국AI인프라일반사모증권투자신탁(1종),08N74,08N74,08N75,X,X,X,08N74,한국투자한국AI인프라일반사모증권투자신탁(모)
3449,,,,,08N74,,08N76,한국투자한국AI인프라일반사모증권투자신탁(2종),08N74,08N74,08N76,X,X,X,08N74,
3450,,,,,08N77,한국투자한국신성장산업일반사모증권투자신탁(모),08N78,한국투자한국신성장산업일반사모증권투자신탁(1종),08N77,08N77,08N78,X,X,X,08N77,한국투자한국신성장산업일반사모증권투자신탁(모)
3451,,,,,08N77,,08N79,한국투자한국신성장산업일반사모증권투자신탁(2종),08N77,08N77,08N79,X,X,X,08N77,
3452,,,,,08N93,한국투자글로벌AI로보틱스일반사모증권투자신탁(모),08N94,한국투자글로벌AI로보틱스일반사모증권투자신탁(1종),08N93,08N93,08N94,X,X,X,08N93,한국투자글로벌AI로보틱스일반사모증권투자신탁(모)
3453,,,,,08N93,,08N95,한국투자글로벌AI로보틱스일반사모증권투자신탁(2종),08N93,08N93,08N95,X,X,X,08N93,
3454,,,,,08N96,한국투자글로벌디지털금융일반사모증권투자신탁(모),08N97,한국투자글로벌디지털금융일반사모증권투자신탁(1종),08N96,08N96,08N97,X,X,X,08N96,한국투자글로벌디지털금융일반사모증권투자신탁(모)
3455,,,,,08N96,,08N98,한국투자글로벌디지털금융일반사모증권투자신탁(2종),08N96,08N96,08N98,X,X,X,08N96,
3456,,,,,08N99,한국투자글로벌에너지인프라일반사모증권투자신탁(모),08P01,한국투자글로벌에너지인프라일반사모증권투자신탁(1종),08N99,08N99,08P01,X,X,X,08N99,한국투자글로벌에너지인프라일반사모증권투자신탁(모)
3457,,,,,08N99,,08P02,한국투자글로벌에너지인프라일반사모증권투자신탁(2종),08N99,08N99,08P02,X,X,X,08N99,
3458,,,,,08P03,한국투자글로벌우주항공일반사모증권투자신탁(모),08P04,한국투자글로벌우주항공일반사모증권투자신탁(1종),08P03,08P03,08P04,X,X,X,08P03,한국투자글로벌우주항공일반사모증권투자신탁(모)
3459,,,,,08P03,,08P05,한국투자글로벌우주항공일반사모증권투자신탁(2종),08P03,08P03,08P05,X,X,X,08P03,
3460,,,,,08P06,한국투자글로벌컨슈머플랫폼일반사모증권투자신탁(모),08P07,한국투자글로벌컨슈머플랫폼일반사모증권투자신탁(1종),08P06,08P06,08P07,X,X,X,08P06,한국투자글로벌컨슈머플랫폼일반사모증권투자신탁(모)
3461,,,,,08P06,,08P08,한국투자글로벌컨슈머플랫폼일반사모증권투자신탁(2종),08P06,08P06,08P08,X,X,X,08P06,
3462,,,,,08P09,한국투자글로벌바이오테크일반사모증권투자신탁(모),08P10,한국투자글로벌바이오테크일반사모증권투자신탁(1종),08P09,08P09,08P10,X,X,X,08P09,한국투자글로벌바이오테크일반사모증권투자신탁(모)
3463,,,,,08P09,,08P11,한국투자글로벌바이오테크일반사모증권투자신탁(2종),08P09,08P09,08P11,X,X,X,08P09,
3464,,,,,08P12,한국투자글로벌AI반도체일반사모증권투자신탁(모),08P13,한국투자글로벌AI반도체일반사모증권투자신탁(1종),08P12,08P12,08P13,X,X,X,08P12,한국투자글로벌AI반도체일반사모증권투자신탁(모)
3465,,,,,08P12,,08P14,한국투자글로벌AI반도체일반사모증권투자신탁(2종),08P12,08P12,08P14,X,X,X,08P12,
3466,,,,,08P36,한국투자K반도체Top2플러스일반사모투자신탁,08P37,한국투자K반도체Top2플러스일반사모투자신탁(1종),08P36,08P36,08P37,X,X,X,08P36,한국투자K반도체Top2플러스일반사모투자신탁
3467,,,,,08P36,,08P38,한국투자K반도체Top2플러스일반사모투자신탁(2종),08P36,08P36,08P38,X,X,X,08P36,
3468,,,,,08P41,한국투자베이직일반사모증권투자신탁137호(채권)(모),08P57,한국투자베이직일반사모증권투자신탁137호(채권)(C),08P41,08P41,08P57,X,X,X,08P41,한국투자베이직일반사모증권투자신탁137호(채권)(모)
3469,,,,,08P41,,08P58,한국투자베이직일반사모증권투자신탁137호(채권)(C-W),08P41,08P41,08P58,X,X,X,08P41,
3470,,,,,08P42,한국투자한국&미국반도체일반사모투자신탁,08P43,한국투자한국&미국반도체일반사모투자신탁(1종),08P42,08P42,08P43,X,X,X,08P42,한국투자한국&미국반도체일반사모투자신탁
3471,,,,,08P42,,08P44,한국투자한국&미국반도체일반사모투자신탁(2종),08P42,08P42,08P44,X,X,X,08P42,
3472,,,,,08P49,한국투자K성장포커스일반사모투자신탁(모),08P50,한국투자K성장포커스일반사모투자신탁(1종),08P49,08P49,08P50,X,X,X,08P49,한국투자K성장포커스일반사모투자신탁(모)
3473,,,,,08P49,,08P51,한국투자K성장포커스일반사모투자신탁(2종),08P49,08P49,08P51,X,X,X,08P49,
3474,,,,,08P52,한국투자뉴에이스일반사모증권투자신탁9호(채권)(모),08P53,한국투자뉴에이스일반사모증권투자신탁9호(채권)(1종),08P52,08P52,08P53,X,X,X,08P52,한국투자뉴에이스일반사모증권투자신탁9호(채권)(모)
3475,,,,,08P52,,08P54,한국투자뉴에이스일반사모증권투자신탁9호(채권)(2종),08P52,08P52,08P54,X,X,X,08P52,
3476,,,,,08P59,한국투자K반도체밸류체인일반사모투자신탁,08P60,한국투자K반도체밸류체인일반사모투자신탁(1종),08P59,08P59,08P60,X,X,X,08P59,한국투자K반도체밸류체인일반사모투자신탁
3477,,,,,08P59,,08P61,한국투자K반도체밸류체인일반사모투자신탁(2종),08P59,08P59,08P61,X,X,X,08P59,
3478,,,,,08P63,한국투자반도체&코스닥일반사모투자신탁(모),08P64,한국투자반도체&코스닥일반사모투자신탁(1종),08P63,08P63,08P64,X,X,X,08P63,한국투자반도체&코스닥일반사모투자신탁(모)
3479,,,,,08P63,,08P65,한국투자반도체&코스닥일반사모투자신탁(2종),08P63,08P63,08P65,X,X,X,08P63,
3480,,,,,08P68,한국투자한국우주방산일반사모증권투자신탁(모),08P69,한국투자한국우주방산일반사모증권투자신탁(1종),08P68,08P68,08P69,X,X,X,08P68,한국투자한국우주방산일반사모증권투자신탁(모)
3481,,,,,08P68,,08P70,한국투자한국우주방산일반사모증권투자신탁(2종),08P68,08P68,08P70,X,X,X,08P68,
3482,,,,,08P71,한국투자한국반도체일반사모증권투자신탁(모),08P72,한국투자한국반도체일반사모증권투자신탁(1종),08P71,08P71,08P72,X,X,X,08P71,한국투자한국반도체일반사모증권투자신탁(모)
3483,,,,,08P71,,08P73,한국투자한국반도체일반사모증권투자신탁(2종),08P71,08P71,08P73,X,X,X,08P71,
3484,,,,,08P74,한국투자한국바이오일반사모증권투자신탁(모),08P75,한국투자한국바이오일반사모증권투자신탁(1종),08P74,08P74,08P75,X,X,X,08P74,한국투자한국바이오일반사모증권투자신탁(모)
3485,,,,,08P74,,08P76,한국투자한국바이오일반사모증권투자신탁(2종),08P74,08P74,08P76,X,X,X,08P74,
3486,,,,,08P77,한국투자한국모빌리티일반사모증권투자신탁(모),08P78,한국투자한국모빌리티일반사모증권투자신탁(1종),08P77,08P77,08P78,X,X,X,08P77,한국투자한국모빌리티일반사모증권투자신탁(모)
3487,,,,,08P77,,08P79,한국투자한국모빌리티일반사모증권투자신탁(2종),08P77,08P77,08P79,X,X,X,08P77,
3488,,,,,08P80,한국투자한국금융일반사모증권투자신탁(모),08P81,한국투자한국금융일반사모증권투자신탁(1종),08P80,08P80,08P81,X,X,X,08P80,한국투자한국금융일반사모증권투자신탁(모)
3489,,,,,08P80,,08P82,한국투자한국금융일반사모증권투자신탁(2종),08P80,08P80,08P82,X,X,X,08P80,
3490,,,,,08P83,한국투자한국IT컴포넌트일반사모증권투자신탁(모),08P84,한국투자한국IT컴포넌트일반사모증권투자신탁(1종),08P83,08P83,08P84,X,X,X,08P83,한국투자한국IT컴포넌트일반사모증권투자신탁(모)
3491,,,,,08P83,,08P85,한국투자한국IT컴포넌트일반사모증권투자신탁(2종),08P83,08P83,08P85,X,X,X,08P83,
3492,,,,,08P86,한국투자한국AI인프라하드웨어일반사모증권투자신탁(모),08P87,한국투자한국AI인프라하드웨어일반사모증권투자신탁(1종),08P86,08P86,08P87,X,X,X,08P86,한국투자한국AI인프라하드웨어일반사모증권투자신탁(모)
3493,,,,,08P86,,08P88,한국투자한국AI인프라하드웨어일반사모증권투자신탁(2종),08P86,08P86,08P88,X,X,X,08P86,
3494,,,,,08P92,한국투자코리아AI밸류체인일반사모투자신탁(모),08P93,한국투자코리아AI밸류체인일반사모투자신탁(1종),08P92,08P92,08P93,X,X,X,08P92,한국투자코리아AI밸류체인일반사모투자신탁(모)
3495,,,,,08P92,,08P94,한국투자코리아AI밸류체인일반사모투자신탁(2종),08P92,08P92,08P94,X,X,X,08P92,
3496,,,,,08P98,한국투자코리아AI&전력인프라일반사모투자신탁(모),08P99,한국투자코리아AI&전력인프라일반사모투자신탁(1종),08P98,08P98,08P99,X,X,X,08P98,한국투자코리아AI&전력인프라일반사모투자신탁(모)
3497,,,,,08P98,,08Q01,한국투자코리아AI&전력인프라일반사모투자신탁(2종),08P98,08P98,08Q01,X,X,X,08P98,
3498,,,,,08Q02,한국투자한국&미국우주방산일반사모투자신탁(모),08Q03,한국투자한국&미국우주방산일반사모투자신탁(1종),08Q02,08Q02,08Q03,X,X,X,08Q02,한국투자한국&미국우주방산일반사모투자신탁(모)
3499,,,,,08Q02,,08Q04,한국투자한국&미국우주방산일반사모투자신탁(2종),08Q02,08Q02,08Q04,X,X,X,08Q02,
3500,,,,,08Q12,한국투자뉴에이스일반사모증권투자신탁10호(채권)(모),08Q13,한국투자뉴에이스일반사모증권투자신탁10호(채권)(1종),08Q12,08Q12,08Q13,X,X,X,08Q12,한국투자뉴에이스일반사모증권투자신탁10호(채권)(모)
3501,,,,,08Q12,,08Q14,한국투자뉴에이스일반사모증권투자신탁10호(채권)(2종),08Q12,08Q12,08Q14,X,X,X,08Q12,
3502,,,,,08Q15,한국투자K프리미엄포커스일반사모투자신탁(모),08Q16,한국투자K프리미엄포커스일반사모투자신탁(1종),08Q15,08Q15,08Q16,X,X,X,08Q15,한국투자K프리미엄포커스일반사모투자신탁(모)
3503,,,,,08Q15,,08Q17,한국투자K프리미엄포커스일반사모투자신탁(2종),08Q15,08Q15,08Q17,X,X,X,08Q15,
3504,,,,,08Q19,한국투자코리아AI&로봇일반사모투자신탁(모),08Q20,한국투자코리아AI&로봇일반사모투자신탁(1종),08Q19,08Q19,08Q20,X,X,X,08Q19,한국투자코리아AI&로봇일반사모투자신탁(모)
3505,,,,,08Q19,,08Q21,한국투자코리아AI&로봇일반사모투자신탁(2종),08Q19,08Q19,08Q21,X,X,X,08Q19,
3506,,,,,08Q22,한국투자한국AI인프라일반사모투자신탁(모),08Q23,한국투자한국AI인프라일반사모투자신탁(1종),08Q22,08Q22,08Q23,X,X,X,08Q22,한국투자한국AI인프라일반사모투자신탁(모)
3507,,,,,08Q22,,08Q24,한국투자한국AI인프라일반사모투자신탁(2종),08Q22,08Q22,08Q24,X,X,X,08Q22,
3508,,,,,08Q37,한국투자레벨업AI밸류체인일반사모증권투자신탁(모),08Q38,한국투자레벨업AI밸류체인일반사모증권투자신탁(1종),08Q37,08Q37,08Q38,X,X,X,08Q37,한국투자레벨업AI밸류체인일반사모증권투자신탁(모)
3509,,,,,08Q37,,08Q39,한국투자레벨업AI밸류체인일반사모증권투자신탁(2종),08Q37,08Q37,08Q39,X,X,X,08Q37,
3510,,,,,08Q40,한국투자레벨업AI반도체일반사모증권투자신탁(모),08Q41,한국투자레벨업AI반도체일반사모증권투자신탁(1종),08Q40,08Q40,08Q41,X,X,X,08Q40,한국투자레벨업AI반도체일반사모증권투자신탁(모)
3511,,,,,08Q40,,08Q42,한국투자레벨업AI반도체일반사모증권투자신탁(2종),08Q40,08Q40,08Q42,X,X,X,08Q40,
3512,,,,,08Q43,한국투자레벨업피지컬AI일반사모증권투자신탁(모),08Q44,한국투자레벨업피지컬AI일반사모증권투자신탁(1종),08Q43,08Q43,08Q44,X,X,X,08Q43,한국투자레벨업피지컬AI일반사모증권투자신탁(모)
3513,,,,,08Q43,,08Q45,한국투자레벨업피지컬AI일반사모증권투자신탁(2종),08Q43,08Q43,08Q45,X,X,X,08Q43,
3514,,,,,08Q46,한국투자레벨업안보일반사모증권투자신탁(모),08Q47,한국투자레벨업안보일반사모증권투자신탁(1종),08Q46,08Q46,08Q47,X,X,X,08Q46,한국투자레벨업안보일반사모증권투자신탁(모)
3515,,,,,08Q46,,08Q48,한국투자레벨업안보일반사모증권투자신탁(2종),08Q46,08Q46,08Q48,X,X,X,08Q46,
3516,,,,,08Q49,한국투자레벨업삼성그룹주일반사모증권투자신탁(모),08Q50,한국투자레벨업삼성그룹주일반사모증권투자신탁(1종),08Q49,08Q49,08Q50,X,X,X,08Q49,한국투자레벨업삼성그룹주일반사모증권투자신탁(모)
3517,,,,,08Q49,,08Q51,한국투자레벨업삼성그룹주일반사모증권투자신탁(2종),08Q49,08Q49,08Q51,X,X,X,08Q49,
3518,,,,,08Q52,한국투자레벨업K기업가치일반사모증권투자신탁(모),08Q53,한국투자레벨업K기업가치일반사모증권투자신탁(1종),08Q52,08Q52,08Q53,X,X,X,08Q52,한국투자레벨업K기업가치일반사모증권투자신탁(모)
3519,,,,,08Q52,,08Q54,한국투자레벨업K기업가치일반사모증권투자신탁(2종),08Q52,08Q52,08Q54,X,X,X,08Q52,
3520,,,,,08Q55,한국투자레벨업코스닥일반사모증권투자신탁(모),08Q56,한국투자레벨업코스닥일반사모증권투자신탁(1종),08Q55,08Q55,08Q56,X,X,X,08Q55,한국투자레벨업코스닥일반사모증권투자신탁(모)
3521,,,,,08Q55,,08Q57,한국투자레벨업코스닥일반사모증권투자신탁(2종),08Q55,08Q55,08Q57,X,X,X,08Q55,
3522,,,,,08Q68,한국투자뉴에이스일반사모증권투자신탁11호(채권)(모),08Q69,한국투자뉴에이스일반사모증권투자신탁11호(채권)(1종),08Q68,08Q68,08Q69,X,X,X,08Q68,한국투자뉴에이스일반사모증권투자신탁11호(채권)(모)
3523,,,,,08Q68,,08Q70,한국투자뉴에이스일반사모증권투자신탁11호(채권)(2종),08Q68,08Q68,08Q70,X,X,X,08Q68,
3524,,,,,09A02,한국투자미국국채와대표기업목표전환증권투자신탁2호(채권-재간접형)(모),09A19,한국투자미국국채와대표기업목표전환증권투자신탁2호(채권-재간접형)(A),09A02,09A02,09A19,X,X,X,09A02,한국투자미국국채와대표기업목표전환증권투자신탁2호(채권-재간접형)(모)
3525,,,,,09A02,,09A20,한국투자미국국채와대표기업목표전환증권투자신탁2호(채권-재간접형)(A-e),09A02,09A02,09A20,X,X,X,09A02,
3526,,,,,09A02,,09A21,한국투자미국국채와대표기업목표전환증권투자신탁2호(채권-재간접형)(C),09A02,09A02,09A21,X,X,X,09A02,
3527,,,,,09A02,,09A22,한국투자미국국채와대표기업목표전환증권투자신탁2호(채권-재간접형)(C-e),09A02,09A02,09A22,X,X,X,09A02,
3528,,,,,09A02,,09A23,한국투자미국국채와대표기업목표전환증권투자신탁2호(채권-재간접형)(C-w),09A02,09A02,09A23,X,X,X,09A02,
3529,,,,,09A24,한국투자미국경제주도산업증권투자신탁1호(사모투자재간접형)(모),09A25,한국투자미국경제주도산업증권투자신탁1호(사모투자재간접형)(A),09A24,09A24,09A25,X,X,X,09A24,한국투자미국경제주도산업증권투자신탁1호(사모투자재간접형)(모)
3530,,,,,09A24,,09A26,한국투자미국경제주도산업증권투자신탁1호(사모투자재간접형)(A-e),09A24,09A24,09A26,X,X,X,09A24,
3531,,,,,09A27,한국투자미국경제주도산업증권투자신탁2호(사모투자재간접형)(모),09A28,한국투자미국경제주도산업증권투자신탁2호(사모투자재간접형)(A),09A27,09A27,09A28,X,X,X,09A27,한국투자미국경제주도산업증권투자신탁2호(사모투자재간접형)(모)
3532,,,,,09A27,,09A29,한국투자미국경제주도산업증권투자신탁2호(사모투자재간접형)(A-e),09A27,09A27,09A29,X,X,X,09A27,
3533,,,,,09A33,한국투자글로벌M7스텝업분할매수목표전환증권투자신탁4호(채권-재간접형)(모),09A34,한국투자글로벌M7스텝업분할매수목표전환증권투자신탁4호(채권-재간접형)(A),09A33,09A33,09A34,X,X,X,09A33,한국투자글로벌M7스텝업분할매수목표전환증권투자신탁4호(채권-재간접형)(모)
3534,,,,,09A33,,09A36,한국투자글로벌M7스텝업분할매수목표전환증권투자신탁4호(채권-재간접형)(A-e),09A33,09A33,09A36,X,X,X,09A33,
3535,,,,,09A33,,09A38,한국투자글로벌M7스텝업분할매수목표전환증권투자신탁4호(채권-재간접형)(C-W),09A33,09A33,09A38,X,X,X,09A33,
3536,,,,,09C41,한국투자UBP캠벨스마트알파증권자투자신탁(USD)(혼합-재간접형)(모),09C42,한국투자UBP캠벨스마트알파증권자투자신탁(USD)(혼합-재간접형)(A),09C41,09C41,09C42,X,X,X,09C41,한국투자UBP캠벨스마트알파증권자투자신탁(USD)(혼합-재간접형)(모)
3537,,,,,09C41,,09C43,한국투자UBP캠벨스마트알파증권자투자신탁(USD)(혼합-재간접형)(A-G),09C41,09C41,09C43,X,X,X,09C41,
3538,,,,,09C41,,09C44,한국투자UBP캠벨스마트알파증권자투자신탁(USD)(혼합-재간접형)(A-e),09C41,09C41,09C44,X,X,X,09C41,
3539,,,,,09C41,,09C45,한국투자UBP캠벨스마트알파증권자투자신탁(USD)(혼합-재간접형)(C),09C41,09C41,09C45,X,X,X,09C41,
3540,,,,,09C41,,09C46,한국투자UBP캠벨스마트알파증권자투자신탁(USD)(혼합-재간접형)(C-F),09C41,09C41,09C46,X,X,X,09C41,
3541,,,,,09C41,,09C47,한국투자UBP캠벨스마트알파증권자투자신탁(USD)(혼합-재간접형)(C-G),09C41,09C41,09C47,X,X,X,09C41,
3542,,,,,09C41,,09C48,한국투자UBP캠벨스마트알파증권자투자신탁(USD)(혼합-재간접형)(C-P),09C41,09C41,09C48,X,X,X,09C41,
3543,,,,,09C41,,09C49,한국투자UBP캠벨스마트알파증권자투자신탁(USD)(혼합-재간접형)(C-Pe),09C41,09C41,09C49,X,X,X,09C41,
3544,,,,,09C41,,09C50,한국투자UBP캠벨스마트알파증권자투자신탁(USD)(혼합-재간접형)(C-R),09C41,09C41,09C50,X,X,X,09C41,
3545,,,,,09C41,,09C51,한국투자UBP캠벨스마트알파증권자투자신탁(USD)(혼합-재간접형)(C-Re),09C41,09C41,09C51,X,X,X,09C41,
3546,,,,,09C41,,09C52,한국투자UBP캠벨스마트알파증권자투자신탁(USD)(혼합-재간접형)(C-W),09C41,09C41,09C52,X,X,X,09C41,
3547,,,,,09C41,,09C53,한국투자UBP캠벨스마트알파증권자투자신탁(USD)(혼합-재간접형)(C-e),09C41,09C41,09C53,X,X,X,09C41,
3548,,,,,09C41,,09C82,한국투자UBP캠벨스마트알파증권자투자신탁(USD)(혼합-재간접형)(A1),09C41,09C41,09C82,X,X,X,09C41,
3549,,,,,09D13,한국투자원자재혼합자산투자신탁1호(원자재-재간접형)(모),09D28,한국투자원자재혼합자산투자신탁1호(원자재-재간접형)(C),09D13,09D13,09D28,X,X,X,09D13,한국투자원자재혼합자산투자신탁1호(원자재-재간접형)(모)
3550,,,,,09D13,,70009,한국투자원자재혼합자산투자신탁1호(원자재-재간접형)(A),09D13,09D13,70009,X,X,X,09D13,
3551,,,,,09D15,한국투자블랙록GF증권투자신탁1호(주식-재간접형)(모),70010,한국투자블랙록GF증권투자신탁1호(주식-재간접형)(A),09D15,09D15,70010,X,X,X,09D15,한국투자블랙록GF증권투자신탁1호(주식-재간접형)(모)
3552,,,,,09D18,한국글로벌AI종류형재간접투자신탁P-1(모),09D16,한국글로벌AI종류형재간접투자신탁P-1호(I),09D18,09D18,09D16,X,X,X,09D18,한국글로벌AI종류형재간접투자신탁P-1(모)
3553,,,,,09D27,한국투자인디아증권투자신탁1호(주식-재간접형)(모),70013,한국투자인디아증권투자신탁1호(주식-재간접형)(A),09D27,09D27,70013,X,X,X,09D27,한국투자인디아증권투자신탁1호(주식-재간접형)(모)
3554,,,,,09D27,,70021,한국투자인디아증권투자신탁1호(주식-재간접형)(A1),09D27,09D27,70021,X,X,X,09D27,
3555,,,,,09D30,한국투자차이나증권투자신탁1호(주식-재간접형)(모),09D71,한국투자차이나증권투자신탁1호(주식-재간접형)(S),09D30,09D30,09D71,X,X,X,09D30,한국투자차이나증권투자신탁1호(주식-재간접형)(모)
3556,,,,,09D30,,70002,한국투자차이나증권투자신탁1호(주식-재간접형)(A),09D30,09D30,70002,X,X,X,09D30,
3557,,,,,09D30,,70019,한국투자차이나증권투자신탁1호(주식-재간접형)(A1),09D30,09D30,70019,X,X,X,09D30,
3558,,,,,09D30,,70020,한국투자차이나증권투자신탁1호(주식-재간접형)(C),09D30,09D30,70020,X,X,X,09D30,
3559,,,,,09D33,한국투자재팬증권투자신탁1호(주식-재간접형)(모),70005,한국투자재팬증권투자신탁1호(주식-재간접형)(A),09D33,09D33,70005,X,X,X,09D33,한국투자재팬증권투자신탁1호(주식-재간접형)(모)
3560,,,,,09D33,,70022,한국투자재팬증권투자신탁1호(주식-재간접형)(A1),09D33,09D33,70022,X,X,X,09D33,
3561,,,,,09D33,,70023,한국투자재팬증권투자신탁1호(주식-재간접형)(A-e),09D33,09D33,70023,X,X,X,09D33,
3562,,,,,09D33,,70024,한국투자재팬증권투자신탁1호(주식-재간접형)(C),09D33,09D33,70024,X,X,X,09D33,
3563,,,,,09D33,,70025,한국투자재팬증권투자신탁1호(주식-재간접형)(C-e),09D33,09D33,70025,X,X,X,09D33,
3564,,,,,09D37,한국투자사모에너지특별자산투자신탁1호(에너지-재간접형)(모),09D35,한국투자사모에너지특별자산투자신탁1호(에너지-재간접형)(A),09D37,09D37,09D35,X,X,X,09D37,한국투자사모에너지특별자산투자신탁1호(에너지-재간접형)(모)
3565,,,,,09D39,한국투자사모에너지특별자산투자신탁2호(에너지-재간접형)(모),09D40,한국투자사모에너지특별자산투자신탁2호(에너지-재간접형)(A),09D39,09D39,09D40,X,X,X,09D39,한국투자사모에너지특별자산투자신탁2호(에너지-재간접형)(모)
3566,,,,,09D44,한국투자사모에너지특별자산투자신탁4호(에너지-재간접형)(모),09D45,한국투자사모에너지특별자산투자신탁4호(에너지-재간접형)(A),09D44,09D44,09D45,X,X,X,09D44,한국투자사모에너지특별자산투자신탁4호(에너지-재간접형)(모)
3567,,,,,09D50,한국투자사모에너지특별자산투자신탁5호(에너지-재간접형)(모),09D51,한국투자사모에너지특별자산투자신탁5호(에너지-재간접형)(A),09D50,09D50,09D51,X,X,X,09D50,한국투자사모에너지특별자산투자신탁5호(에너지-재간접형)(모)
3568,,,,,09D63,한국투자글로벌스마트90증권투자신탁1호(주식혼합-재간접형)(모),09D64,한국투자글로벌스마트90증권투자신탁1호(주식혼합-재간접형)(A),09D63,09D63,09D64,X,X,X,09D63,한국투자글로벌스마트90증권투자신탁1호(주식혼합-재간접형)(모)
3569,,,,,09D63,,09D65,한국투자글로벌스마트90증권투자신탁1호(주식혼합-재간접형)(C),09D63,09D63,09D65,X,X,X,09D63,
3570,,,,,09F72,한국투자차이나빅테크와AI주도주목표전환증권투자신탁1호(채권-재간접형)(모),09F73,한국투자차이나빅테크와AI주도주목표전환증권투자신탁1호(채권-재간접형)(A),09F72,09F72,09F73,X,X,X,09F72,한국투자차이나빅테크와AI주도주목표전환증권투자신탁1호(채권-재간접형)(모)
3571,,,,,09F72,,09F74,한국투자차이나빅테크와AI주도주목표전환증권투자신탁1호(채권-재간접형)(A-e),09F72,09F72,09F74,X,X,X,09F72,
3572,,,,,09F72,,09F75,한국투자차이나빅테크와AI주도주목표전환증권투자신탁1호(채권-재간접형)(C),09F72,09F72,09F75,X,X,X,09F72,
3573,,,,,09F72,,09F76,한국투자차이나빅테크와AI주도주목표전환증권투자신탁1호(채권-재간접형)(C-e),09F72,09F72,09F76,X,X,X,09F72,
3574,,,,,09F72,,09F77,한국투자차이나빅테크와AI주도주목표전환증권투자신탁1호(채권-재간접형)(C-w),09F72,09F72,09F77,X,X,X,09F72,
3575,,,,,09F78,한국투자글로벌넥스트웨이브증권투자신탁1호(사모투자재간접형)(모),09F79,한국투자글로벌넥스트웨이브증권투자신탁1호(사모투자재간접형)(A),09F78,09F78,09F79,X,X,X,09F78,한국투자글로벌넥스트웨이브증권투자신탁1호(사모투자재간접형)(모)
3576,,,,,09F78,,09F80,한국투자글로벌넥스트웨이브증권투자신탁1호(사모투자재간접형)(A-e),09F78,09F78,09F80,X,X,X,09F78,
3577,,,,,09F81,한국투자글로벌넥스트웨이브증권투자신탁2호(사모투자재간접형)(모),09F82,한국투자글로벌넥스트웨이브증권투자신탁2호(사모투자재간접형)(A),09F81,09F81,09F82,X,X,X,09F81,한국투자글로벌넥스트웨이브증권투자신탁2호(사모투자재간접형)(모)
3578,,,,,09F81,,09F83,한국투자글로벌넥스트웨이브증권투자신탁2호(사모투자재간접형)(A-e),09F81,09F81,09F83,X,X,X,09F81,
3579,,,,,09G01,한국투자미국분할매수빌드업목표전환증권투자신탁1호(채권-재간접형)(모),09G02,한국투자미국분할매수빌드업목표전환증권투자신탁1호(채권-재간접형)(A),09G01,09G01,09G02,X,X,X,09G01,한국투자미국분할매수빌드업목표전환증권투자신탁1호(채권-재간접형)(모)
3580,,,,,09G01,,09G03,한국투자미국분할매수빌드업목표전환증권투자신탁1호(채권-재간접형)(A-e),09G01,09G01,09G03,X,X,X,09G01,
3581,,,,,09G01,,09G04,한국투자미국분할매수빌드업목표전환증권투자신탁1호(채권-재간접형)(C),09G01,09G01,09G04,X,X,X,09G01,
3582,,,,,09G01,,09G05,한국투자미국분할매수빌드업목표전환증권투자신탁1호(채권-재간접형)(C-e),09G01,09G01,09G05,X,X,X,09G01,
3583,,,,,09G01,,09G06,한국투자미국분할매수빌드업목표전환증권투자신탁1호(채권-재간접형)(C-w),09G01,09G01,09G06,X,X,X,09G01,
3584,,,,,09G07,한국투자항셍테크스텝업분할매수목표전환증권투자신탁(채권-재간접형)(모),09G08,한국투자항셍테크스텝업분할매수목표전환증권투자신탁(채권-재간접형)(A),09G07,09G07,09G08,X,X,X,09G07,한국투자항셍테크스텝업분할매수목표전환증권투자신탁(채권-재간접형)(모)
3585,,,,,09G07,,09G09,한국투자항셍테크스텝업분할매수목표전환증권투자신탁(채권-재간접형)(A-e),09G07,09G07,09G09,X,X,X,09G07,
3586,,,,,09G07,,09G12,한국투자항셍테크스텝업분할매수목표전환증권투자신탁(채권-재간접형)(C-W),09G07,09G07,09G12,X,X,X,09G07,
3587,,,,,09G42,한국투자미국스텝업분할매수목표전환증권투자신탁(채권-재간접형)(모),09G43,한국투자미국스텝업분할매수목표전환증권투자신탁(채권-재간접형)(A),09G42,09G42,09G43,X,X,X,09G42,한국투자미국스텝업분할매수목표전환증권투자신탁(채권-재간접형)(모)
3588,,,,,09G42,,09G44,한국투자미국스텝업분할매수목표전환증권투자신탁(채권-재간접형)(A-e),09G42,09G42,09G44,X,X,X,09G42,
3589,,,,,09G42,,09G47,한국투자미국스텝업분할매수목표전환증권투자신탁(채권-재간접형)(C-W),09G42,09G42,09G47,X,X,X,09G42,
3590,,,,,09G55,한국투자미국테크스텝업분할매수증권투자신탁(혼합-재간접형)(모),09G56,한국투자미국테크스텝업분할매수증권투자신탁(혼합-재간접형)(A),09G55,09G55,09G56,X,X,X,09G55,한국투자미국테크스텝업분할매수증권투자신탁(혼합-재간접형)(모)
3591,,,,,09G55,,09G57,한국투자미국테크스텝업분할매수증권투자신탁(혼합-재간접형)(A-e),09G55,09G55,09G57,X,X,X,09G55,
3592,,,,,09G55,,09G58,한국투자미국테크스텝업분할매수증권투자신탁(혼합-재간접형)(C),09G55,09G55,09G58,X,X,X,09G55,
3593,,,,,09G55,,09G59,한국투자미국테크스텝업분할매수증권투자신탁(혼합-재간접형)(C-e),09G55,09G55,09G59,X,X,X,09G55,
3594,,,,,09G55,,09G65,한국투자미국테크스텝업분할매수증권투자신탁(혼합-재간접형)(C-W),09G55,09G55,09G65,X,X,X,09G55,
3595,,,,,09K15,한국투자미국분할매수빌드업목표전환증권투자신탁2호(채권-재간접형)(모),09K16,한국투자미국분할매수빌드업목표전환증권투자신탁2호(채권-재간접형)(A),09K15,09K15,09K16,X,X,X,09K15,한국투자미국분할매수빌드업목표전환증권투자신탁2호(채권-재간접형)(모)
3596,,,,,09K15,,09K17,한국투자미국분할매수빌드업목표전환증권투자신탁2호(채권-재간접형)(A-e),09K15,09K15,09K17,X,X,X,09K15,
3597,,,,,09K15,,09K18,한국투자미국분할매수빌드업목표전환증권투자신탁2호(채권-재간접형)(C),09K15,09K15,09K18,X,X,X,09K15,
3598,,,,,09K15,,09K19,한국투자미국분할매수빌드업목표전환증권투자신탁2호(채권-재간접형)(C-e),09K15,09K15,09K19,X,X,X,09K15,
3599,,,,,09K15,,09K20,한국투자미국분할매수빌드업목표전환증권투자신탁2호(채권-재간접형)(C-w),09K15,09K15,09K20,X,X,X,09K15,
3600,,,,,09K75,한국투자한미핵심성장포커스증권투자신탁1호(사모투자재간접형)(모),09K76,한국투자한미핵심성장포커스증권투자신탁1호(사모투자재간접형)(A),09K75,09K75,09K76,X,X,X,09K75,한국투자한미핵심성장포커스증권투자신탁1호(사모투자재간접형)(모)
3601,,,,,09K75,,09K77,한국투자한미핵심성장포커스증권투자신탁1호(사모투자재간접형)(A-e),09K75,09K75,09K77,X,X,X,09K75,
3602,,,,,09K78,한국투자한미핵심성장포커스증권투자신탁2호(사모투자재간접형)(모),09K79,한국투자한미핵심성장포커스증권투자신탁2호(사모투자재간접형)(A),09K78,09K78,09K79,X,X,X,09K78,한국투자한미핵심성장포커스증권투자신탁2호(사모투자재간접형)(모)
3603,,,,,09K78,,09K80,한국투자한미핵심성장포커스증권투자신탁2호(사모투자재간접형)(A-e),09K78,09K78,09K80,X,X,X,09K78,
3604,,,,,09K81,한국투자주주환원레벨업목표전환증권투자신탁(채권-재간접형)(모),09K82,한국투자주주환원레벨업목표전환증권투자신탁(채권-재간접형)(A),09K81,09K81,09K82,X,X,X,09K81,한국투자주주환원레벨업목표전환증권투자신탁(채권-재간접형)(모)
3605,,,,,09K81,,09K83,한국투자주주환원레벨업목표전환증권투자신탁(채권-재간접형)(A-e),09K81,09K81,09K83,X,X,X,09K81,
3606,,,,,09K81,,09K88,한국투자주주환원레벨업목표전환증권투자신탁(채권-재간접형)(C-W),09K81,09K81,09K88,X,X,X,09K81,
3607,,,,,09K89,한국투자함께해요K정책수혜분할매수목표전환증권투자신탁(채권-재간접형),09K90,한국투자함께해요K정책수혜분할매수목표전환증권투자신탁(채권-재간접형)(A-e),09K89,09K89,09K90,X,X,X,09K89,한국투자함께해요K정책수혜분할매수목표전환증권투자신탁(채권-재간접형)
3608,,,,,09K89,,09K92,한국투자함께해요K정책수혜분할매수목표전환증권투자신탁(채권-재간접형)(C-W),09K89,09K89,09K92,X,X,X,09K89,
3609,,,,,09K93,한국투자항셍테크스텝업분할매수목표전환증권투자신탁2호(혼합-재간접형)(모),09K94,한국투자항셍테크스텝업분할매수목표전환증권투자신탁2호(혼합-재간접형)(A),09K93,09K93,09K94,X,X,X,09K93,한국투자항셍테크스텝업분할매수목표전환증권투자신탁2호(혼합-재간접형)(모)
3610,,,,,09K93,,09K95,한국투자항셍테크스텝업분할매수목표전환증권투자신탁2호(혼합-재간접형)(A-e),09K93,09K93,09K95,X,X,X,09K93,
3611,,,,,09K93,,09K98,한국투자항셍테크스텝업분할매수목표전환증권투자신탁2호(혼합-재간접형)(C-W),09K93,09K93,09K98,X,X,X,09K93,
3612,,,,,09L01,한국투자금모으기특별자산투자신탁(금-재간접형)(모),09L02,한국투자금모으기특별자산투자신탁(금-재간접형)(A),09L01,09L01,09L02,X,X,X,09L01,한국투자금모으기특별자산투자신탁(금-재간접형)(모)
3613,,,,,09L01,,09L03,한국투자금모으기특별자산투자신탁(금-재간접형)(A-e),09L01,09L01,09L03,X,X,X,09L01,
3614,,,,,09L01,,09L04,한국투자금모으기특별자산투자신탁(금-재간접형)(A-G),09L01,09L01,09L04,X,X,X,09L01,
3615,,,,,09L01,,09L05,한국투자금모으기특별자산투자신탁(금-재간접형)(C),09L01,09L01,09L05,X,X,X,09L01,
3616,,,,,09L01,,09L06,한국투자금모으기특별자산투자신탁(금-재간접형)(C-e),09L01,09L01,09L06,X,X,X,09L01,
3617,,,,,09L01,,09L07,한국투자금모으기특별자산투자신탁(금-재간접형)(C-F),09L01,09L01,09L07,X,X,X,09L01,
3618,,,,,09L01,,09L08,한국투자금모으기특별자산투자신탁(금-재간접형)(C-G),09L01,09L01,09L08,X,X,X,09L01,
3619,,,,,09L01,,09L09,한국투자금모으기특별자산투자신탁(금-재간접형)(C-P),09L01,09L01,09L09,X,X,X,09L01,
3620,,,,,09L01,,09L10,한국투자금모으기특별자산투자신탁(금-재간접형)(C-Pe),09L01,09L01,09L10,X,X,X,09L01,
3621,,,,,09L01,,09L11,한국투자금모으기특별자산투자신탁(금-재간접형)(C-R),09L01,09L01,09L11,X,X,X,09L01,
3622,,,,,09L01,,09L12,한국투자금모으기특별자산투자신탁(금-재간접형)(C-Re),09L01,09L01,09L12,X,X,X,09L01,
3623,,,,,09L01,,09L13,한국투자금모으기특별자산투자신탁(금-재간접형)(C-W),09L01,09L01,09L13,X,X,X,09L01,
3624,,,,,09L88,한국투자한미핵심성장포커스목표전환증권투자신탁(채권-재간접형)(모),09L89,한국투자한미핵심성장포커스목표전환증권투자신탁(채권-재간접형)(A),09L88,09L88,09L89,X,X,X,09L88,한국투자한미핵심성장포커스목표전환증권투자신탁(채권-재간접형)(모)
3625,,,,,09L88,,09L90,한국투자한미핵심성장포커스목표전환증권투자신탁(채권-재간접형)(A-e),09L88,09L88,09L90,X,X,X,09L88,
3626,,,,,09L88,,09L91,한국투자한미핵심성장포커스목표전환증권투자신탁(채권-재간접형)(C),09L88,09L88,09L91,X,X,X,09L88,
3627,,,,,09L88,,09L92,한국투자한미핵심성장포커스목표전환증권투자신탁(채권-재간접형)(C-e),09L88,09L88,09L92,X,X,X,09L88,
3628,,,,,09L88,,09L93,한국투자한미핵심성장포커스목표전환증권투자신탁(채권-재간접형)(C-W),09L88,09L88,09L93,X,X,X,09L88,
3629,,,,,09M13,한국투자TMF26-12만기형증권투자신탁(채권)(모),09M14,한국투자TMF26-12만기형증권투자신탁(채권)(C-F),09M13,09M13,09M14,X,X,X,09M13,한국투자TMF26-12만기형증권투자신탁(채권)(모)
3630,,,,,09M13,,09M17,한국투자TMF26-12만기형증권투자신탁(채권)(C-W),09M13,09M13,09M17,X,X,X,09M13,
3631,,,,,09M13,,09M26,한국투자TMF26-12만기형증권투자신탁(채권)(C-P),09M13,09M13,09M26,X,X,X,09M13,
3632,,,,,09M13,,09M27,한국투자TMF26-12만기형증권투자신탁(채권)(C-Pe),09M13,09M13,09M27,X,X,X,09M13,
3633,,,,,09M13,,09M29,한국투자TMF26-12만기형증권투자신탁(채권)(C-Re),09M13,09M13,09M29,X,X,X,09M13,
3634,,,,,09M15,한국투자TMF28-12만기형증권투자신탁(채권)(모),09M16,한국투자TMF28-12만기형증권투자신탁(채권)(C-F),09M15,09M15,09M16,X,X,X,09M15,한국투자TMF28-12만기형증권투자신탁(채권)(모)
3635,,,,,09M15,,09M18,한국투자TMF28-12만기형증권투자신탁(채권)(C-W),09M15,09M15,09M18,X,X,X,09M15,
3636,,,,,09M15,,09M31,한국투자TMF28-12만기형증권투자신탁(채권)(C-Pe),09M15,09M15,09M31,X,X,X,09M15,
3637,,,,,09M15,,09M33,한국투자TMF28-12만기형증권투자신탁(채권)(C-Re),09M15,09M15,09M33,X,X,X,09M15,
3638,,,,,09M20,한국투자한미넥스트혁신성장증권투자신탁1호(사모투자재간접형)(모),09M21,한국투자한미넥스트혁신성장증권투자신탁1호(사모투자재간접형)(A),09M20,09M20,09M21,X,X,X,09M20,한국투자한미넥스트혁신성장증권투자신탁1호(사모투자재간접형)(모)
3639,,,,,09M20,,09M22,한국투자한미넥스트혁신성장증권투자신탁1호(사모투자재간접형)(A-e),09M20,09M20,09M22,X,X,X,09M20,
3640,,,,,09M23,한국투자한미넥스트혁신성장증권투자신탁2호(사모투자재간접형)(모),09M24,한국투자한미넥스트혁신성장증권투자신탁2호(사모투자재간접형)(A),09M23,09M23,09M24,X,X,X,09M23,한국투자한미넥스트혁신성장증권투자신탁2호(사모투자재간접형)(모)
3641,,,,,09M23,,09M25,한국투자한미넥스트혁신성장증권투자신탁2호(사모투자재간접형)(A-e),09M23,09M23,09M25,X,X,X,09M23,
3642,,,,,09M34,한국투자위기대비전략자산배분증권투자신탁(채권혼합-재간접형)(모),09M35,한국투자위기대비전략자산배분증권투자신탁(채권혼합-재간접형)(A),09M34,09M34,09M35,X,X,X,09M34,한국투자위기대비전략자산배분증권투자신탁(채권혼합-재간접형)(모)
3643,,,,,09M34,,09M36,한국투자위기대비전략자산배분증권투자신탁(채권혼합-재간접형)(A-e),09M34,09M34,09M36,X,X,X,09M34,
3644,,,,,09M34,,09M37,한국투자위기대비전략자산배분증권투자신탁(채권혼합-재간접형)(A-G),09M34,09M34,09M37,X,X,X,09M34,
3645,,,,,09M34,,09M38,한국투자위기대비전략자산배분증권투자신탁(채권혼합-재간접형)(C),09M34,09M34,09M38,X,X,X,09M34,
3646,,,,,09M34,,09M39,한국투자위기대비전략자산배분증권투자신탁(채권혼합-재간접형)(C-e),09M34,09M34,09M39,X,X,X,09M34,
3647,,,,,09M34,,09M40,한국투자위기대비전략자산배분증권투자신탁(채권혼합-재간접형)(C-F),09M34,09M34,09M40,X,X,X,09M34,
3648,,,,,09M34,,09M41,한국투자위기대비전략자산배분증권투자신탁(채권혼합-재간접형)(C-G),09M34,09M34,09M41,X,X,X,09M34,
3649,,,,,09M34,,09M42,한국투자위기대비전략자산배분증권투자신탁(채권혼합-재간접형)(C-P),09M34,09M34,09M42,X,X,X,09M34,
3650,,,,,09M34,,09M43,한국투자위기대비전략자산배분증권투자신탁(채권혼합-재간접형)(C-Pe),09M34,09M34,09M43,X,X,X,09M34,
3651,,,,,09M34,,09M44,한국투자위기대비전략자산배분증권투자신탁(채권혼합-재간접형)(C-R),09M34,09M34,09M44,X,X,X,09M34,
3652,,,,,09M34,,09M45,한국투자위기대비전략자산배분증권투자신탁(채권혼합-재간접형)(C-Re),09M34,09M34,09M45,X,X,X,09M34,
3653,,,,,09M34,,09M46,한국투자위기대비전략자산배분증권투자신탁(채권혼합-재간접형)(C-W),09M34,09M34,09M46,X,X,X,09M34,
3654,,,,,09M34,,09M47,한국투자위기대비전략자산배분증권투자신탁(채권혼합-재간접형)(S),09M34,09M34,09M47,X,X,X,09M34,
3655,,,,,09M34,,09M48,한국투자위기대비전략자산배분증권투자신탁(채권혼합-재간접형)(S-P),09M34,09M34,09M48,X,X,X,09M34,
3656,,,,,09M34,,09M49,한국투자위기대비전략자산배분증권투자신탁(채권혼합-재간접형)(S-R),09M34,09M34,09M49,X,X,X,09M34,
3657,,,,,09M50,한국투자글로벌AI혁신산업증권투자신탁1호(사모투자재간접형)(모),09M51,한국투자글로벌AI혁신산업증권투자신탁1호(사모투자재간접형)(A),09M50,09M50,09M51,X,X,X,09M50,한국투자글로벌AI혁신산업증권투자신탁1호(사모투자재간접형)(모)
3658,,,,,09M50,,09M52,한국투자글로벌AI혁신산업증권투자신탁1호(사모투자재간접형)(A-e),09M50,09M50,09M52,X,X,X,09M50,
3659,,,,,09M53,한국투자글로벌AI혁신산업증권투자신탁2호(사모투자재간접형)(모),09M54,한국투자글로벌AI혁신산업증권투자신탁2호(사모투자재간접형)(A),09M53,09M53,09M54,X,X,X,09M53,한국투자글로벌AI혁신산업증권투자신탁2호(사모투자재간접형)(모)
3660,,,,,09M53,,09M55,한국투자글로벌AI혁신산업증권투자신탁2호(사모투자재간접형)(A-e),09M53,09M53,09M55,X,X,X,09M53,
3661,,,,,09N28,한국투자K지수&테마로테이션증권투자신탁(주식-재간접형)(모),09N29,한국투자K지수&테마로테이션증권투자신탁(주식-재간접형)(C-W),09N28,09N28,09N29,X,X,X,09N28,한국투자K지수&테마로테이션증권투자신탁(주식-재간접형)(모)
3662,,,,,09N28,,09N30,한국투자K지수&테마로테이션증권투자신탁(주식-재간접형)(S),09N28,09N28,09N30,X,X,X,09N28,
3663,,,,,09N28,,09N31,한국투자K지수&테마로테이션증권투자신탁(주식-재간접형)(S-P),09N28,09N28,09N31,X,X,X,09N28,
3664,,,,,09N28,,09N32,한국투자K지수&테마로테이션증권투자신탁(주식-재간접형)(S-R),09N28,09N28,09N32,X,X,X,09N28,
3665,,,,,09N28,,09N33,한국투자K지수&테마로테이션증권투자신탁(주식-재간접형)(A),09N28,09N28,09N33,X,X,X,09N28,
3666,,,,,09N28,,09N35,한국투자K지수&테마로테이션증권투자신탁(주식-재간접형)(A-e),09N28,09N28,09N35,X,X,X,09N28,
3667,,,,,09N28,,09N36,한국투자K지수&테마로테이션증권투자신탁(주식-재간접형)(C),09N28,09N28,09N36,X,X,X,09N28,
3668,,,,,09N28,,09N37,한국투자K지수&테마로테이션증권투자신탁(주식-재간접형)(C-e),09N28,09N28,09N37,X,X,X,09N28,
3669,,,,,09N28,,09N39,한국투자K지수&테마로테이션증권투자신탁(주식-재간접형)(C-P),09N28,09N28,09N39,X,X,X,09N28,
3670,,,,,09N28,,09N40,한국투자K지수&테마로테이션증권투자신탁(주식-재간접형)(C-Pe),09N28,09N28,09N40,X,X,X,09N28,
3671,,,,,09N28,,09N41,한국투자K지수&테마로테이션증권투자신탁(주식-재간접형)(C-R),09N28,09N28,09N41,X,X,X,09N28,
3672,,,,,09N28,,09N42,한국투자K지수&테마로테이션증권투자신탁(주식-재간접형)(C-Re),09N28,09N28,09N42,X,X,X,09N28,
3673,,,,,09N45,한국투자한미핵심성장포커스목표전환증권투자신탁2호(채권-재간접형)(모),09N46,한국투자한미핵심성장포커스목표전환증권투자신탁2호(채권-재간접형)(A),09N45,09N45,09N46,X,X,X,09N45,한국투자한미핵심성장포커스목표전환증권투자신탁2호(채권-재간접형)(모)
3674,,,,,09N45,,09N47,한국투자한미핵심성장포커스목표전환증권투자신탁2호(채권-재간접형)(A-e),09N45,09N45,09N47,X,X,X,09N45,
3675,,,,,09N45,,09N48,한국투자한미핵심성장포커스목표전환증권투자신탁2호(채권-재간접형)(C),09N45,09N45,09N48,X,X,X,09N45,
3676,,,,,09N45,,09N49,한국투자한미핵심성장포커스목표전환증권투자신탁2호(채권-재간접형)(C-e),09N45,09N45,09N49,X,X,X,09N45,
3677,,,,,09N45,,09N50,한국투자한미핵심성장포커스목표전환증권투자신탁2호(채권-재간접형)(C-W),09N45,09N45,09N50,X,X,X,09N45,
3678,,,,,09N45,,09N51,한국투자한미핵심성장포커스목표전환증권투자신탁2호(채권-재간접형)(A-G),09N45,09N45,09N51,X,X,X,09N45,
3679,,,,,09N45,,09N52,한국투자한미핵심성장포커스목표전환증권투자신탁2호(채권-재간접형)(C-G),09N45,09N45,09N52,X,X,X,09N45,
3680,,,,,09N45,,09N53,한국투자한미핵심성장포커스목표전환증권투자신탁2호(채권-재간접형)(C-P),09N45,09N45,09N53,X,X,X,09N45,
3681,,,,,09N45,,09N54,한국투자한미핵심성장포커스목표전환증권투자신탁2호(채권-재간접형)(C-Pe),09N45,09N45,09N54,X,X,X,09N45,
3682,,,,,09N45,,09N55,한국투자한미핵심성장포커스목표전환증권투자신탁2호(채권-재간접형)(C-R),09N45,09N45,09N55,X,X,X,09N45,
3683,,,,,09N45,,09N56,한국투자한미핵심성장포커스목표전환증권투자신탁2호(채권-재간접형)(C-Re),09N45,09N45,09N56,X,X,X,09N45,
3684,,,,,09N57,한국투자삼성전자&하이닉스플러스증권투자신탁(주식)(모),09N58,한국투자삼성전자&하이닉스플러스증권투자신탁(주식)(A),09N57,09N57,09N58,X,X,X,09N57,한국투자삼성전자&하이닉스플러스증권투자신탁(주식)(모)
3685,,,,,09N57,,09N59,한국투자삼성전자&하이닉스플러스증권투자신탁(주식)(A-e),09N57,09N57,09N59,X,X,X,09N57,
3686,,,,,09N57,,09N60,한국투자삼성전자&하이닉스플러스증권투자신탁(주식)(A-G),09N57,09N57,09N60,X,X,X,09N57,
3687,,,,,09N57,,09N61,한국투자삼성전자&하이닉스플러스증권투자신탁(주식)(C),09N57,09N57,09N61,X,X,X,09N57,
3688,,,,,09N57,,09N62,한국투자삼성전자&하이닉스플러스증권투자신탁(주식)(C-e),09N57,09N57,09N62,X,X,X,09N57,
3689,,,,,09N57,,09N63,한국투자삼성전자&하이닉스플러스증권투자신탁(주식)(C-F),09N57,09N57,09N63,X,X,X,09N57,
3690,,,,,09N57,,09N64,한국투자삼성전자&하이닉스플러스증권투자신탁(주식)(C-G),09N57,09N57,09N64,X,X,X,09N57,
3691,,,,,09N57,,09N65,한국투자삼성전자&하이닉스플러스증권투자신탁(주식)(C-P),09N57,09N57,09N65,X,X,X,09N57,
3692,,,,,09N57,,09N66,한국투자삼성전자&하이닉스플러스증권투자신탁(주식)(C-Pe),09N57,09N57,09N66,X,X,X,09N57,
3693,,,,,09N57,,09N67,한국투자삼성전자&하이닉스플러스증권투자신탁(주식)(C-R),09N57,09N57,09N67,X,X,X,09N57,
3694,,,,,09N57,,09N68,한국투자삼성전자&하이닉스플러스증권투자신탁(주식)(C-Re),09N57,09N57,09N68,X,X,X,09N57,
3695,,,,,09N57,,09N69,한국투자삼성전자&하이닉스플러스증권투자신탁(주식)(C-W),09N57,09N57,09N69,X,X,X,09N57,
3696,,,,,09N57,,09N70,한국투자삼성전자&하이닉스플러스증권투자신탁(주식)(S),09N57,09N57,09N70,X,X,X,09N57,
3697,,,,,09N57,,09N71,한국투자삼성전자&하이닉스플러스증권투자신탁(주식)(S-P),09N57,09N57,09N71,X,X,X,09N57,
3698,,,,,09N57,,09N72,한국투자삼성전자&하이닉스플러스증권투자신탁(주식)(S-R),09N57,09N57,09N72,X,X,X,09N57,
3699,,,,,09N57,,09N73,한국투자삼성전자&하이닉스플러스증권투자신탁(주식)(A1),09N57,09N57,09N73,X,X,X,09N57,
3700,,,,,09P22,한국투자함께해요K지수와성장테마목표전환증권투자신탁(채권-재간접형)(모),09P23,한국투자함께해요K지수와성장테마목표전환증권투자신탁(채권-재간접형)(A),09P22,09P22,09P23,X,X,X,09P22,한국투자함께해요K지수와성장테마목표전환증권투자신탁(채권-재간접형)(모)
3701,,,,,09P22,,09P24,한국투자함께해요K지수와성장테마목표전환증권투자신탁(채권-재간접형)(A-e),09P22,09P22,09P24,X,X,X,09P22,
3702,,,,,09P22,,09P25,한국투자함께해요K지수와성장테마목표전환증권투자신탁(채권-재간접형)(A-G),09P22,09P22,09P25,X,X,X,09P22,
3703,,,,,09P22,,09P26,한국투자함께해요K지수와성장테마목표전환증권투자신탁(채권-재간접형)(C),09P22,09P22,09P26,X,X,X,09P22,
3704,,,,,09P22,,09P27,한국투자함께해요K지수와성장테마목표전환증권투자신탁(채권-재간접형)(C-e),09P22,09P22,09P27,X,X,X,09P22,
3705,,,,,09P22,,09P28,한국투자함께해요K지수와성장테마목표전환증권투자신탁(채권-재간접형)(C-G),09P22,09P22,09P28,X,X,X,09P22,
3706,,,,,09P22,,09P29,한국투자함께해요K지수와성장테마목표전환증권투자신탁(채권-재간접형)(C-P),09P22,09P22,09P29,X,X,X,09P22,
3707,,,,,09P22,,09P30,한국투자함께해요K지수와성장테마목표전환증권투자신탁(채권-재간접형)(C-Pe),09P22,09P22,09P30,X,X,X,09P22,
3708,,,,,09P22,,09P31,한국투자함께해요K지수와성장테마목표전환증권투자신탁(채권-재간접형)(C-R),09P22,09P22,09P31,X,X,X,09P22,
3709,,,,,09P22,,09P32,한국투자함께해요K지수와성장테마목표전환증권투자신탁(채권-재간접형)(C-Re),09P22,09P22,09P32,X,X,X,09P22,
3710,,,,,09P22,,09P33,한국투자함께해요K지수와성장테마목표전환증권투자신탁(채권-재간접형)(C-W),09P22,09P22,09P33,X,X,X,09P22,
3711,,,,,09P34,한국투자한국핵심성장포커스증권투자신탁1호(사모투자재간접형)(모),09P35,한국투자한국핵심성장포커스증권투자신탁1호(사모투자재간접형)(A),09P34,09P34,09P35,X,X,X,09P34,한국투자한국핵심성장포커스증권투자신탁1호(사모투자재간접형)(모)
3712,,,,,09P34,,09P36,한국투자한국핵심성장포커스증권투자신탁1호(사모투자재간접형)(A-e),09P34,09P34,09P36,X,X,X,09P34,
3713,,,,,09P37,한국투자한국핵심성장포커스증권투자신탁2호(사모투자재간접형)(모),09P38,한국투자한국핵심성장포커스증권투자신탁2호(사모투자재간접형)(A),09P37,09P37,09P38,X,X,X,09P37,한국투자한국핵심성장포커스증권투자신탁2호(사모투자재간접형)(모)
3714,,,,,09P37,,09P39,한국투자한국핵심성장포커스증권투자신탁2호(사모투자재간접형)(A-e),09P37,09P37,09P39,X,X,X,09P37,
3715,,,,,09P83,한국투자레벨업코리아증권투자신탁1호(사모투자재간접형)(모),09P84,한국투자레벨업코리아증권투자신탁1호(사모투자재간접형)(A),09P83,09P83,09P84,X,X,X,09P83,한국투자레벨업코리아증권투자신탁1호(사모투자재간접형)(모)
3716,,,,,09P83,,09P85,한국투자레벨업코리아증권투자신탁1호(사모투자재간접형)(A-e),09P83,09P83,09P85,X,X,X,09P83,
3717,,,,,09P86,한국투자레벨업코리아증권투자신탁2호(사모투자재간접형)(모),09P87,한국투자레벨업코리아증권투자신탁2호(사모투자재간접형)(A),09P86,09P86,09P87,X,X,X,09P86,한국투자레벨업코리아증권투자신탁2호(사모투자재간접형)(모)
3718,,,,,09P86,,09P88,한국투자레벨업코리아증권투자신탁2호(사모투자재간접형)(A-e),09P86,09P86,09P88,X,X,X,09P86,
3719,,,,,0JM30,무배당KB퇴직연금실적배당보험 인덱스플러스혼합형1호(모),0JM13,무배당KB퇴직연금실적배당보험 인덱스플러스혼합형1호(A),0JM30,0JM30,0JM13,X,X,X,0JM30,무배당KB퇴직연금실적배당보험 인덱스플러스혼합형1호(모)
3720,,,,,0JM30,,0JM34,무배당KB퇴직연금실적배당보험 인덱스플러스혼합형1호(B),0JM30,0JM30,0JM34,X,X,X,0JM30,
3721,,,,,0JM46,현대해상 퇴직연금 실적배당형 채권혼합형1(모),0JM11,현대해상 퇴직연금 실적배당형 채권혼합형1(A),0JM46,0JM46,0JM11,X,X,X,0JM46,현대해상 퇴직연금 실적배당형 채권혼합형1(모)
3722,,,,,0JM46,,0JM67,현대해상 퇴직연금 실적배당형 채권혼합형(B),0JM46,0JM46,0JM67,X,X,X,0JM46,
3723,,,,,0JM59,삼성화재퇴직연금그로스혼합형(모),0JM53,삼성화재퇴직연금그로스혼합형(A),0JM59,0JM59,0JM53,X,X,X,0JM59,삼성화재퇴직연금그로스혼합형(모)
3724,,,,,0JM59,,0JM65,삼성화재퇴직연금그로스혼합형(B),0JM59,0JM59,0JM65,X,X,X,0JM59,
3725,,,,,0JM61,무배당KB퇴직연금실적배당보험 채권형(모),0JM62,무배당KB퇴직연금실적배당보험 채권형(A),0JM61,0JM61,0JM62,X,X,X,0JM61,무배당KB퇴직연금실적배당보험 채권형(모)
3726,,,,,0JM61,,0JM63,무배당KB퇴직연금실적배당보험 채권형(B),0JM61,0JM61,0JM63,X,X,X,0JM61,
3727,,,,,0JM71,혼합안정형(퇴직연금)(모),0JM72,혼합안정형(퇴직연금)클래스A,0JM71,0JM71,0JM72,X,X,X,0JM71,혼합안정형(퇴직연금)(모)
3728,,,,,0JM96,삼성화재퇴직연금MMF재간접형(모),0JM97,삼성화재퇴직연금MMF재간접형(C),0JM96,0JM96,0JM97,X,X,X,0JM96,삼성화재퇴직연금MMF재간접형(모)
3729,,,,,0JM96,,0JM98,삼성화재퇴직연금MMF재간접형(A),0JM96,0JM96,0JM98,X,X,X,0JM96,
3730,,,,,1JM16,프로미퇴직연금실적배당채권형2호(모),1JM14,프로미퇴직연금실적배당채권형2호(A),1JM16,1JM16,1JM14,X,X,X,1JM16,프로미퇴직연금실적배당채권형2호(모)
3731,,,,,1JM20,한화퇴직연금실적배당보험플러스혼합형(모),0JM20,한화퇴직연금실적배당보험플러스혼합형(A),1JM20,1JM20,0JM20,X,X,X,1JM20,한화퇴직연금실적배당보험플러스혼합형(모)
3732,,,,,1JM25,무배당KB퇴직연금실적배당보험 성장주식형1호(모),0JM27,무배당KB퇴직연금실적배당보험 성장주식형1호(A),1JM25,1JM25,0JM27,X,X,X,1JM25,무배당KB퇴직연금실적배당보험 성장주식형1호(모)
3733,,,,,1JM25,,1JM46,무배당KB퇴직연금실적배당보험 성장주식형1호(B),1JM25,1JM25,1JM46,X,X,X,1JM25,
3734,,,,,1JM83,퇴직연금실적배당형주식형1호(모),1JM85,퇴직연금실적배당형주식형1호(A),1JM83,1JM83,1JM85,X,X,X,1JM83,퇴직연금실적배당형주식형1호(모)
3735,,,,,1JM83,,2JM00,퇴직연금실적배당형주식형1호(B),1JM83,1JM83,2JM00,X,X,X,1JM83,
3736,,,,,2JM03,무배당KB퇴직연금실적배당보험 배당주안정형1호(모),2JM04,무배당KB퇴직연금실적배당보험 배당주안정형1호(A),2JM03,2JM03,2JM04,X,X,X,2JM03,무배당KB퇴직연금실적배당보험 배당주안정형1호(모)
3737,,,,,2JM03,,2JM05,무배당KB퇴직연금실적배당보험 배당주안정형1호(B),2JM03,2JM03,2JM05,X,X,X,2JM03,
3738,,,,,3JM29,한화손보투자적격채권투자일임(모),3JM30,한화손보투자적격채권투자일임(A),3JM29,3JM29,3JM30,X,X,X,3JM29,한화손보투자적격채권투자일임(모)
3739,,,,,3JM29,,3JM31,한화손보투자적격채권투자일임(B),3JM29,3JM29,3JM31,X,X,X,3JM29,
3740,,,,,97131,한국투자하우징일반사모부동산투자신탁1호(모),97132,한국투자하우징일반사모부동산투자신탁1호(C-R),97131,97131,97132,X,X,X,97131,한국투자하우징일반사모부동산투자신탁1호(모)
3741,,,,,97131,,97133,한국투자하우징일반사모부동산투자신탁1호(C),97131,97131,97133,X,X,X,97131,
